player_id,date,resting_hr,hrv,sleep_hours,sleep_quality,soreness,fatigue,stress,energy_level,hydration_status,weight,body_fat_pct,blood_pressure_sys,blood_pressure_dia,oxygen_saturation,body_temperature
P001,2026-04-10,50.73,78.76,8.01,8.43,3.35,3.62,2.69,8.26,8.35,62.66,10.69,111.6,68.89,97.87,36.67
P001,2026-04-11,49.69,80.63,8.13,8.42,3.63,3.64,2.73,8.25,8.59,62.67,10.7,111.68,68.93,98.05,36.67
P001,2026-04-12,49.92,80.21,8.1,8.4,3.59,3.64,2.77,8.24,8.55,62.69,10.72,111.77,68.97,98.02,36.67
P001,2026-04-13,51.3,77.77,7.93,8.36,3.26,3.62,2.81,8.26,8.25,62.7,10.73,111.84,69.01,97.79,36.66
P001,2026-04-14,52.8,75.11,7.75,8.31,2.9,3.58,2.84,8.28,7.92,62.71,10.74,111.91,69.04,97.55,36.65
P001,2026-04-15,53.33,74.17,7.68,8.25,2.78,3.53,2.87,8.32,7.8,62.72,10.74,111.98,69.07,97.46,36.63
P001,2026-04-16,52.91,74.98,7.71,8.07,3.06,3.56,3.04,8.29,7.96,62.74,10.75,112.14,69.15,97.59,36.62
P001,2026-04-17,51.78,77.04,7.83,7.88,3.51,3.57,3.2,8.26,8.27,62.74,10.76,112.29,69.22,97.84,36.6
P001,2026-04-18,51.11,78.29,7.89,7.69,3.85,3.58,3.36,8.24,8.48,62.75,10.77,112.44,69.3,98.01,36.57
P001,2026-04-19,51.72,77.25,7.79,7.49,3.86,3.59,3.51,8.23,8.41,62.76,10.77,112.57,69.36,97.96,36.55
P001,2026-04-20,53.47,74.2,7.56,7.3,3.59,3.59,3.66,8.21,8.08,62.76,10.77,112.71,69.43,97.73,36.53
P001,2026-04-21,55.34,70.93,7.31,7.11,3.28,3.59,3.81,8.19,7.72,62.77,10.78,112.83,69.49,97.47,36.51
P001,2026-04-22,56.24,69.38,7.18,6.93,3.22,3.6,3.95,8.17,7.58,62.77,10.78,112.95,69.55,97.38,36.49
P001,2026-04-23,54.99,71.55,7.35,6.96,3.37,3.43,3.81,8.32,7.8,62.77,10.78,112.85,69.5,97.53,36.47
P001,2026-04-24,53.03,74.99,7.61,7.01,3.7,3.28,3.67,8.45,8.17,62.77,10.78,112.74,69.44,97.8,36.45
P001,2026-04-25,51.53,77.6,7.81,7.07,3.91,3.13,3.53,8.57,8.45,62.77,10.78,112.62,69.39,98.0,36.44
P001,2026-04-26,51.31,77.94,7.86,7.15,3.8,3.0,3.39,8.68,8.43,62.76,10.78,112.5,69.33,97.97,36.43
P001,2026-04-27,52.22,76.27,7.77,7.25,3.41,2.89,3.24,8.78,8.17,62.76,10.77,112.37,69.26,97.76,36.43
P001,2026-04-28,53.26,74.36,7.66,7.36,2.98,2.8,3.08,8.87,7.88,62.75,10.77,112.23,69.19,97.53,36.43
P001,2026-04-29,53.33,74.18,7.67,7.49,2.79,2.72,2.93,8.94,7.8,62.75,10.76,112.09,69.12,97.46,36.44
P001,2026-04-30,52.44,75.75,7.78,7.54,3.0,2.76,2.9,8.92,7.99,62.74,10.75,112.04,69.1,97.6,36.45
P001,2026-05-01,50.85,78.57,7.98,7.6,3.39,2.81,2.88,8.88,8.34,62.73,10.75,111.98,69.07,97.86,36.46
P001,2026-05-02,49.72,80.58,8.12,7.67,3.65,2.87,2.85,8.84,8.58,62.71,10.74,111.92,69.04,98.05,36.48
P001,2026-05-03,49.87,80.3,8.1,7.76,3.6,2.94,2.81,8.78,8.54,62.7,10.73,111.85,69.01,98.02,36.5
P001,2026-05-04,51.16,78.01,7.95,7.85,3.26,3.02,2.78,8.72,8.25,62.69,10.72,111.78,68.98,97.79,36.52
P001,2026-05-05,52.57,75.49,7.77,7.95,2.89,3.1,2.74,8.66,7.93,62.67,10.7,111.69,68.94,97.55,36.54
P001,2026-05-06,53.02,74.7,7.72,8.05,2.75,3.19,2.7,8.6,7.82,62.66,10.69,111.61,68.9,97.47,36.56
P001,2026-05-07,52.11,76.3,7.84,8.14,2.96,3.27,2.65,8.54,8.01,62.64,10.68,111.52,68.85,97.61,36.59
P001,2026-05-08,50.49,79.17,8.04,8.24,3.34,3.34,2.61,8.49,8.36,62.62,10.67,111.42,68.81,97.87,36.61
P001,2026-05-09,49.34,81.21,8.18,8.33,3.6,3.41,2.56,8.44,8.61,62.61,10.65,111.32,68.76,98.06,36.63
P001,2026-05-10,49.47,80.97,8.17,8.4,3.54,3.46,2.51,8.4,8.57,62.59,10.64,111.21,68.71,98.03,36.64
P001,2026-05-11,50.74,78.71,8.01,8.47,3.2,3.5,2.46,8.37,8.28,62.57,10.62,111.11,68.66,97.81,36.66
P001,2026-05-12,52.14,76.22,7.85,8.52,2.83,3.52,2.4,8.36,7.96,62.55,10.61,111.0,68.61,97.56,36.66
P001,2026-05-13,52.56,75.45,7.8,8.55,2.69,3.53,2.35,8.36,7.85,62.53,10.59,110.88,68.55,97.48,36.67
P001,2026-05-14,51.64,77.08,7.91,8.57,2.89,3.51,2.29,8.37,8.05,62.51,10.57,110.77,68.5,97.63,36.67
P001,2026-05-15,50.02,79.96,8.11,8.57,3.27,3.48,2.24,8.4,8.4,62.48,10.56,110.65,68.44,97.89,36.67
P001,2026-05-16,48.85,82.02,8.26,8.56,3.54,3.43,2.18,8.44,8.64,62.46,10.54,110.53,68.39,98.07,36.66
P001,2026-05-17,48.98,81.79,8.25,8.53,3.48,3.36,2.12,8.5,8.61,62.44,10.52,110.42,68.33,98.04,36.64
P001,2026-05-18,50.24,79.54,8.1,8.49,3.13,3.28,2.07,8.56,8.31,62.42,10.51,110.3,68.28,97.82,36.63
P001,2026-05-19,51.63,77.05,7.93,8.44,2.76,3.18,2.01,8.63,7.99,62.4,10.49,110.18,68.22,97.58,36.61
P001,2026-05-20,52.06,76.29,7.88,8.38,2.62,3.08,1.96,8.71,7.89,62.38,10.47,110.07,68.17,97.5,36.59
P001,2026-05-21,51.14,77.91,8.0,8.31,2.83,2.97,1.9,8.8,8.08,62.36,10.46,109.95,68.12,97.64,36.57
P001,2026-05-22,49.52,80.79,8.2,8.24,3.2,2.86,1.85,8.89,8.43,62.34,10.44,109.84,68.06,97.9,36.54
P001,2026-05-23,48.36,82.84,8.34,8.17,3.47,2.75,1.8,8.97,8.68,62.32,10.43,109.73,68.01,98.08,36.52
P001,2026-05-24,48.49,82.6,8.33,8.11,3.41,2.65,1.74,9.05,8.64,62.3,10.41,109.63,67.96,98.05,36.5
P001,2026-05-25,49.76,80.33,8.17,8.05,3.07,2.55,1.7,9.13,8.35,62.28,10.4,109.53,67.91,97.83,36.48
P001,2026-05-26,51.16,77.83,8.01,8.0,2.69,2.47,1.65,9.2,8.03,62.26,10.38,109.43,67.87,97.59,36.46
P001,2026-05-27,51.6,77.04,7.95,7.96,2.56,2.39,1.6,9.25,7.92,62.25,10.37,109.33,67.82,97.51,36.45
P001,2026-05-28,50.7,78.64,8.07,7.93,2.77,2.34,1.56,9.3,8.11,62.23,10.36,109.25,67.78,97.65,36.44
P001,2026-05-29,49.49,80.83,8.2,7.82,3.21,2.4,1.66,9.24,8.43,62.21,10.35,109.27,67.8,97.9,36.43
P001,2026-05-30,48.75,82.19,8.27,7.72,3.53,2.47,1.76,9.17,8.65,62.2,10.34,109.29,67.81,98.07,36.43
P001,2026-05-31,49.3,81.26,8.19,7.64,3.53,2.57,1.86,9.09,8.58,62.19,10.33,109.33,67.83,98.03,36.43
P001,2026-06-01,51.0,78.3,7.96,7.57,3.25,2.68,1.97,8.99,8.25,62.18,10.32,109.37,67.85,97.8,36.44
P001,2026-06-02,52.83,75.09,7.72,7.52,2.94,2.82,2.08,8.88,7.9,62.17,10.31,109.41,67.88,97.54,36.45
P001,2026-06-03,53.69,73.61,7.6,7.48,2.87,2.97,2.19,8.75,7.76,62.16,10.3,109.47,67.9,97.45,36.47
P001,2026-06-04,53.21,74.51,7.64,7.45,3.14,3.13,2.3,8.62,7.92,62.15,10.29,109.53,67.94,97.58,36.48
P001,2026-06-05,51.23,77.97,7.9,7.63,3.47,3.11,2.15,8.64,8.3,62.14,10.29,109.39,67.87,97.85,36.5
P001,2026-06-06,49.72,80.6,8.1,7.83,3.68,3.11,2.0,8.66,8.57,62.14,10.29,109.25,67.8,98.04,36.53
P001,2026-06-07,49.5,80.94,8.15,8.02,3.57,3.11,1.85,8.68,8.56,62.13,10.28,109.13,67.74,98.02,36.55
P001,2026-06-08,50.42,79.25,8.06,8.21,3.17,3.11,1.71,8.69,8.29,62.13,10.28,109.01,67.68,97.81,36.57
P001,2026-06-09,51.48,77.32,7.95,8.4,2.75,3.1,1.57,8.71,8.0,62.13,10.28,108.9,67.63,97.58,36.59
P001,2026-06-10,51.57,77.1,7.95,8.58,2.57,3.09,1.43,8.73,7.92,62.13,10.28,108.8,67.58,97.51,36.61
P001,2026-06-11,50.32,79.27,8.13,8.75,2.72,3.08,1.3,8.75,8.14,62.13,10.28,108.71,67.53,97.66,36.63
P001,2026-06-12,48.77,82.03,8.31,8.8,3.11,3.14,1.31,8.7,8.48,62.14,10.28,108.73,67.54,97.92,36.65
P001,2026-06-13,47.69,83.95,8.45,8.84,3.38,3.19,1.32,8.66,8.72,62.14,10.29,108.75,67.55,98.1,36.66
P001,2026-06-14,47.9,83.58,8.42,8.87,3.34,3.23,1.34,8.64,8.68,62.15,10.29,108.79,67.57,98.07,36.67
P001,2026-06-15,49.25,81.17,8.25,8.87,3.01,3.25,1.36,8.62,8.38,62.15,10.3,108.83,67.58,97.84,36.67
P001,2026-06-16,50.75,78.53,8.07,8.86,2.65,3.25,1.38,8.62,8.05,62.16,10.31,108.87,67.61,97.6,36.67
P001,2026-06-17,51.27,77.6,8.0,8.83,2.53,3.24,1.41,8.63,7.94,62.17,10.31,108.93,67.63,97.52,36.66
P001,2026-06-18,50.45,79.06,8.1,8.79,2.74,3.2,1.44,8.65,8.12,62.18,10.32,108.99,67.66,97.66,36.65
P001,2026-06-19,48.93,81.77,8.28,8.73,3.14,3.16,1.47,8.69,8.47,62.2,10.33,109.06,67.69,97.91,36.64
P001,2026-06-20,47.88,83.64,8.41,8.65,3.42,3.1,1.51,8.73,8.71,62.21,10.34,109.13,67.73,98.09,36.62
P001,2026-06-21,48.12,83.23,8.38,8.57,3.37,3.03,1.55,8.79,8.66,62.22,10.35,109.22,67.77,98.06,36.6
P001,2026-06-22,49.5,80.78,8.21,8.48,3.05,2.95,1.59,8.84,8.36,62.24,10.37,109.3,67.81,97.84,36.58
P001,2026-06-23,51.01,78.09,8.02,8.38,2.69,2.87,1.63,8.91,8.03,62.26,10.38,109.39,67.85,97.59,36.56
P001,2026-06-24,51.56,77.13,7.95,8.28,2.57,2.78,1.68,8.97,7.91,62.27,10.39,109.49,67.9,97.51,36.54
P001,2026-06-25,50.76,78.55,8.04,8.18,2.79,2.7,1.73,9.03,8.1,62.29,10.41,109.59,67.94,97.65,36.51
P001,2026-06-26,49.26,81.22,8.22,8.08,3.19,2.63,1.78,9.08,8.44,62.31,10.42,109.69,67.99,97.9,36.49
P001,2026-06-27,48.23,83.07,8.35,8.0,3.47,2.56,1.83,9.13,8.68,62.33,10.44,109.8,68.04,98.08,36.47
P001,2026-06-28,48.49,82.62,8.31,7.92,3.43,2.51,1.88,9.17,8.63,62.35,10.45,109.91,68.1,98.05,36.46
P001,2026-06-29,49.88,80.15,8.14,7.86,3.11,2.47,1.94,9.19,8.33,62.37,10.47,110.02,68.15,97.82,36.44
P001,2026-06-30,51.41,77.44,7.95,7.81,2.75,2.45,1.99,9.21,8.0,62.39,10.48,110.14,68.2,97.58,36.44
P001,2026-07-01,51.97,76.46,7.88,7.77,2.64,2.45,2.05,9.21,7.88,62.41,10.5,110.25,68.26,97.49,36.43
P001,2026-07-02,51.18,77.86,7.97,7.75,2.86,2.46,2.1,9.2,8.06,62.43,10.52,110.37,68.31,97.63,36.43
P001,2026-07-03,49.69,80.52,8.15,7.75,3.26,2.49,2.16,9.17,8.4,62.46,10.53,110.49,68.37,97.89,36.43
P001,2026-07-04,48.66,82.36,8.27,7.76,3.54,2.55,2.22,9.13,8.64,62.48,10.55,110.61,68.42,98.07,36.44
P001,2026-07-05,48.92,81.91,8.23,7.79,3.5,2.61,2.27,9.08,8.59,62.5,10.57,110.72,68.48,98.03,36.46
P001,2026-07-06,50.32,79.43,8.06,7.84,3.18,2.69,2.33,9.01,8.29,62.52,10.58,110.84,68.53,97.81,36.47
P001,2026-07-07,51.85,76.72,7.87,7.89,2.82,2.79,2.38,8.94,7.96,62.54,10.6,110.95,68.59,97.56,36.49
P001,2026-07-08,52.4,75.74,7.8,7.95,2.71,2.89,2.44,8.86,7.84,62.56,10.62,111.07,68.64,97.48,36.51
P001,2026-07-09,51.61,77.16,7.89,8.02,2.93,3.0,2.49,8.78,8.03,62.58,10.63,111.17,68.69,97.62,36.53
P001,2026-07-10,50.11,79.83,8.07,8.09,3.33,3.11,2.54,8.69,8.37,62.6,10.65,111.28,68.74,97.88,36.56
P001,2026-07-11,49.48,81.02,8.13,8.06,3.67,3.31,2.73,8.52,8.58,62.62,10.66,111.49,68.84,98.04,36.58
P001,2026-07-12,50.13,79.92,8.03,8.02,3.68,3.51,2.91,8.36,8.5,62.64,10.67,111.69,68.94,98.0,36.6
P001,2026-07-13,51.91,76.81,7.79,7.98,3.42,3.7,3.09,8.2,8.17,62.65,10.69,111.89,69.04,97.76,36.62
P001,2026-07-14,53.83,73.47,7.53,7.93,3.12,3.88,3.27,8.05,7.81,62.67,10.7,112.08,69.13,97.5,36.64
P001,2026-07-15,54.77,71.86,7.39,7.86,3.06,4.04,3.45,7.91,7.66,62.68,10.71,112.26,69.22,97.41,36.65
P001,2026-07-16,54.36,72.64,7.42,7.79,3.34,4.19,3.62,7.78,7.82,62.7,10.72,112.45,69.31,97.54,36.66
P001,2026-07-17,53.24,74.68,7.54,7.7,3.79,4.32,3.79,7.67,8.13,62.71,10.73,112.62,69.39,97.78,36.67
P001,2026-07-18,51.78,77.23,7.73,7.8,4.01,4.24,3.69,7.74,8.4,62.72,10.74,112.58,69.37,97.98,36.67
P001,2026-07-19,51.61,77.49,7.77,7.88,3.91,4.14,3.58,7.83,8.38,62.73,10.75,112.54,69.35,97.95,36.67
P001,2026-07-20,52.57,75.74,7.67,7.95,3.52,4.03,3.47,7.93,8.11,62.74,10.76,112.49,69.32,97.74,36.66
P001,2026-07-21,53.65,73.76,7.56,8.01,3.1,3.89,3.35,8.04,7.82,62.75,10.76,112.43,69.29,97.51,36.65
P001,2026-07-22,53.77,73.51,7.56,8.05,2.92,3.74,3.23,8.17,7.73,62.76,10.77,112.36,69.26,97.44,36.63
P001,2026-07-23,52.53,75.66,7.73,8.09,3.07,3.58,3.11,8.31,7.95,62.76,10.77,112.28,69.22,97.59,36.62
P001,2026-07-24,50.58,79.07,7.99,8.11,3.41,3.4,2.98,8.46,8.33,62.77,10.78,112.2,69.18,97.86,36.6
P001,2026-07-25,49.5,81.0,8.12,8.03,3.68,3.31,2.99,8.52,8.57,62.77,10.78,112.22,69.18,98.04,36.57
P001,2026-07-26,49.69,80.65,8.09,7.94,3.63,3.22,2.99,8.6,8.53,62.77,10.78,112.22,69.19,98.01,36.55
P001,2026-07-27,51.41,77.65,7.87,7.75,3.35,3.22,3.13,8.59,8.2,62.77,10.78,112.32,69.24,97.78,36.53
P001,2026-07-28,53.26,74.41,7.62,7.57,3.04,3.21,3.25,8.57,7.84,62.77,10.78,112.42,69.28,97.52,36.51
P001,2026-07-29,54.13,72.91,7.5,7.39,2.98,3.22,3.38,8.56,7.7,62.76,10.78,112.5,69.33,97.43,36.49
P001,2026-07-30,52.09,76.38,7.8,7.63,3.01,2.86,2.97,8.87,7.98,62.76,10.77,112.17,69.16,97.6,36.47
P001,2026-07-31,52.47,75.97,7.66,7.08,3.69,3.25,3.62,8.51,8.18,62.75,10.77,112.64,69.4,97.8,36.45
P001,2026-08-01,51.74,77.31,7.73,6.94,4.01,3.29,3.73,8.47,8.39,62.75,10.76,112.71,69.43,97.98,36.44
P001,2026-08-02,52.29,76.37,7.65,6.82,4.02,3.35,3.84,8.41,8.32,62.74,10.76,112.76,69.46,97.93,36.43
P001,2026-08-03,50.86,78.57,7.96,7.52,3.28,2.68,2.88,9.01,8.24,62.73,10.75,112.0,69.08,97.79,36.43
P001,2026-08-04,55.8,70.23,7.18,6.62,3.42,3.51,4.06,8.27,7.65,62.72,10.74,112.85,69.51,97.44,36.43
P001,2026-08-05,56.64,68.77,7.06,6.55,3.35,3.61,4.16,8.18,7.51,62.71,10.73,112.88,69.53,97.35,36.44
P001,2026-08-06,51.84,76.8,7.84,7.61,2.98,2.72,2.79,8.99,8.0,62.69,10.72,111.79,68.98,97.61,36.45
P001,2026-08-07,50.23,79.65,8.04,7.68,3.36,2.77,2.75,8.95,8.35,62.68,10.71,111.71,68.95,97.87,36.46
P001,2026-08-08,49.09,81.68,8.18,7.75,3.63,2.83,2.71,8.91,8.6,62.66,10.7,111.63,68.91,98.05,36.48
P001,2026-08-09,49.23,81.42,8.17,7.84,3.57,2.9,2.66,8.86,8.56,62.65,10.68,111.54,68.86,98.02,36.5
P001,2026-08-10,50.5,79.15,8.01,7.93,3.23,2.97,2.62,8.8,8.26,62.63,10.67,111.44,68.82,97.8,36.52
P001,2026-08-11,51.91,76.65,7.85,8.04,2.86,3.05,2.57,8.74,7.94,62.61,10.66,111.34,68.77,97.56,36.54
P001,2026-08-12,52.34,75.87,7.8,8.14,2.72,3.13,2.52,8.68,7.84,62.59,10.64,111.24,68.72,97.48,36.56
P001,2026-08-13,51.42,77.49,7.91,8.24,2.93,3.21,2.47,8.63,8.03,62.57,10.63,111.13,68.67,97.62,36.59
P001,2026-08-14,49.8,80.37,8.11,8.33,3.3,3.29,2.42,8.57,8.38,62.55,10.61,111.02,68.62,97.88,36.61
P001,2026-08-15,48.64,82.42,8.26,8.42,3.57,3.35,2.36,8.53,8.63,62.53,10.59,110.91,68.57,98.06,36.63
P001,2026-08-16,48.77,82.19,8.24,8.5,3.51,3.4,2.31,8.49,8.59,62.51,10.58,110.8,68.51,98.03,36.64
P001,2026-08-17,50.03,79.94,8.09,8.57,3.17,3.44,2.25,8.46,8.3,62.49,10.56,110.68,68.46,97.81,36.66
P001,2026-08-18,51.42,77.45,7.92,8.62,2.79,3.46,2.19,8.45,7.98,62.47,10.54,110.56,68.4,97.57,36.66
P001,2026-08-19,51.85,76.69,7.88,8.66,2.65,3.47,2.14,8.45,7.87,62.45,10.53,110.44,68.35,97.49,36.67
P001,2026-08-20,50.92,78.32,7.99,8.67,2.86,3.45,2.08,8.46,8.07,62.43,10.51,110.33,68.29,97.63,36.67
P001,2026-08-21,49.3,81.2,8.19,8.68,3.24,3.42,2.03,8.49,8.42,62.4,10.49,110.21,68.24,97.89,36.67
P001,2026-08-22,48.14,83.26,8.34,8.66,3.5,3.37,1.97,8.53,8.66,62.38,10.48,110.09,68.18,98.08,36.66
P001,2026-08-23,48.66,82.36,8.26,8.53,3.5,3.4,2.05,8.5,8.59,62.36,10.46,110.08,68.18,98.04,36.64
P001,2026-08-24,50.33,79.45,8.04,8.39,3.21,3.41,2.13,8.48,8.27,62.34,10.45,110.08,68.18,97.8,36.63
P001,2026-08-25,52.13,76.29,7.8,8.23,2.9,3.41,2.22,8.47,7.92,62.32,10.43,110.07,68.18,97.55,36.61
P001,2026-08-26,52.96,74.86,7.68,8.06,2.82,3.4,2.3,8.46,7.78,62.3,10.42,110.07,68.18,97.46,36.59
P001,2026-08-27,52.44,75.82,7.73,7.89,3.09,3.39,2.39,8.46,7.95,62.28,10.4,110.07,68.19,97.59,36.57
P001,2026-08-28,51.23,78.02,7.86,7.72,3.52,3.38,2.48,8.46,8.27,62.27,10.39,110.07,68.19,97.84,36.54
P001,2026-08-29,50.48,79.4,7.94,7.54,3.85,3.36,2.57,8.46,8.48,62.25,10.37,110.08,68.2,98.01,36.52
P001,2026-08-30,50.22,79.8,7.99,7.58,3.73,3.17,2.39,8.63,8.47,62.23,10.36,109.89,68.1,97.99,36.5
P001,2026-08-31,51.1,78.18,7.9,7.62,3.33,2.98,2.22,8.79,8.21,62.22,10.35,109.7,68.01,97.78,36.48
P001,2026-09-01,52.12,76.31,7.8,7.67,2.9,2.8,2.04,8.94,7.92,62.2,10.34,109.52,67.92,97.55,36.46
P001,2026-09-02,52.16,76.17,7.82,7.73,2.71,2.64,1.87,9.07,7.84,62.19,10.33,109.34,67.84,97.48,36.45
P001,2026-09-03,50.87,78.41,7.99,7.81,2.86,2.49,1.7,9.2,8.06,62.18,10.32,109.17,67.75,97.63,36.44
P001,2026-09-04,48.88,81.9,8.26,7.9,3.18,2.36,1.54,9.31,8.44,62.17,10.31,109.01,67.67,97.9,36.43
P001,2026-09-05,47.35,84.55,8.47,8.0,3.39,2.25,1.37,9.41,8.72,62.16,10.3,108.86,67.6,98.1,36.43
P001,2026-09-06,47.52,84.26,8.45,8.02,3.34,2.26,1.35,9.41,8.68,62.15,10.3,108.81,67.58,98.07,36.43
P001,2026-09-07,48.82,81.93,8.29,8.05,3.0,2.28,1.33,9.39,8.38,62.14,10.29,108.77,67.56,97.85,36.44
P001,2026-09-08,50.27,79.36,8.11,8.1,2.63,2.32,1.32,9.36,8.06,62.14,10.29,108.74,67.54,97.6,36.45
P001,2026-09-09,50.75,78.51,8.05,8.16,2.51,2.38,1.31,9.32,7.95,62.13,10.28,108.72,67.53,97.52,36.47
P001,2026-09-10,49.89,80.04,8.16,8.23,2.72,2.45,1.3,9.26,8.14,62.13,10.28,108.7,67.53,97.66,36.48
P001,2026-09-11,48.32,82.82,8.35,8.3,3.11,2.54,1.3,9.2,8.48,62.13,10.28,108.7,67.52,97.92,36.5
P001,2026-09-12,47.23,84.76,8.48,8.39,3.38,2.63,1.3,9.13,8.72,62.13,10.28,108.7,67.52,98.1,36.53
P001,2026-09-13,47.42,84.41,8.46,8.47,3.33,2.73,1.3,9.06,8.68,62.13,10.28,108.71,67.53,98.07,36.55
P001,2026-09-14,48.76,82.04,8.3,8.56,3.0,2.82,1.31,8.98,8.38,62.13,10.28,108.72,67.54,97.85,36.57
P001,2026-09-15,50.24,79.41,8.11,8.64,2.63,2.92,1.32,8.91,8.06,62.14,10.29,108.75,67.55,97.6,36.59
P001,2026-09-16,50.75,78.51,8.05,8.71,2.51,3.01,1.34,8.84,7.95,62.14,10.29,108.78,67.56,97.52,36.61
P001,2026-09-17,49.92,79.99,8.15,8.77,2.73,3.09,1.35,8.78,8.13,62.15,10.3,108.82,67.58,97.66,36.63
P001,2026-09-18,48.38,82.72,8.34,8.82,3.12,3.16,1.38,8.73,8.48,62.16,10.3,108.86,67.6,97.92,36.65
P001,2026-09-19,47.32,84.61,8.47,8.86,3.4,3.22,1.4,8.68,8.72,62.17,10.31,108.92,67.63,98.1,36.66
P001,2026-09-20,47.55,84.22,8.44,8.88,3.35,3.26,1.43,8.65,8.67,62.18,10.32,108.98,67.66,98.06,36.67
P001,2026-09-21,48.91,81.79,8.27,8.88,3.03,3.28,1.46,8.63,8.37,62.19,10.33,109.04,67.69,97.84,36.67
P001,2026-09-22,50.42,79.12,8.08,8.87,2.67,3.28,1.5,8.63,8.04,62.21,10.34,109.12,67.72,97.6,36.67
P001,2026-09-23,50.96,78.17,8.01,8.83,2.55,3.27,1.54,8.64,7.93,62.22,10.35,109.19,67.76,97.51,36.66
P001,2026-09-24,50.15,79.61,8.11,8.79,2.77,3.24,1.58,8.66,8.11,62.24,10.36,109.28,67.8,97.65,36.65
P001,2026-09-25,48.64,82.29,8.29,8.72,3.16,3.2,1.62,8.69,8.45,62.25,10.38,109.37,67.84,97.91,36.64
P001,2026-09-26,47.6,84.15,8.41,8.65,3.44,3.14,1.67,8.73,8.69,62.27,10.39,109.46,67.89,98.09,36.62
P001,2026-09-27,47.85,83.71,8.38,8.56,3.4,3.07,1.71,8.78,8.64,62.29,10.4,109.56,67.93,98.05,36.6
P001,2026-09-28,49.24,81.25,8.21,8.46,3.08,3.0,1.76,8.84,8.34,62.31,10.42,109.67,67.98,97.83,36.58
P001,2026-09-29,50.77,78.55,8.02,8.36,2.72,2.92,1.82,8.9,8.01,62.33,10.43,109.77,68.03,97.58,36.56
P001,2026-09-30,51.32,77.57,7.95,8.26,2.61,2.84,1.87,8.96,7.9,62.35,10.45,109.88,68.08,97.5,36.54
P001,2026-10-01,50.53,78.98,8.04,8.16,2.83,2.76,1.92,9.01,8.08,62.37,10.46,110.0,68.14,97.64,36.51
P001,2026-10-02,49.04,81.65,8.22,8.06,3.23,2.69,1.98,9.07,8.42,62.39,10.48,110.11,68.19,97.9,36.49
P001,2026-10-03,48.01,83.48,8.34,7.97,3.51,2.62,2.03,9.11,8.66,62.41,10.5,110.23,68.24,98.08,36.47
P001,2026-10-04,48.27,83.03,8.31,7.89,3.47,2.57,2.09,9.15,8.61,62.43,10.51,110.34,68.3,98.04,36.46
P001,2026-10-05,50.07,79.9,8.06,7.73,3.21,2.63,2.28,9.09,8.28,62.45,10.53,110.56,68.41,97.81,36.44
P001,2026-10-06,52.0,76.52,7.8,7.57,2.91,2.7,2.48,9.02,7.91,62.47,10.55,110.79,68.51,97.55,36.44
P002,2026-04-10,53.74,74.24,7.63,7.47,4.78,4.63,3.73,7.96,8.28,64.22,11.11,113.12,69.76,97.89,36.59
P002,2026-04-11,53.5,74.71,7.64,7.28,5.0,4.63,3.87,7.95,8.39,64.22,11.11,113.24,69.82,97.98,36.57
P002,2026-04-12,54.62,72.78,7.49,7.09,4.88,4.63,4.02,7.93,8.2,64.22,11.11,113.35,69.87,97.85,36.54
P002,2026-04-13,56.54,69.41,7.23,6.9,4.56,4.63,4.15,7.92,7.83,64.22,11.11,113.45,69.93,97.58,36.52
P002,2026-04-14,57.33,67.96,7.15,6.92,4.2,4.45,4.01,8.08,7.6,64.22,11.11,113.34,69.87,97.4,36.5
P002,2026-04-15,56.87,68.72,7.23,6.96,4.15,4.27,3.87,8.23,7.64,64.22,11.11,113.22,69.81,97.41,36.48
P002,2026-04-16,55.21,71.63,7.45,7.0,4.4,4.1,3.72,8.37,7.94,64.21,11.1,113.1,69.75,97.63,36.46
P002,2026-04-17,53.27,75.01,7.71,7.05,4.72,3.94,3.57,8.5,8.31,64.21,11.1,112.96,69.68,97.9,36.45
P002,2026-04-18,52.2,76.86,7.86,7.12,4.82,3.8,3.41,8.63,8.49,64.2,11.09,112.82,69.61,98.02,36.44
P002,2026-04-19,52.48,76.3,7.85,7.21,4.58,3.67,3.26,8.74,8.36,64.19,11.09,112.67,69.54,97.91,36.43
P002,2026-04-20,53.58,74.3,7.73,7.32,4.13,3.56,3.09,8.84,8.05,64.18,11.08,112.52,69.46,97.67,36.43
P002,2026-04-21,54.73,72.24,7.59,7.34,3.83,3.56,3.07,8.84,7.79,64.17,11.07,112.46,69.44,97.47,36.43
P002,2026-04-22,54.65,72.39,7.61,7.37,3.83,3.58,3.03,8.82,7.8,64.16,11.06,112.39,69.4,97.48,36.44
P002,2026-04-23,53.35,74.68,7.77,7.42,4.14,3.62,3.0,8.8,8.08,64.15,11.05,112.32,69.37,97.69,36.45
P002,2026-04-24,51.79,77.46,7.96,7.49,4.51,3.67,2.96,8.76,8.42,64.13,11.04,112.24,69.33,97.94,36.46
P002,2026-04-25,51.09,78.68,8.05,7.57,4.66,3.73,2.92,8.72,8.57,64.12,11.03,112.16,69.29,98.05,36.48
P002,2026-04-26,51.75,77.51,7.97,7.66,4.47,3.8,2.88,8.66,8.41,64.1,11.02,112.07,69.25,97.93,36.5
P002,2026-04-27,53.22,74.89,7.79,7.76,4.08,3.88,2.83,8.61,8.08,64.08,11.0,111.97,69.21,97.68,36.52
P002,2026-04-28,54.36,72.87,7.65,7.86,3.78,3.96,2.79,8.55,7.82,64.06,10.99,111.87,69.16,97.48,36.55
P002,2026-04-29,54.25,73.05,7.67,7.96,3.78,4.04,2.74,8.49,7.83,64.05,10.97,111.77,69.11,97.49,36.57
P002,2026-04-30,52.93,75.38,7.83,8.06,4.08,4.12,2.68,8.43,8.11,64.03,10.96,111.66,69.06,97.7,36.59
P002,2026-05-01,51.35,78.18,8.03,8.15,4.45,4.19,2.63,8.38,8.45,64.01,10.94,111.55,69.01,97.95,36.61
P002,2026-05-02,50.64,79.43,8.12,8.24,4.6,4.25,2.58,8.34,8.6,63.99,10.93,111.44,68.96,98.06,36.63
P002,2026-05-03,51.29,78.28,8.04,8.31,4.41,4.3,2.52,8.3,8.45,63.97,10.91,111.33,68.9,97.94,36.65
P002,2026-05-04,52.74,75.68,7.87,8.38,4.02,4.33,2.47,8.28,8.11,63.95,10.9,111.21,68.85,97.69,36.66
P002,2026-05-05,53.87,73.68,7.73,8.42,3.71,4.35,2.41,8.27,7.85,63.92,10.88,111.1,68.79,97.49,36.67
P002,2026-05-06,53.75,73.87,7.75,8.45,3.71,4.35,2.36,8.27,7.87,63.9,10.86,110.98,68.74,97.5,36.67
P002,2026-05-07,52.43,76.21,7.92,8.47,4.01,4.33,2.3,8.29,8.15,63.88,10.85,110.86,68.68,97.71,36.67
P002,2026-05-08,50.84,79.02,8.11,8.47,4.38,4.29,2.24,8.32,8.49,63.86,10.83,110.74,68.63,97.97,36.66
P002,2026-05-09,50.13,80.28,8.2,8.45,4.53,4.24,2.19,8.37,8.64,63.84,10.81,110.63,68.57,98.08,36.65
P002,2026-05-10,50.77,79.13,8.13,8.42,4.34,4.16,2.13,8.42,8.48,63.82,10.8,110.51,68.52,97.96,36.64
P002,2026-05-11,52.24,76.52,7.95,8.37,3.95,4.08,2.08,8.49,8.15,63.8,10.78,110.4,68.47,97.71,36.62
P002,2026-05-12,53.36,74.51,7.82,8.31,3.64,3.98,2.02,8.57,7.89,63.78,10.76,110.29,68.41,97.51,36.6
P002,2026-05-13,53.25,74.7,7.83,8.25,3.64,3.88,1.97,8.65,7.9,63.76,10.75,110.18,68.36,97.52,36.58
P002,2026-05-14,51.94,77.03,8.0,8.18,3.95,3.77,1.92,8.73,8.18,63.74,10.73,110.08,68.31,97.73,36.56
P002,2026-05-15,50.36,79.82,8.19,8.11,4.32,3.66,1.87,8.82,8.52,63.72,10.72,109.98,68.27,97.98,36.54
P002,2026-05-16,49.66,81.06,8.28,8.04,4.47,3.55,1.83,8.9,8.67,63.7,10.71,109.88,68.22,98.09,36.51
P002,2026-05-17,50.32,79.88,8.2,7.97,4.28,3.45,1.79,8.98,8.51,63.69,10.69,109.79,68.18,97.97,36.49
P002,2026-05-18,51.8,77.25,8.02,7.92,3.89,3.36,1.74,9.05,8.18,63.67,10.68,109.71,68.14,97.72,36.47
P002,2026-05-19,52.94,75.21,7.88,7.87,3.59,3.28,1.71,9.12,7.92,63.66,10.67,109.63,68.1,97.52,36.46
P002,2026-05-20,53.25,74.71,7.83,7.73,3.65,3.31,1.81,9.08,7.9,63.64,10.66,109.66,68.12,97.52,36.44
P002,2026-05-21,52.36,76.34,7.92,7.6,4.01,3.36,1.91,9.03,8.15,63.63,10.65,109.69,68.14,97.71,36.44
P002,2026-05-22,51.2,78.44,8.04,7.49,4.45,3.43,2.02,8.97,8.46,63.62,10.64,109.74,68.16,97.95,36.43
P002,2026-05-23,50.93,78.98,8.06,7.39,4.66,3.51,2.13,8.9,8.57,63.61,10.63,109.79,68.19,98.05,36.43
P002,2026-05-24,52.79,75.81,7.77,7.1,4.65,3.8,2.51,8.64,8.32,63.6,10.63,110.05,68.32,97.9,36.43
P002,2026-05-25,55.09,71.83,7.46,6.94,4.38,4.01,2.76,8.45,7.92,63.6,10.62,110.21,68.4,97.62,36.44
P002,2026-05-26,57.05,68.45,7.18,6.78,4.2,4.25,3.02,8.25,7.6,63.59,10.62,110.38,68.49,97.4,36.45
P002,2026-05-27,55.02,71.79,7.52,7.35,3.92,3.84,2.33,8.62,7.76,63.59,10.61,109.85,68.22,97.46,36.47
P002,2026-05-28,55.71,70.83,7.35,6.92,5.51,4.38,2.99,8.15,7.89,63.58,10.61,110.34,68.47,97.61,36.49
P002,2026-05-29,54.17,73.55,7.53,7.01,5.89,4.46,2.98,8.09,8.23,63.58,10.61,110.33,68.46,97.87,36.51
P002,2026-05-30,53.52,74.72,7.61,7.09,6.05,4.55,2.98,8.02,8.37,63.58,10.61,110.32,68.46,97.97,36.53
P002,2026-05-31,50.7,79.26,8.13,8.09,5.35,3.82,1.78,8.7,8.48,63.58,10.61,109.41,68.01,97.96,36.55
P002,2026-06-01,55.74,70.76,7.34,7.27,5.48,4.74,2.98,7.88,7.87,63.58,10.61,110.34,68.47,97.6,36.58
P002,2026-06-02,52.63,75.72,7.93,8.46,4.55,3.82,1.52,8.72,7.93,63.59,10.62,109.24,67.92,97.53,36.6
P002,2026-06-03,52.6,75.78,7.93,8.53,4.57,3.91,1.53,8.65,7.94,63.59,10.62,109.27,67.93,97.53,36.62
P002,2026-06-04,51.37,77.97,8.08,8.59,4.88,3.99,1.55,8.6,8.22,63.6,10.63,109.31,67.95,97.74,36.64
P002,2026-06-05,49.88,80.63,8.26,8.64,4.26,4.05,1.57,8.55,8.55,63.61,10.63,109.35,67.97,97.99,36.65
P002,2026-06-06,49.26,81.73,8.34,8.67,4.43,4.1,1.6,8.51,8.69,63.62,10.64,109.41,68.0,98.1,36.66
P002,2026-06-07,50.01,80.41,8.24,8.69,4.25,4.14,1.63,8.48,8.53,63.63,10.65,109.46,68.02,97.98,36.67
P002,2026-06-08,51.57,77.63,8.05,8.69,3.88,4.15,1.66,8.47,8.19,63.64,10.66,109.53,68.06,97.72,36.67
P002,2026-06-09,52.8,75.45,7.9,8.67,3.58,4.15,1.69,8.46,7.92,63.65,10.67,109.6,68.09,97.52,36.67
P002,2026-06-10,52.8,75.46,7.89,8.63,3.6,4.13,1.73,8.48,7.92,63.67,10.68,109.68,68.13,97.53,36.66
P002,2026-06-11,51.59,77.61,8.04,8.58,3.92,4.1,1.77,8.5,8.2,63.68,10.69,109.76,68.16,97.73,36.65
P002,2026-06-12,50.13,80.23,8.22,8.51,4.31,4.05,1.81,8.54,8.53,63.7,10.7,109.85,68.21,97.98,36.64
P002,2026-06-13,49.54,81.28,8.29,8.43,4.47,3.99,1.86,8.58,8.67,63.71,10.72,109.94,68.25,98.09,36.62
P002,2026-06-14,50.3,79.93,8.19,8.34,4.3,3.92,1.9,8.63,8.5,63.73,10.73,110.04,68.3,97.97,36.6
P002,2026-06-15,51.89,77.12,7.99,8.24,3.93,3.84,1.95,8.69,8.16,63.75,10.74,110.14,68.35,97.71,36.58
P002,2026-06-16,53.14,74.9,7.84,8.14,3.64,3.76,2.0,8.75,7.89,63.77,10.76,110.25,68.4,97.51,36.55
P002,2026-06-17,53.15,74.88,7.83,8.04,3.66,3.68,2.06,8.81,7.89,63.79,10.77,110.36,68.45,97.51,36.53
P002,2026-06-18,51.97,77.01,7.97,7.94,3.98,3.6,2.11,8.87,8.17,63.81,10.79,110.47,68.5,97.72,36.51
P002,2026-06-19,50.51,79.6,8.15,7.85,4.37,3.53,2.17,8.92,8.5,63.83,10.81,110.59,68.55,97.97,36.49
P002,2026-06-20,49.93,80.63,8.21,7.76,4.54,3.47,2.22,8.97,8.63,63.85,10.82,110.7,68.61,98.07,36.47
P002,2026-06-21,50.71,79.26,8.12,7.69,4.37,3.42,2.28,9.0,8.47,63.87,10.84,110.82,68.66,97.95,36.45
P002,2026-06-22,52.3,76.44,7.92,7.63,4.0,3.39,2.33,9.02,8.12,63.89,10.86,110.93,68.72,97.7,36.44
P002,2026-06-23,53.56,74.21,7.76,7.58,3.71,3.38,2.39,9.03,7.85,63.92,10.87,111.05,68.77,97.49,36.43
P002,2026-06-24,53.58,74.18,7.75,7.55,3.73,3.38,2.45,9.03,7.86,63.94,10.89,111.17,68.83,97.5,36.43
P002,2026-06-25,52.4,76.3,7.9,7.54,4.05,3.4,2.5,9.01,8.13,63.96,10.91,111.29,68.88,97.71,36.43
P002,2026-06-26,50.94,78.89,8.07,7.54,4.44,3.43,2.56,8.98,8.46,63.98,10.92,111.4,68.94,97.96,36.44
P002,2026-06-27,50.36,79.93,8.14,7.56,4.61,3.49,2.61,8.94,8.6,64.0,10.94,111.51,68.99,98.06,36.45
P002,2026-06-28,51.14,78.56,8.04,7.59,4.44,3.56,2.67,8.89,8.43,64.02,10.95,111.62,69.04,97.94,36.46
P002,2026-06-29,52.73,75.75,7.84,7.64,4.06,3.64,2.72,8.82,8.09,64.04,10.97,111.73,69.09,97.68,36.48
P002,2026-06-30,53.97,73.54,7.69,7.7,3.77,3.74,2.77,8.75,7.82,64.06,10.98,111.84,69.14,97.48,36.5
P002,2026-07-01,53.98,73.52,7.68,7.76,3.79,3.84,2.82,8.67,7.82,64.08,11.0,111.94,69.19,97.49,36.52
P002,2026-07-02,53.19,75.0,7.76,7.73,4.17,4.04,3.0,8.5,8.07,64.09,11.01,112.14,69.29,97.68,36.54
P002,2026-07-03,52.12,76.95,7.86,7.7,4.62,4.25,3.18,8.33,8.37,64.11,11.02,112.33,69.38,97.92,36.56
P002,2026-07-04,51.93,77.36,7.87,7.67,4.84,4.45,3.36,8.16,8.47,64.13,11.04,112.52,69.47,98.01,36.59
P002,2026-07-05,53.09,75.36,7.7,7.63,4.73,4.64,3.53,8.0,8.28,64.14,11.05,112.7,69.56,97.88,36.61
P002,2026-07-06,55.05,71.92,7.44,7.59,4.41,4.82,3.7,7.85,7.91,64.15,11.06,112.88,69.65,97.61,36.63
P002,2026-07-07,56.68,69.08,7.22,7.54,4.18,5.0,3.87,7.7,7.61,64.17,11.07,113.05,69.74,97.4,36.64
P002,2026-07-08,57.07,68.44,7.15,7.47,4.25,5.15,4.04,7.57,7.58,64.18,11.08,113.22,69.82,97.39,36.66
P002,2026-07-09,55.45,71.28,7.37,7.6,4.51,5.11,3.93,7.62,7.89,64.19,11.08,113.17,69.79,97.61,36.66
P002,2026-07-10,53.56,74.59,7.62,7.72,4.83,5.04,3.82,7.68,8.25,64.2,11.09,113.12,69.76,97.88,36.67
P002,2026-07-11,52.54,76.36,7.76,7.82,4.94,4.95,3.7,7.76,8.43,64.2,11.1,113.05,69.73,97.99,36.67
P002,2026-07-12,52.87,75.73,7.74,7.91,4.7,4.85,3.58,7.86,8.3,64.21,11.1,112.98,69.69,97.89,36.67
P002,2026-07-13,54.01,73.65,7.62,7.98,4.26,4.72,3.45,7.96,7.98,64.21,11.11,112.9,69.65,97.64,36.66
P002,2026-07-14,54.8,72.18,7.54,8.03,3.91,4.58,3.33,8.08,7.75,64.22,11.11,112.82,69.61,97.45,36.65
P002,2026-07-15,54.36,72.91,7.61,8.08,3.86,4.42,3.19,8.22,7.79,64.22,11.11,112.73,69.56,97.47,36.63
P002,2026-07-16,53.11,75.14,7.76,8.01,4.17,4.34,3.2,8.28,8.07,64.22,11.11,112.73,69.56,97.68,36.61
P002,2026-07-17,51.59,77.84,7.95,7.93,4.55,4.26,3.19,8.34,8.4,64.22,11.11,112.72,69.56,97.93,36.59
P002,2026-07-18,50.94,79.0,8.03,7.85,4.71,4.16,3.19,8.42,8.54,64.22,11.11,112.71,69.56,98.04,36.57
P002,2026-07-19,51.63,77.76,7.94,7.77,4.53,4.06,3.18,8.49,8.39,64.21,11.1,112.69,69.55,97.92,36.55
P002,2026-07-20,53.14,75.08,7.76,7.68,4.14,3.96,3.16,8.57,8.05,64.21,11.1,112.66,69.53,97.67,36.52
P002,2026-07-21,54.31,73.0,7.62,7.61,3.84,3.87,3.15,8.64,7.78,64.2,11.1,112.62,69.51,97.47,36.5
P002,2026-07-22,54.24,73.12,7.63,7.54,3.85,3.78,3.12,8.71,7.79,64.19,11.09,112.58,69.49,97.48,36.48
P002,2026-07-23,52.96,75.4,7.78,7.48,4.15,3.7,3.1,8.77,8.07,64.18,11.08,112.53,69.47,97.68,36.46
P002,2026-07-24,51.4,78.15,7.98,7.44,4.53,3.63,3.07,8.83,8.41,64.17,11.07,112.47,69.44,97.94,36.45
P002,2026-07-25,50.72,79.36,8.06,7.41,4.68,3.58,3.04,8.87,8.56,64.16,11.06,112.41,69.41,98.05,36.44
P002,2026-07-26,51.39,78.17,7.98,7.4,4.5,3.54,3.01,8.9,8.4,64.15,11.05,112.34,69.38,97.93,36.43
P002,2026-07-27,52.87,75.53,7.8,7.4,4.11,3.52,2.97,8.91,8.07,64.14,11.04,112.26,69.34,97.67,36.43
P002,2026-07-28,54.01,73.49,7.66,7.42,3.8,3.52,2.93,8.92,7.8,64.12,11.03,112.18,69.3,97.48,36.43
P002,2026-07-29,53.91,73.66,7.68,7.46,3.81,3.54,2.89,8.91,7.82,64.1,11.02,112.09,69.26,97.48,36.44
P002,2026-07-30,52.61,75.98,7.84,7.52,4.11,3.57,2.84,8.88,8.1,64.09,11.01,112.0,69.22,97.69,36.45
P002,2026-07-31,51.03,78.77,8.04,7.59,4.48,3.62,2.8,8.85,8.44,64.07,10.99,111.9,69.17,97.95,36.46
P002,2026-08-01,50.33,80.01,8.12,7.67,4.63,3.68,2.75,8.81,8.59,64.05,10.98,111.8,69.12,98.06,36.48
P002,2026-08-02,50.98,78.85,8.05,7.76,4.44,3.75,2.7,8.76,8.43,64.03,10.96,111.69,69.07,97.94,36.5
P002,2026-08-03,52.44,76.24,7.87,7.86,4.05,3.82,2.65,8.7,8.1,64.01,10.95,111.58,69.02,97.68,36.52
P002,2026-08-04,53.56,74.23,7.74,7.96,3.74,3.9,2.59,8.64,7.83,63.99,10.93,111.47,68.97,97.49,36.55
P002,2026-08-05,53.45,74.43,7.75,8.06,3.74,3.98,2.54,8.59,7.85,63.97,10.92,111.36,68.92,97.5,36.57
P002,2026-08-06,52.13,76.76,7.92,8.17,4.05,4.06,2.48,8.53,8.13,63.95,10.9,111.24,68.86,97.71,36.59
P002,2026-08-07,50.55,79.57,8.11,8.26,4.41,4.13,2.43,8.48,8.47,63.93,10.88,111.13,68.81,97.96,36.61
P002,2026-08-08,49.83,80.83,8.21,8.35,4.56,4.19,2.37,8.44,8.62,63.91,10.87,111.01,68.75,98.07,36.63
P002,2026-08-09,50.47,79.68,8.13,8.42,4.37,4.24,2.31,8.4,8.47,63.89,10.85,110.89,68.7,97.95,36.65
P002,2026-08-10,51.93,77.08,7.95,8.49,3.98,4.27,2.26,8.38,8.13,63.87,10.83,110.77,68.64,97.7,36.66
P002,2026-08-11,53.05,75.08,7.82,8.53,3.67,4.29,2.2,8.37,7.87,63.84,10.82,110.66,68.59,97.5,36.67
P002,2026-08-12,52.94,75.27,7.84,8.56,3.67,4.29,2.14,8.37,7.89,63.82,10.8,110.54,68.53,97.51,36.67
P002,2026-08-13,51.62,77.61,8.0,8.58,3.98,4.27,2.09,8.39,8.17,63.8,10.78,110.43,68.48,97.72,36.67
P002,2026-08-14,50.44,79.75,8.13,8.47,4.4,4.33,2.17,8.34,8.48,63.78,10.77,110.42,68.48,97.96,36.66
P002,2026-08-15,50.13,80.34,8.15,8.35,4.61,4.37,2.26,8.29,8.59,63.76,10.75,110.42,68.48,98.06,36.65
P002,2026-08-16,51.18,78.52,8.01,8.21,4.48,4.39,2.35,8.26,8.41,63.74,10.74,110.42,68.48,97.93,36.64
P002,2026-08-17,53.05,75.25,7.76,8.06,4.15,4.4,2.43,8.25,8.04,63.73,10.72,110.42,68.49,97.66,36.62
P002,2026-08-18,54.58,72.56,7.56,7.9,3.9,4.4,2.52,8.23,7.75,63.71,10.71,110.43,68.49,97.46,36.6
P002,2026-08-19,54.88,72.08,7.5,7.73,3.97,4.4,2.62,8.23,7.73,63.69,10.7,110.44,68.5,97.45,36.58
P002,2026-08-20,53.98,73.72,7.59,7.56,4.33,4.38,2.71,8.23,7.98,63.68,10.69,110.46,68.51,97.65,36.56
P002,2026-08-21,52.02,77.16,7.86,7.58,4.64,4.18,2.54,8.4,8.35,63.66,10.67,110.27,68.42,97.91,36.54
P002,2026-08-22,50.93,79.04,8.01,7.62,4.74,3.98,2.36,8.56,8.53,63.65,10.66,110.09,68.34,98.03,36.52
P002,2026-08-23,51.98,77.22,7.87,7.45,4.61,3.98,2.46,8.56,8.35,63.64,10.65,110.12,68.35,97.91,36.49
P002,2026-08-24,53.46,74.58,7.69,7.39,4.22,3.89,2.43,8.63,8.01,63.62,10.64,110.06,68.32,97.65,36.47
P002,2026-08-25,54.6,72.54,7.55,7.34,3.91,3.81,2.4,8.69,7.75,63.61,10.64,110.0,68.29,97.45,36.46
P002,2026-08-26,52.56,75.9,7.89,7.81,3.63,3.28,1.7,9.15,7.91,63.6,10.63,109.44,68.02,97.52,36.45
P002,2026-08-27,53.23,74.97,7.72,7.27,4.22,3.7,2.35,8.78,8.04,63.6,10.62,109.9,68.25,97.67,36.44
P002,2026-08-28,52.08,77.05,7.84,7.16,4.66,3.76,2.46,8.71,8.35,63.59,10.62,109.97,68.28,97.91,36.43
P002,2026-08-29,51.81,77.58,7.86,7.06,4.87,3.85,2.58,8.64,8.46,63.59,10.61,110.04,68.32,98.01,36.43
P002,2026-08-30,49.39,81.49,8.3,7.89,4.23,3.13,1.51,9.29,8.54,63.58,10.61,109.21,67.91,97.98,36.43
P002,2026-08-31,54.81,72.35,7.45,6.91,4.42,4.08,2.84,8.44,7.9,63.58,10.61,110.22,68.41,97.61,36.44
P002,2026-09-01,52.09,76.68,7.97,7.97,3.55,3.21,1.5,9.23,7.94,63.58,10.61,109.2,67.9,97.53,36.45
P002,2026-09-02,52.05,76.76,7.98,8.02,3.56,3.27,1.5,9.18,7.94,63.58,10.61,109.2,67.9,97.53,36.47
P002,2026-09-03,50.8,78.97,8.13,8.09,3.87,3.35,1.51,9.12,8.22,63.58,10.61,109.22,67.91,97.74,36.49
P002,2026-09-04,49.29,81.65,8.31,8.17,4.25,3.44,1.52,9.05,8.56,63.59,10.62,109.24,67.92,97.99,36.51
P002,2026-09-05,48.66,82.78,8.39,8.25,4.42,3.54,1.53,8.98,8.7,63.59,10.62,109.26,67.93,98.1,36.53
P002,2026-09-06,49.39,81.48,8.3,8.33,4.24,3.64,1.55,8.9,8.54,63.6,10.62,109.3,67.95,97.98,36.55
P002,2026-09-07,50.94,78.73,8.11,8.41,4.86,3.74,1.57,8.82,8.19,63.61,10.63,109.34,67.97,97.72,36.58
P002,2026-09-08,52.16,76.57,7.96,8.48,4.57,3.84,1.59,8.75,7.93,63.61,10.64,109.39,67.99,97.52,36.6
P002,2026-09-09,52.15,76.6,7.96,8.55,4.58,3.93,1.62,8.68,7.93,63.63,10.65,109.45,68.02,97.53,36.62
P002,2026-09-10,50.93,78.76,8.1,8.61,4.9,4.01,1.65,8.62,8.21,63.64,10.65,109.51,68.05,97.74,36.64
P002,2026-09-11,49.45,81.4,8.28,8.65,5.28,4.08,1.68,8.56,8.54,63.65,10.66,109.58,68.08,97.99,36.65
P002,2026-09-12,48.85,82.47,8.35,8.68,5.45,4.13,1.72,8.52,8.68,63.66,10.68,109.66,68.12,98.09,36.66
P002,2026-09-13,49.61,81.13,8.26,8.69,5.28,4.17,1.76,8.49,8.52,63.68,10.69,109.74,68.15,97.97,36.67
P002,2026-09-14,51.19,78.34,8.06,8.69,4.9,4.19,1.8,8.47,8.17,63.69,10.7,109.83,68.2,97.71,36.67
P002,2026-09-15,52.43,76.13,7.91,8.67,3.61,4.2,1.85,8.47,7.9,63.71,10.71,109.92,68.24,97.51,36.67
P002,2026-09-16,52.44,76.13,7.9,8.63,3.63,4.18,1.89,8.48,7.91,63.73,10.73,110.02,68.29,97.52,36.66
P002,2026-09-17,51.24,78.26,8.05,8.57,3.95,4.15,1.94,8.5,8.18,63.75,10.74,110.12,68.33,97.73,36.65
P002,2026-09-18,49.78,80.86,8.22,8.5,4.34,4.1,1.99,8.54,8.51,63.77,10.76,110.22,68.38,97.98,36.64
P002,2026-09-19,49.2,81.9,8.29,8.42,4.51,4.05,2.04,8.58,8.65,63.79,10.77,110.33,68.43,98.08,36.62
P002,2026-09-20,49.98,80.53,8.19,8.33,4.34,3.98,2.1,8.63,8.49,63.81,10.79,110.44,68.49,97.96,36.6
P002,2026-09-21,51.57,77.71,7.99,8.23,3.96,3.9,2.15,8.69,8.14,63.83,10.8,110.56,68.54,97.7,36.58
P002,2026-09-22,52.82,75.49,7.84,8.13,3.67,3.82,2.21,8.75,7.87,63.85,10.82,110.67,68.59,97.5,36.55
P002,2026-09-23,52.84,75.46,7.83,8.02,3.7,3.74,2.26,8.8,7.87,63.87,10.84,110.79,68.65,97.51,36.53
P002,2026-09-24,51.66,77.58,7.97,7.92,4.02,3.66,2.32,8.86,8.15,63.89,10.85,110.91,68.7,97.71,36.51
P002,2026-09-25,50.21,80.16,8.15,7.83,4.4,3.59,2.38,8.91,8.48,63.91,10.87,111.02,68.76,97.96,36.49
P002,2026-09-26,50.03,80.54,8.15,7.64,4.63,3.63,2.57,8.87,8.58,63.93,10.89,111.24,68.87,98.06,36.47
P002,2026-09-27,51.21,78.51,7.98,7.46,4.52,3.67,2.76,8.82,8.39,63.95,10.9,111.46,68.97,97.92,36.45
P002,2026-09-28,53.2,75.03,7.71,7.3,4.21,3.73,2.95,8.76,8.01,63.97,10.92,111.68,69.08,97.65,36.44
P002,2026-09-29,54.86,72.14,7.49,7.15,3.98,3.81,3.15,8.69,7.71,63.99,10.93,111.9,69.19,97.44,36.43
P002,2026-09-30,55.27,71.46,7.41,7.01,4.06,3.91,3.34,8.6,7.69,64.01,10.95,112.12,69.29,97.43,36.43
P002,2026-10-01,54.48,72.93,7.49,6.9,4.44,4.02,3.52,8.5,7.93,64.03,10.97,112.33,69.39,97.63,36.43
P002,2026-10-02,53.43,74.87,7.59,6.8,4.88,4.15,3.71,8.39,8.23,64.05,10.98,112.54,69.49,97.87,36.44
P002,2026-10-03,52.44,76.58,7.73,6.92,4.99,4.11,3.62,8.43,8.4,64.07,10.99,112.53,69.49,97.98,36.45
P002,2026-10-04,52.8,75.88,7.7,7.06,4.76,4.08,3.53,8.46,8.26,64.09,11.01,112.53,69.48,97.87,36.46
P002,2026-10-05,53.98,73.74,7.57,7.21,4.33,4.07,3.44,8.48,7.95,64.11,11.02,112.52,69.48,97.63,36.48
P002,2026-10-06,54.82,72.2,7.49,7.38,3.98,4.07,3.35,8.5,7.71,64.12,11.03,112.5,69.46,97.44,36.5
P003,2026-04-10,57.49,67.77,6.89,5.74,4.82,4.5,5.19,7.44,8.03,65.63,11.41,114.44,70.55,97.82,36.45
P003,2026-04-11,56.94,68.7,6.98,5.82,4.78,4.36,5.02,7.57,8.09,65.61,11.4,114.27,70.47,97.85,36.44
P003,2026-04-12,58.03,66.75,6.85,5.81,4.49,4.33,4.99,7.59,7.84,65.6,11.39,114.2,70.44,97.66,36.43
P003,2026-04-13,59.52,64.09,6.67,5.82,4.1,4.31,4.95,7.6,7.5,65.59,11.38,114.13,70.4,97.41,36.43
P003,2026-04-14,60.24,62.81,6.58,5.85,3.9,4.32,4.91,7.6,7.33,65.57,11.36,114.04,70.36,97.28,36.43
P003,2026-04-15,59.61,63.93,6.66,5.89,4.03,4.34,4.87,7.59,7.46,65.56,11.35,113.96,70.32,97.38,36.44
P003,2026-04-16,58.05,66.69,6.85,5.95,4.4,4.38,4.83,7.56,7.79,65.54,11.34,113.87,70.28,97.63,36.45
P003,2026-04-17,56.7,69.09,7.02,6.02,4.71,4.43,4.78,7.53,8.08,65.52,11.33,113.77,70.23,97.84,36.47
P003,2026-04-18,56.51,69.41,7.04,6.11,4.73,4.49,4.73,7.48,8.11,65.51,11.31,113.67,70.18,97.86,36.49
P003,2026-04-19,57.59,67.48,6.91,6.2,4.44,4.56,4.68,7.43,7.86,65.49,11.3,113.56,70.14,97.67,36.51
P003,2026-04-20,59.06,64.86,6.74,6.3,4.04,4.64,4.63,7.37,7.53,65.47,11.28,113.46,70.08,97.42,36.53
P003,2026-04-21,59.76,63.6,6.65,6.41,3.84,4.72,4.58,7.31,7.36,65.45,11.27,113.35,70.03,97.29,36.55
P003,2026-04-22,59.11,64.75,6.74,6.51,3.97,4.8,4.52,7.26,7.49,65.43,11.25,113.23,69.98,97.39,36.58
P003,2026-04-23,57.54,67.53,6.93,6.61,4.33,4.88,4.47,7.2,7.83,65.41,11.23,113.12,69.92,97.64,36.6
P003,2026-04-24,56.18,69.95,7.1,6.7,4.65,4.94,4.41,7.15,8.12,65.38,11.22,113.0,69.87,97.86,36.62
P003,2026-04-25,55.99,70.28,7.13,6.79,4.66,5.0,4.36,7.11,8.15,65.36,11.2,112.88,69.81,97.88,36.64
P003,2026-04-26,57.06,68.37,7.0,6.86,4.37,5.05,4.3,7.08,7.9,65.34,11.18,112.77,69.76,97.69,36.65
P003,2026-04-27,58.52,65.76,6.82,6.92,3.97,5.07,4.24,7.07,7.56,65.32,11.17,112.65,69.7,97.43,36.66
P003,2026-04-28,59.22,64.51,6.74,6.96,3.77,5.08,4.19,7.06,7.39,65.3,11.15,112.53,69.65,97.31,36.67
P003,2026-04-29,58.57,65.66,6.82,6.99,3.9,5.08,4.13,7.07,7.53,65.28,11.13,112.42,69.59,97.4,36.67
P003,2026-04-30,57.0,68.44,7.02,7.0,4.27,5.05,4.08,7.09,7.86,65.26,11.12,112.3,69.54,97.65,36.67
P003,2026-05-01,55.64,70.85,7.19,6.99,4.58,5.01,4.02,7.12,8.15,65.24,11.1,112.19,69.49,97.87,36.66
P003,2026-05-02,55.45,71.17,7.21,6.97,4.6,4.95,3.97,7.17,8.18,65.22,11.09,112.08,69.44,97.89,36.65
P003,2026-05-03,56.53,69.25,7.08,6.93,4.3,4.88,3.92,7.23,7.93,65.2,11.07,111.98,69.39,97.7,36.64
P003,2026-05-04,58.0,66.62,6.9,6.88,3.91,4.79,3.87,7.3,7.6,65.18,11.06,111.88,69.34,97.45,36.62
P003,2026-05-05,58.71,65.35,6.82,6.82,3.7,4.69,3.82,7.38,7.43,65.16,11.04,111.78,69.29,97.32,36.6
P003,2026-05-06,58.07,66.48,6.9,6.75,3.84,4.59,3.78,7.46,7.56,65.15,11.03,111.68,69.25,97.42,36.58
P003,2026-05-07,56.52,69.24,7.09,6.68,4.21,4.48,3.74,7.54,7.89,65.13,11.02,111.6,69.21,97.67,36.55
P003,2026-05-08,55.17,71.63,7.26,6.61,4.52,4.38,3.7,7.63,8.18,65.11,11.01,111.51,69.17,97.88,36.53
P003,2026-05-09,55.0,71.92,7.28,6.54,4.54,4.27,3.66,7.71,8.21,65.1,11.0,111.44,69.13,97.9,36.51
P003,2026-05-10,56.1,69.96,7.15,6.47,4.25,4.18,3.63,7.78,7.96,65.09,10.99,111.37,69.1,97.71,36.49
P003,2026-05-11,58.0,66.64,6.9,6.31,3.92,4.19,3.73,7.76,7.59,65.08,10.98,111.41,69.12,97.44,36.47
P003,2026-05-12,59.52,64.03,6.67,6.06,3.83,4.3,3.97,7.65,7.36,65.07,10.97,111.55,69.2,97.29,36.45
P003,2026-05-13,58.92,65.1,6.75,6.02,3.97,4.24,3.95,7.7,7.49,65.06,10.96,111.51,69.17,97.39,36.44
P003,2026-05-14,58.96,65.22,6.67,5.59,4.58,4.58,4.47,7.4,7.7,65.05,10.95,111.87,69.36,97.59,36.43
P003,2026-05-15,58.44,66.26,6.7,5.37,5.01,4.74,4.72,7.24,7.93,65.04,10.95,112.04,69.44,97.78,36.43
P003,2026-05-16,59.09,65.2,6.58,5.18,5.15,4.93,4.98,7.08,7.89,65.04,10.95,112.21,69.53,97.78,36.43
P003,2026-05-17,58.66,65.76,6.71,5.6,4.64,4.58,4.44,7.4,7.76,65.03,10.94,111.79,69.32,97.63,36.44
P003,2026-05-18,62.52,59.2,6.12,5.04,4.59,5.17,5.23,6.87,7.24,65.03,10.94,112.38,69.62,97.31,36.45
P003,2026-05-19,63.27,57.86,6.03,5.09,4.4,5.22,5.22,6.84,7.07,65.03,10.94,112.37,69.61,97.18,36.46
P003,2026-05-20,62.68,58.91,6.1,5.15,4.54,5.29,5.22,6.79,7.19,65.03,10.94,112.37,69.61,97.28,36.48
P003,2026-05-21,57.26,68.03,6.95,6.24,4.34,4.44,3.89,7.55,7.83,65.03,10.94,111.37,69.11,97.64,36.49
P003,2026-05-22,55.57,70.98,7.18,6.42,4.6,4.44,3.76,7.57,8.14,65.04,10.94,111.28,69.07,97.87,36.52
P003,2026-05-23,55.07,71.83,7.26,6.61,4.57,4.45,3.64,7.58,8.2,65.04,10.95,111.21,69.03,97.9,36.54
P003,2026-05-24,55.82,70.44,7.18,6.79,4.23,4.45,3.52,7.59,7.97,65.05,10.95,111.14,68.99,97.72,36.56
P003,2026-05-25,57.38,67.67,6.99,6.87,3.85,4.55,3.53,7.51,7.63,65.05,10.96,111.18,69.01,97.46,36.58
P003,2026-05-26,58.17,66.27,6.89,6.95,3.66,4.65,3.56,7.44,7.45,65.06,10.97,111.22,69.03,97.33,36.61
P003,2026-05-27,57.62,67.25,6.96,7.01,3.8,4.74,3.58,7.37,7.58,65.07,10.97,111.28,69.06,97.42,36.62
P003,2026-05-28,56.15,69.87,7.13,7.07,4.18,4.81,3.61,7.31,7.91,65.08,10.98,111.34,69.09,97.67,36.64
P003,2026-05-29,54.89,72.11,7.29,7.11,4.51,4.88,3.65,7.27,8.19,65.1,10.99,111.41,69.12,97.88,36.65
P003,2026-05-30,54.81,72.26,7.29,7.13,4.55,4.93,3.68,7.23,8.21,65.11,11.0,111.48,69.16,97.9,36.66
P003,2026-05-31,56.0,70.16,7.15,7.14,4.27,4.96,3.72,7.2,7.95,65.12,11.01,111.57,69.19,97.71,36.67
P003,2026-06-01,57.58,67.35,6.95,7.13,3.89,4.97,3.76,7.19,7.6,65.14,11.03,111.65,69.23,97.45,36.67
P003,2026-06-02,58.4,65.9,6.85,7.1,3.7,4.97,3.81,7.19,7.43,65.16,11.04,111.74,69.28,97.32,36.67
P003,2026-06-03,57.87,66.85,6.91,7.06,3.85,4.95,3.85,7.21,7.55,65.17,11.05,111.84,69.32,97.41,36.66
P003,2026-06-04,56.42,69.43,7.08,7.0,4.23,4.91,3.9,7.23,7.88,65.19,11.07,111.94,69.37,97.66,36.65
P003,2026-06-05,55.19,71.64,7.23,6.93,4.57,4.86,3.95,7.27,8.16,65.21,11.08,112.04,69.42,97.87,36.63
P003,2026-06-06,55.12,71.75,7.23,6.84,4.6,4.8,4.0,7.32,8.18,65.23,11.1,112.15,69.47,97.89,36.61
P003,2026-06-07,56.33,69.63,7.08,6.75,4.32,4.73,4.06,7.37,7.92,65.25,11.11,112.26,69.52,97.7,36.59
P003,2026-06-08,57.92,66.79,6.88,6.65,3.95,4.65,4.11,7.43,7.57,65.27,11.13,112.37,69.57,97.44,36.57
P003,2026-06-09,58.76,65.32,6.78,6.55,3.76,4.57,4.17,7.49,7.4,65.29,11.14,112.49,69.63,97.31,36.55
P003,2026-06-10,58.24,66.25,6.84,6.45,3.92,4.49,4.22,7.54,7.52,65.31,11.16,112.6,69.68,97.4,36.52
P003,2026-06-11,56.8,68.81,7.01,6.35,4.3,4.42,4.28,7.6,7.84,65.33,11.18,112.72,69.74,97.65,36.5
P003,2026-06-12,55.57,71.01,7.16,6.26,4.63,4.35,4.33,7.65,8.13,65.36,11.19,112.84,69.79,97.86,36.48
P003,2026-06-13,55.52,71.12,7.16,6.17,4.67,4.29,4.39,7.69,8.15,65.38,11.21,112.96,69.85,97.88,36.46
P003,2026-06-14,56.72,68.98,7.01,6.1,4.39,4.25,4.45,7.72,7.89,65.4,11.23,113.07,69.9,97.68,36.45
P003,2026-06-15,58.32,66.15,6.81,6.05,4.02,4.22,4.5,7.75,7.54,65.42,11.24,113.19,69.96,97.42,36.44
P003,2026-06-16,59.16,64.67,6.7,6.01,3.83,4.21,4.56,7.75,7.36,65.44,11.26,113.3,70.01,97.29,36.43
P003,2026-06-17,58.64,65.61,6.76,5.98,3.99,4.21,4.61,7.75,7.48,65.46,11.28,113.42,70.07,97.39,36.43
P003,2026-06-18,57.19,68.18,6.94,5.97,4.37,4.24,4.66,7.73,7.81,65.48,11.29,113.52,70.12,97.63,36.43
P003,2026-06-19,55.96,70.39,7.08,5.98,4.7,4.28,4.71,7.7,8.09,65.5,11.31,113.63,70.17,97.85,36.44
P003,2026-06-20,55.89,70.51,7.09,6.01,4.74,4.34,4.76,7.65,8.11,65.52,11.32,113.73,70.21,97.86,36.45
P003,2026-06-21,57.09,68.39,6.94,6.05,4.46,4.41,4.81,7.59,7.85,65.54,11.33,113.83,70.26,97.67,36.46
P003,2026-06-22,58.67,65.57,6.74,6.1,5.08,4.5,4.86,7.53,7.5,65.55,11.35,113.92,70.31,97.41,36.48
P003,2026-06-23,59.89,63.47,6.57,6.06,4.95,4.69,5.03,7.37,7.3,65.57,11.36,114.12,70.4,97.27,36.5
P003,2026-06-24,59.76,63.77,6.57,6.03,5.16,4.88,5.21,7.21,7.39,65.58,11.37,114.3,70.49,97.35,36.52
P003,2026-06-25,58.7,65.71,6.67,6.0,5.6,5.08,5.39,7.04,7.69,65.6,11.38,114.48,70.58,97.59,36.55
P003,2026-06-26,57.84,67.29,6.76,5.97,5.99,5.28,5.56,6.87,7.94,65.61,11.39,114.66,70.66,97.79,36.57
P003,2026-06-27,58.16,66.78,6.7,5.94,6.08,5.48,5.72,6.71,7.93,65.62,11.4,114.83,70.75,97.79,36.59
P003,2026-06-28,59.73,64.05,6.48,5.91,5.86,5.67,5.89,6.55,7.64,65.63,11.41,114.99,70.83,97.59,36.61
P003,2026-06-29,61.69,60.61,6.22,5.87,5.53,5.85,6.05,6.41,7.27,65.64,11.42,115.15,70.9,97.32,36.63
P003,2026-06-30,62.09,59.87,6.19,6.02,4.29,5.82,5.94,6.44,7.12,65.65,11.42,115.09,70.87,97.2,36.65
P003,2026-07-01,61.12,61.53,6.33,6.17,4.37,5.78,5.82,6.48,7.28,65.66,11.43,115.02,70.84,97.31,36.66
P003,2026-07-02,59.23,64.84,6.57,6.3,4.69,5.73,5.69,6.54,7.64,65.66,11.43,114.95,70.8,97.57,36.67
P003,2026-07-03,57.55,67.78,6.8,6.41,4.96,5.65,5.57,6.61,7.96,65.67,11.44,114.86,70.76,97.8,36.67
P003,2026-07-04,57.03,68.65,6.88,6.51,4.93,5.56,5.44,6.69,8.01,65.67,11.44,114.77,70.71,97.83,36.67
P003,2026-07-05,57.77,67.28,6.81,6.6,4.58,5.44,5.3,6.8,7.79,65.67,11.44,114.68,70.66,97.65,36.66
P003,2026-07-06,58.9,65.22,6.69,6.67,4.14,5.31,5.17,6.91,7.48,65.67,11.44,114.57,70.61,97.4,36.65
P003,2026-07-07,59.66,63.86,6.6,6.62,3.94,5.25,5.16,6.95,7.3,65.67,11.44,114.56,70.61,97.27,36.64
P003,2026-07-08,59.07,64.92,6.67,6.56,4.08,5.18,5.15,7.01,7.43,65.66,11.44,114.55,70.6,97.37,36.63
P003,2026-07-09,57.55,67.62,6.86,6.49,4.45,5.1,5.14,7.07,7.77,65.66,11.43,114.52,70.59,97.62,36.61
P003,2026-07-10,56.23,69.95,7.02,6.42,4.77,5.0,5.13,7.15,8.05,65.65,11.43,114.49,70.57,97.83,36.58
P003,2026-07-11,56.09,70.21,7.03,6.34,4.8,4.9,5.11,7.22,8.08,65.65,11.42,114.45,70.55,97.85,36.56
P003,2026-07-12,57.2,68.23,6.9,6.26,4.51,4.8,5.09,7.3,7.83,65.64,11.42,114.4,70.53,97.66,36.54
P003,2026-07-13,58.7,65.56,6.72,6.19,4.12,4.7,5.06,7.38,7.49,65.63,11.41,114.35,70.51,97.4,36.52
P003,2026-07-14,59.43,64.25,6.63,6.12,3.92,4.6,5.03,7.46,7.32,65.62,11.4,114.29,70.48,97.28,36.49
P003,2026-07-15,58.81,65.36,6.71,6.06,4.05,4.51,5.0,7.53,7.45,65.61,11.39,114.22,70.44,97.37,36.48
P003,2026-07-16,57.65,67.46,6.83,5.9,4.48,4.53,5.1,7.51,7.75,65.59,11.38,114.25,70.46,97.61,36.46
P003,2026-07-17,55.92,70.49,7.06,5.97,4.74,4.37,4.92,7.64,8.07,65.58,11.37,114.06,70.37,97.84,36.45
P003,2026-07-18,56.92,68.85,6.89,5.64,4.93,4.59,5.28,7.44,8.01,65.56,11.36,114.28,70.48,97.82,36.44
P003,2026-07-19,58.39,66.27,6.69,5.54,4.69,4.65,5.37,7.38,7.73,65.55,11.34,114.29,70.49,97.62,36.43
P003,2026-07-20,60.26,63.0,6.44,5.45,4.36,4.73,5.46,7.31,7.36,65.53,11.33,114.3,70.5,97.36,36.43
P003,2026-07-21,59.02,64.95,6.69,5.98,3.87,4.27,4.74,7.73,7.34,65.51,11.32,113.69,70.2,97.29,36.43
P003,2026-07-22,61.11,61.58,6.31,5.32,4.4,4.93,5.63,7.14,7.26,65.49,11.3,114.3,70.5,97.3,36.44
P003,2026-07-23,59.93,63.71,6.44,5.28,4.83,5.06,5.71,7.03,7.57,65.47,11.29,114.29,70.5,97.54,36.45
P003,2026-07-24,58.96,65.48,6.54,5.25,5.2,5.2,5.79,6.92,7.83,65.45,11.27,114.28,70.5,97.75,36.47
P003,2026-07-25,55.25,71.6,7.16,6.25,4.7,4.43,4.54,7.62,8.13,65.43,11.25,113.26,69.99,97.87,36.49
P003,2026-07-26,56.33,69.69,7.04,6.35,4.4,4.5,4.48,7.57,7.88,65.41,11.24,113.15,69.94,97.68,36.51
P003,2026-07-27,57.79,67.07,6.86,6.45,4.0,4.58,4.43,7.51,7.54,65.39,11.22,113.03,69.88,97.43,36.53
P003,2026-07-28,58.49,65.82,6.78,6.55,3.8,4.66,4.37,7.45,7.38,65.37,11.2,112.91,69.83,97.3,36.55
P003,2026-07-29,57.84,66.97,6.86,6.66,3.93,4.74,4.31,7.4,7.51,65.35,11.19,112.79,69.77,97.4,36.58
P003,2026-07-30,56.27,69.76,7.05,6.76,4.3,4.81,4.26,7.34,7.85,65.33,11.17,112.68,69.72,97.65,36.6
P003,2026-07-31,54.9,72.18,7.22,6.85,4.61,4.88,4.2,7.29,8.14,65.3,11.15,112.56,69.66,97.86,36.62
P003,2026-08-01,54.71,72.51,7.25,6.94,4.63,4.94,4.14,7.25,8.17,65.28,11.14,112.44,69.61,97.89,36.64
P003,2026-08-02,55.78,70.59,7.12,7.01,4.33,4.98,4.09,7.22,7.92,65.26,11.12,112.33,69.55,97.7,36.65
P003,2026-08-03,57.25,67.97,6.94,7.07,3.94,5.01,4.04,7.2,7.58,65.24,11.11,112.22,69.5,97.44,36.66
P003,2026-08-04,57.95,66.71,6.86,7.11,3.73,5.03,3.98,7.2,7.41,65.22,11.09,112.11,69.45,97.31,36.67
P003,2026-08-05,57.71,67.2,6.87,7.03,3.93,5.12,4.07,7.12,7.51,65.2,11.08,112.11,69.45,97.4,36.67
P003,2026-08-06,56.54,69.31,7.0,6.94,4.35,5.19,4.16,7.05,7.82,65.18,11.06,112.11,69.45,97.64,36.67
P003,2026-08-07,55.59,71.05,7.1,6.82,4.72,5.24,4.25,7.0,8.08,65.17,11.05,112.11,69.46,97.84,36.66
P003,2026-08-08,55.81,70.7,7.05,6.69,4.8,5.28,4.34,6.96,8.08,65.15,11.03,112.12,69.47,97.85,36.65
P003,2026-08-09,57.3,68.1,6.86,6.55,4.56,5.3,4.43,6.93,7.8,65.13,11.02,112.14,69.48,97.65,36.64
P003,2026-08-10,59.19,64.79,6.61,6.4,4.23,5.31,4.53,6.92,7.43,65.12,11.01,112.16,69.49,97.38,36.62
P003,2026-08-11,60.31,62.85,6.45,6.23,4.09,5.31,4.63,6.91,7.23,65.1,11.0,112.18,69.5,97.24,36.6
P003,2026-08-12,59.28,64.61,6.6,6.26,4.17,5.12,4.45,7.07,7.39,65.09,10.99,112.01,69.42,97.35,36.58
P003,2026-08-13,57.34,68.01,6.86,6.29,4.48,4.92,4.29,7.24,7.75,65.08,10.98,111.84,69.34,97.61,36.55
P003,2026-08-14,55.6,71.04,7.09,6.32,4.73,4.72,4.12,7.4,8.07,65.07,10.97,111.67,69.26,97.84,36.53
P003,2026-08-15,55.05,71.96,7.18,6.35,4.7,4.53,3.96,7.56,8.13,65.06,10.96,111.52,69.18,97.87,36.51
P003,2026-08-16,55.76,70.65,7.11,6.38,4.35,4.34,3.8,7.72,7.91,65.05,10.96,111.37,69.11,97.69,36.49
P003,2026-08-17,56.87,68.62,7.0,6.42,3.9,4.16,3.65,7.87,7.6,65.04,10.95,111.23,69.04,97.45,36.47
P003,2026-08-18,57.22,67.94,6.97,6.47,3.65,4.0,3.49,8.01,7.46,65.04,10.95,111.09,68.97,97.33,36.45
P003,2026-08-19,56.62,69.0,7.05,6.43,3.79,3.95,3.48,8.05,7.59,65.03,10.94,111.07,68.96,97.43,36.44
P003,2026-08-20,55.11,71.69,7.23,6.4,4.16,3.91,3.48,8.08,7.92,65.03,10.94,111.05,68.95,97.68,36.43
P003,2026-08-21,53.8,74.01,7.39,6.39,4.48,3.89,3.47,8.09,8.2,65.03,10.94,111.05,68.95,97.89,36.43
P003,2026-08-22,53.68,74.22,7.4,6.4,4.51,3.9,3.47,8.09,8.23,65.03,10.94,111.05,68.95,97.91,36.43
P003,2026-08-23,54.82,72.19,7.26,6.41,4.22,3.92,3.48,8.08,7.97,65.03,10.94,111.06,68.95,97.72,36.44
P003,2026-08-24,56.37,69.45,7.07,6.45,3.84,3.96,3.48,8.04,7.63,65.03,10.94,111.07,68.96,97.46,36.45
P003,2026-08-25,57.15,68.07,6.98,6.49,3.65,4.02,3.5,8.0,7.46,65.04,10.95,111.1,68.97,97.33,36.46
P003,2026-08-26,56.58,69.08,7.05,6.55,3.79,4.09,3.51,7.95,7.58,65.04,10.95,111.13,68.99,97.43,36.47
P003,2026-08-27,55.1,71.71,7.23,6.62,4.17,4.18,3.53,7.88,7.91,65.05,10.96,111.17,69.0,97.67,36.49
P003,2026-08-28,53.83,73.98,7.38,6.69,4.49,4.27,3.55,7.81,8.2,65.06,10.96,111.21,69.03,97.89,36.52
P003,2026-08-29,53.74,74.15,7.39,6.77,4.53,4.37,3.58,7.73,8.22,65.07,10.97,111.27,69.05,97.91,36.54
P003,2026-08-30,54.91,72.07,7.24,6.85,4.25,4.48,3.61,7.65,7.96,65.08,10.98,111.33,69.08,97.71,36.56
P003,2026-08-31,56.48,69.28,7.05,6.92,3.86,4.58,3.64,7.57,7.62,65.09,10.99,111.39,69.11,97.45,36.58
P003,2026-09-01,57.29,67.84,6.95,6.99,3.68,4.68,3.67,7.5,7.44,65.11,11.0,111.47,69.15,97.32,36.61
P003,2026-09-02,56.75,68.81,7.01,7.06,3.83,4.77,3.71,7.43,7.56,65.12,11.01,111.54,69.18,97.42,36.62
P003,2026-09-03,55.29,71.4,7.19,7.11,4.21,4.85,3.75,7.36,7.89,65.14,11.02,111.63,69.22,97.67,36.64
P003,2026-09-04,54.05,73.62,7.34,7.14,4.54,4.92,3.8,7.31,8.18,65.15,11.04,111.72,69.27,97.88,36.65
P003,2026-09-05,53.98,73.75,7.34,7.17,4.57,4.97,3.84,7.27,8.2,65.17,11.05,111.81,69.31,97.9,36.66
P003,2026-09-06,55.17,71.64,7.19,7.17,4.3,5.01,3.89,7.24,7.94,65.19,11.06,111.91,69.36,97.7,36.67
P003,2026-09-07,56.77,68.81,6.99,7.16,3.92,5.02,3.94,7.23,7.59,65.21,11.08,112.02,69.41,97.44,36.67
P003,2026-09-08,57.6,67.35,6.89,7.13,3.73,5.02,3.99,7.23,7.41,65.23,11.09,112.12,69.46,97.31,36.67
P003,2026-09-09,57.07,68.28,6.95,7.09,3.89,5.01,4.04,7.24,7.53,65.25,11.11,112.23,69.51,97.41,36.66
P003,2026-09-10,55.63,70.85,7.12,7.03,4.27,4.97,4.1,7.27,7.86,65.27,11.12,112.35,69.56,97.65,36.65
P003,2026-09-11,54.4,73.05,7.27,6.95,4.6,4.92,4.15,7.3,8.14,65.29,11.14,112.46,69.61,97.87,36.63
P003,2026-09-12,54.35,73.16,7.27,6.87,4.64,4.86,4.21,7.35,8.16,65.31,11.16,112.58,69.67,97.88,36.61
P003,2026-09-13,55.55,71.02,7.12,6.77,4.36,4.79,4.26,7.4,7.9,65.33,11.17,112.69,69.72,97.69,36.59
P003,2026-09-14,57.15,68.18,6.92,6.67,3.99,4.71,4.32,7.46,7.55,65.35,11.19,112.81,69.78,97.43,36.57
P003,2026-09-15,57.99,66.71,6.81,6.57,3.8,4.63,4.38,7.51,7.38,65.37,11.21,112.93,69.84,97.3,36.55
P003,2026-09-16,57.47,67.64,6.87,6.47,3.95,4.56,4.43,7.57,7.5,65.39,11.22,113.05,69.89,97.39,36.52
P003,2026-09-17,56.43,69.54,6.98,6.26,4.4,4.57,4.63,7.54,7.79,65.41,11.24,113.26,70.0,97.63,36.5
P003,2026-09-18,55.6,71.08,7.06,6.07,4.79,4.6,4.82,7.51,8.05,65.43,11.26,113.48,70.1,97.83,36.48
P003,2026-09-19,55.95,70.53,6.99,5.88,4.88,4.64,5.01,7.47,8.03,65.45,11.27,113.7,70.21,97.83,36.46
P003,2026-09-20,57.55,67.74,6.77,5.71,4.67,4.69,5.2,7.42,7.74,65.47,11.29,113.91,70.31,97.63,36.45
P003,2026-09-21,59.54,64.26,6.51,5.55,4.35,4.75,5.39,7.35,7.37,65.49,11.3,114.12,70.41,97.36,36.44
P003,2026-09-22,60.77,62.14,6.33,5.41,4.22,4.83,5.57,7.28,7.16,65.51,11.32,114.33,70.51,97.21,36.43
P003,2026-09-23,60.64,62.42,6.33,5.28,4.43,4.93,5.76,7.19,7.25,65.53,11.33,114.53,70.61,97.3,36.43
P003,2026-09-24,58.79,65.67,6.57,5.38,4.75,4.85,5.66,7.26,7.61,65.55,11.34,114.52,70.61,97.56,36.43
P003,2026-09-25,57.15,68.55,6.79,5.49,5.03,4.8,5.57,7.31,7.92,65.56,11.36,114.51,70.6,97.78,36.44
P003,2026-09-26,56.67,69.35,6.86,5.63,5.0,4.76,5.48,7.35,7.97,65.58,11.37,114.49,70.58,97.81,36.45
P003,2026-09-27,57.45,67.91,6.78,5.77,4.66,4.74,5.38,7.38,7.75,65.59,11.38,114.47,70.57,97.63,36.46
P003,2026-09-28,58.63,65.77,6.66,5.93,4.22,4.73,5.28,7.41,7.43,65.61,11.39,114.44,70.55,97.38,36.48
P003,2026-09-29,59.03,65.01,6.62,6.1,3.98,4.72,5.17,7.42,7.28,65.62,11.4,114.4,70.53,97.26,36.5
P003,2026-09-30,58.08,66.65,6.76,6.28,4.07,4.73,5.06,7.43,7.44,65.63,11.41,114.35,70.51,97.37,36.52
P003,2026-10-01,56.61,69.27,6.93,6.36,4.44,4.83,5.09,7.35,7.77,65.64,11.42,114.41,70.53,97.62,36.55
P003,2026-10-02,55.34,71.54,7.09,6.44,4.77,4.93,5.11,7.27,8.05,65.65,11.42,114.45,70.56,97.83,36.57
P003,2026-10-03,55.24,71.72,7.1,6.52,4.8,5.03,5.13,7.2,8.08,65.66,11.43,114.49,70.57,97.85,36.59
P003,2026-10-04,56.39,69.66,6.96,6.59,4.52,5.12,5.14,7.13,7.82,65.66,11.43,114.52,70.59,97.66,36.61
P003,2026-10-05,57.94,66.92,6.77,6.66,4.13,5.2,5.16,7.07,7.48,65.67,11.44,114.55,70.6,97.4,36.63
P003,2026-10-06,58.71,65.54,6.67,6.71,3.94,5.27,5.16,7.02,7.3,65.67,11.44,114.56,70.61,97.27,36.65
P004,2026-04-10,57.55,68.07,6.98,5.94,5.65,5.21,4.84,7.43,8.1,66.91,11.6,113.93,70.45,97.87,36.47
P004,2026-04-11,57.9,67.43,6.94,6.03,5.54,5.28,4.78,7.38,8.01,66.89,11.59,113.81,70.39,97.8,36.49
P004,2026-04-12,59.27,64.99,6.78,6.13,5.17,5.35,4.73,7.33,7.69,66.87,11.57,113.7,70.34,97.56,36.51
P004,2026-04-13,60.57,62.68,6.62,6.23,4.81,5.43,4.67,7.28,7.39,66.85,11.56,113.58,70.29,97.33,36.54
P004,2026-04-14,60.76,62.33,6.6,6.33,4.74,5.51,4.62,7.22,7.34,66.82,11.54,113.47,70.23,97.29,36.56
P004,2026-04-15,59.64,64.3,6.74,6.44,4.99,5.59,4.56,7.16,7.57,66.8,11.52,113.35,70.17,97.46,36.58
P004,2026-04-16,58.01,67.19,6.94,6.53,5.37,5.66,4.5,7.11,7.93,66.78,11.51,113.23,70.12,97.73,36.6
P004,2026-04-17,57.03,68.93,7.07,6.63,5.58,5.73,4.45,7.06,8.13,66.76,11.49,113.12,70.06,97.88,36.62
P004,2026-04-18,57.38,68.29,7.03,6.71,5.47,5.78,4.39,7.02,8.04,66.74,11.47,113.0,70.01,97.81,36.64
P004,2026-04-19,58.75,65.85,6.86,6.77,5.1,5.82,4.34,6.99,7.73,66.72,11.46,112.89,69.96,97.57,36.65
P004,2026-04-20,60.05,63.54,6.71,6.83,4.75,5.84,4.28,6.98,7.43,66.7,11.44,112.77,69.9,97.35,36.66
P004,2026-04-21,60.24,63.18,6.69,6.86,4.67,5.85,4.23,6.98,7.37,66.68,11.42,112.66,69.85,97.3,36.67
P004,2026-04-22,59.13,65.14,6.82,6.88,4.92,5.84,4.18,6.99,7.61,66.66,11.41,112.56,69.8,97.48,36.67
P004,2026-04-23,57.51,68.03,7.02,6.89,5.3,5.81,4.13,7.01,7.96,66.64,11.39,112.45,69.75,97.74,36.67
P004,2026-04-24,56.54,69.75,7.15,6.87,5.52,5.77,4.08,7.05,8.17,66.62,11.38,112.35,69.7,97.89,36.66
P004,2026-04-25,56.9,69.09,7.1,6.85,5.4,5.7,4.03,7.1,8.07,66.6,11.37,112.26,69.66,97.82,36.65
P004,2026-04-26,58.28,66.62,6.94,6.8,5.04,5.63,3.99,7.16,7.76,66.59,11.35,112.17,69.62,97.58,36.63
P004,2026-04-27,59.6,64.28,6.78,6.75,4.69,5.54,3.95,7.23,7.46,66.57,11.34,112.08,69.58,97.36,36.61
P004,2026-04-28,59.81,63.9,6.75,6.68,4.61,5.44,3.91,7.3,7.4,66.56,11.33,112.0,69.54,97.31,36.59
P004,2026-04-29,58.72,65.83,6.89,6.61,4.87,5.34,3.87,7.38,7.64,66.54,11.32,111.93,69.5,97.49,36.57
P004,2026-04-30,57.11,68.68,7.09,6.53,5.25,5.24,3.84,7.46,7.99,66.53,11.31,111.86,69.47,97.75,36.55
P004,2026-05-01,56.17,70.36,7.2,6.46,5.47,5.13,3.81,7.54,8.19,66.52,11.3,111.8,69.44,97.9,36.52
P004,2026-05-02,56.96,69.0,7.09,6.28,5.42,5.13,3.92,7.54,8.07,66.51,11.29,111.85,69.47,97.82,36.5
P004,2026-05-03,58.76,65.84,6.85,6.11,5.11,5.13,4.04,7.52,7.72,66.5,11.29,111.9,69.5,97.57,36.48
P004,2026-05-04,60.5,62.8,6.62,5.95,4.83,5.15,4.16,7.5,7.38,66.5,11.28,111.97,69.53,97.33,36.46
P004,2026-05-05,61.14,61.71,6.52,5.79,4.82,5.18,4.28,7.46,7.3,66.49,11.28,112.04,69.57,97.27,36.45
P004,2026-05-06,60.88,62.28,6.52,5.55,5.19,5.31,4.53,7.33,7.47,66.49,11.27,112.22,69.66,97.42,36.44
P004,2026-05-07,60.09,63.78,6.57,5.32,5.7,5.47,4.8,7.19,7.75,66.48,11.27,112.41,69.75,97.66,36.43
P004,2026-05-08,58.79,66.04,6.75,5.42,5.87,5.37,4.66,7.28,7.99,66.48,11.27,112.3,69.7,97.82,36.43
P004,2026-05-09,60.37,63.38,6.5,5.12,5.93,5.65,5.06,7.03,7.8,66.48,11.27,112.6,69.85,97.72,36.43
P004,2026-05-10,61.8,60.84,6.33,5.15,6.57,5.67,5.06,7.01,7.48,66.48,11.27,112.6,69.85,97.48,36.44
P004,2026-05-11,63.16,58.42,6.16,5.19,6.23,5.72,5.06,6.98,7.18,66.48,11.27,112.62,69.86,97.25,36.45
P004,2026-05-12,60.69,62.46,6.6,5.95,5.76,5.13,4.13,7.51,7.33,66.49,11.28,111.93,69.51,97.29,36.46
P004,2026-05-13,62.39,59.8,6.25,5.31,6.42,5.85,5.08,6.88,7.35,66.49,11.28,112.66,69.88,97.38,36.48
P004,2026-05-14,60.83,62.57,6.44,5.38,6.81,5.94,5.09,6.81,7.69,66.5,11.29,112.7,69.89,97.64,36.5
P004,2026-05-15,59.93,64.17,6.55,5.46,7.04,6.03,5.11,6.74,7.89,66.51,11.29,112.74,69.91,97.79,36.52
P004,2026-05-16,56.47,69.81,7.16,6.55,6.36,5.21,3.8,7.49,8.1,66.52,11.3,111.78,69.43,97.83,36.54
P004,2026-05-17,57.94,67.2,6.98,6.62,6.01,5.32,3.83,7.41,7.77,66.53,11.31,111.84,69.46,97.59,36.57
P004,2026-05-18,59.34,64.72,6.81,6.7,4.67,5.42,3.86,7.33,7.47,66.54,11.32,111.9,69.49,97.36,36.59
P004,2026-05-19,59.64,64.19,6.77,6.77,4.61,5.52,3.9,7.26,7.4,66.55,11.33,111.97,69.53,97.31,36.61
P004,2026-05-20,58.64,65.98,6.89,6.83,4.88,5.61,3.93,7.19,7.63,66.57,11.34,112.05,69.56,97.49,36.63
P004,2026-05-21,57.12,68.68,7.07,6.87,5.27,5.68,3.97,7.13,7.97,66.58,11.35,112.13,69.6,97.74,36.65
P004,2026-05-22,56.26,70.22,7.17,6.91,5.51,5.74,4.02,7.08,8.17,66.6,11.36,112.22,69.64,97.89,36.66
P004,2026-05-23,56.74,69.38,7.11,6.92,5.41,5.79,4.06,7.05,8.07,66.61,11.38,112.32,69.69,97.82,36.67
P004,2026-05-24,58.23,66.74,6.93,6.92,5.06,5.82,4.11,7.02,7.75,66.63,11.39,112.41,69.73,97.58,36.67
P004,2026-05-25,59.65,64.22,6.75,6.91,4.72,5.83,4.16,7.01,7.44,66.65,11.4,112.52,69.78,97.35,36.67
P004,2026-05-26,59.97,63.66,6.71,6.87,4.67,5.83,4.21,7.02,7.37,66.67,11.42,112.62,69.83,97.3,36.66
P004,2026-05-27,58.99,65.41,6.83,6.82,4.94,5.8,4.26,7.03,7.6,66.69,11.43,112.73,69.88,97.47,36.66
P004,2026-05-28,57.48,68.09,7.01,6.76,5.33,5.77,4.32,7.06,7.94,66.71,11.45,112.84,69.94,97.73,36.64
P004,2026-05-29,56.64,69.61,7.11,6.68,5.57,5.71,4.37,7.1,8.14,66.73,11.47,112.96,69.99,97.88,36.63
P004,2026-05-30,57.12,68.75,7.04,6.59,5.47,5.65,4.43,7.15,8.04,66.75,11.48,113.07,70.04,97.81,36.61
P004,2026-05-31,58.63,66.09,6.86,6.5,5.12,5.58,4.48,7.2,7.71,66.77,11.5,113.19,70.1,97.57,36.59
P004,2026-06-01,60.06,63.56,6.68,6.39,4.79,5.5,4.54,7.26,7.4,66.79,11.52,113.31,70.15,97.34,36.56
P004,2026-06-02,60.38,62.98,6.63,6.29,4.73,5.42,4.59,7.32,7.34,66.82,11.53,113.42,70.21,97.29,36.54
P004,2026-06-03,59.4,64.73,6.75,6.19,5.0,5.34,4.65,7.37,7.56,66.84,11.55,113.54,70.26,97.46,36.52
P004,2026-06-04,57.91,67.41,6.93,6.09,5.4,5.27,4.71,7.43,7.91,66.86,11.57,113.66,70.32,97.72,36.5
P004,2026-06-05,57.06,68.92,7.03,6.0,5.64,5.2,4.76,7.48,8.1,66.88,11.58,113.77,70.37,97.87,36.48
P004,2026-06-06,57.54,68.06,6.97,5.92,5.54,5.15,4.82,7.52,8.0,66.9,11.6,113.89,70.43,97.79,36.46
P004,2026-06-07,59.04,65.41,6.78,5.86,5.19,5.11,4.87,7.55,7.68,66.92,11.61,114.0,70.48,97.55,36.45
P004,2026-06-08,60.47,62.89,6.6,5.81,4.86,5.08,4.92,7.56,7.37,66.94,11.63,114.1,70.53,97.32,36.44
P004,2026-06-09,60.79,62.33,6.56,5.77,4.8,5.07,4.97,7.57,7.3,66.96,11.64,114.21,70.58,97.28,36.43
P004,2026-06-10,59.8,64.09,6.68,5.75,5.07,5.08,5.02,7.56,7.53,66.98,11.66,114.31,70.63,97.45,36.43
P004,2026-06-11,58.29,66.78,6.86,5.75,5.47,5.11,5.07,7.54,7.87,66.99,11.67,114.4,70.67,97.71,36.43
P004,2026-06-12,57.43,68.32,6.96,5.77,5.7,5.15,5.11,7.5,8.07,67.01,11.68,114.49,70.71,97.86,36.44
P004,2026-06-13,57.9,67.49,6.9,5.8,5.6,5.21,5.15,7.46,7.97,67.03,11.7,114.58,70.76,97.78,36.45
P004,2026-06-14,59.78,64.2,6.65,5.74,5.31,5.38,5.33,7.31,7.62,67.04,11.71,114.77,70.85,97.53,36.47
P004,2026-06-15,61.58,61.05,6.41,5.7,5.03,5.56,5.5,7.16,7.28,67.05,11.72,114.94,70.93,97.29,36.49
P004,2026-06-16,62.28,59.87,6.3,5.66,5.03,5.75,5.67,7.0,7.19,67.07,11.73,115.12,71.02,97.23,36.51
P004,2026-06-17,61.67,61.01,6.35,5.63,5.35,5.95,5.83,6.84,7.38,67.08,11.74,115.28,71.1,97.39,36.53
P004,2026-06-18,60.54,63.08,6.47,5.6,5.81,6.14,6.0,6.68,7.7,67.09,11.74,115.44,71.18,97.64,36.55
P004,2026-06-19,60.05,64.0,6.51,5.58,6.1,6.34,6.16,6.52,7.87,67.1,11.75,115.59,71.25,97.78,36.58
P004,2026-06-20,60.9,62.55,6.38,5.55,6.05,6.53,6.31,6.36,7.74,67.1,11.76,115.74,71.32,97.69,36.6
P004,2026-06-21,61.95,60.63,6.27,5.73,5.63,6.53,6.19,6.37,7.45,67.11,11.76,115.67,71.28,97.46,36.62
P004,2026-06-22,62.93,58.84,6.17,5.9,5.24,6.51,6.07,6.4,7.17,67.11,11.77,115.59,71.24,97.25,36.64
P004,2026-06-23,62.8,59.03,6.21,6.05,5.11,6.48,5.94,6.44,7.14,67.12,11.77,115.5,71.2,97.21,36.65
P004,2026-06-24,61.36,61.53,6.4,6.2,5.31,6.43,5.81,6.49,7.4,67.12,11.77,115.41,71.15,97.4,36.66
P004,2026-06-25,59.39,64.98,6.66,6.33,5.64,6.37,5.67,6.55,7.78,67.12,11.77,115.31,71.1,97.67,36.67
P004,2026-06-26,58.07,67.27,6.84,6.44,5.81,6.28,5.53,6.63,8.01,67.12,11.77,115.2,71.05,97.83,36.67
P004,2026-06-27,58.09,67.19,6.86,6.54,5.64,6.18,5.39,6.72,7.95,67.12,11.77,115.08,70.99,97.77,36.67
P004,2026-06-28,59.51,64.66,6.69,6.52,5.28,6.15,5.38,6.74,7.63,67.11,11.76,115.06,70.98,97.53,36.66
P004,2026-06-29,61.24,61.62,6.46,6.38,5.0,6.19,5.5,6.7,7.3,67.11,11.76,115.13,71.02,97.3,36.65
P004,2026-06-30,61.87,60.55,6.36,6.24,4.98,6.22,5.62,6.67,7.21,67.1,11.76,115.2,71.05,97.24,36.64
P004,2026-07-01,60.02,63.74,6.63,6.38,5.12,5.96,5.33,6.89,7.5,67.09,11.75,114.95,70.93,97.44,36.62
P004,2026-07-02,59.99,64.0,6.56,5.91,5.74,6.24,5.84,6.63,7.73,67.08,11.74,115.31,71.11,97.65,36.6
P004,2026-07-03,59.43,65.03,6.61,5.73,6.02,6.23,5.94,6.62,7.91,67.07,11.73,115.35,71.13,97.79,36.58
P004,2026-07-04,60.21,63.7,6.49,5.56,6.96,6.22,6.05,6.62,7.78,67.06,11.72,115.39,71.15,97.71,36.56
P004,2026-07-05,59.25,65.08,6.72,6.09,6.25,5.56,5.21,7.2,7.65,67.05,11.71,114.71,70.82,97.54,36.53
P004,2026-07-06,63.7,57.58,6.03,5.21,6.36,6.19,6.24,6.62,7.11,67.04,11.7,115.44,71.18,97.22,36.51
P004,2026-07-07,64.3,56.56,5.94,5.04,6.35,6.19,6.34,6.61,7.02,67.02,11.69,115.46,71.2,97.17,36.49
P004,2026-07-08,63.6,57.86,6.01,4.89,6.66,6.19,6.43,6.6,7.23,67.0,11.68,115.47,71.2,97.33,36.47
P004,2026-07-09,58.07,67.17,6.88,5.85,6.46,5.19,5.05,7.49,7.87,66.99,11.67,114.37,70.65,97.71,36.45
P004,2026-07-10,57.1,68.89,7.0,5.82,6.68,5.13,5.0,7.54,8.08,66.97,11.65,114.27,70.61,97.86,36.44
P004,2026-07-11,57.46,68.24,6.96,5.81,6.57,5.08,4.95,7.58,7.99,66.95,11.64,114.17,70.56,97.79,36.43
P004,2026-07-12,58.83,65.79,6.79,5.81,5.2,5.05,4.9,7.61,7.67,66.93,11.62,114.06,70.51,97.55,36.43
P004,2026-07-13,60.13,63.47,6.64,5.83,4.85,5.04,4.85,7.62,7.38,66.91,11.61,113.95,70.46,97.33,36.43
P004,2026-07-14,60.32,63.11,6.62,5.86,4.77,5.04,4.8,7.62,7.32,66.89,11.59,113.84,70.41,97.28,36.44
P004,2026-07-15,59.21,65.08,6.75,5.91,5.02,5.06,4.74,7.61,7.56,66.87,11.58,113.73,70.35,97.46,36.44
P004,2026-07-16,57.58,67.98,6.96,5.98,5.4,5.1,4.69,7.58,7.91,66.85,11.56,113.61,70.3,97.72,36.46
P004,2026-07-17,56.6,69.71,7.08,6.06,5.62,5.15,4.63,7.54,8.12,66.83,11.54,113.5,70.24,97.87,36.47
P004,2026-07-18,56.95,69.07,7.04,6.15,5.5,5.22,4.57,7.5,8.02,66.81,11.53,113.38,70.19,97.8,36.49
P004,2026-07-19,58.32,66.64,6.88,6.25,5.13,5.29,4.52,7.44,7.71,66.79,11.51,113.26,70.13,97.57,36.51
P004,2026-07-20,59.61,64.33,6.72,6.35,4.78,5.37,4.46,7.39,7.41,66.77,11.49,113.14,70.08,97.34,36.54
P004,2026-07-21,59.8,63.98,6.7,6.45,4.7,5.45,4.4,7.33,7.36,66.74,11.48,113.03,70.02,97.3,36.56
P004,2026-07-22,58.69,65.95,6.84,6.56,4.95,5.53,4.35,7.27,7.59,66.72,11.46,112.91,69.97,97.47,36.58
P004,2026-07-23,57.06,68.84,7.04,6.66,5.33,5.6,4.29,7.22,7.94,66.7,11.44,112.8,69.92,97.73,36.6
P004,2026-07-24,56.08,70.57,7.16,6.75,5.55,5.67,4.24,7.17,8.15,66.68,11.43,112.69,69.86,97.89,36.62
P004,2026-07-25,56.44,69.92,7.12,6.83,5.43,5.72,4.19,7.13,8.06,66.66,11.41,112.58,69.81,97.82,36.64
P004,2026-07-26,57.82,67.47,6.96,6.89,5.06,5.76,4.14,7.1,7.74,66.64,11.4,112.48,69.76,97.58,36.65
P004,2026-07-27,59.52,64.49,6.73,6.84,4.77,5.88,4.23,7.0,7.41,66.63,11.38,112.48,69.77,97.34,36.66
P004,2026-07-28,60.12,63.46,6.64,6.77,4.76,5.99,4.32,6.91,7.33,66.61,11.37,112.49,69.77,97.29,36.67
P004,2026-07-29,59.43,64.74,6.71,6.69,5.07,6.07,4.41,6.83,7.53,66.59,11.36,112.5,69.78,97.45,36.67
P004,2026-07-30,58.21,66.95,6.84,6.58,5.51,6.14,4.51,6.77,7.85,66.58,11.35,112.52,69.79,97.7,36.67
P004,2026-07-31,57.65,67.99,6.89,6.46,5.79,6.19,4.6,6.72,8.03,66.56,11.33,112.54,69.81,97.84,36.66
P004,2026-08-01,58.43,66.66,6.78,6.33,5.73,6.23,4.7,6.68,7.9,66.55,11.32,112.57,69.82,97.76,36.65
P004,2026-08-02,60.22,63.51,6.54,6.18,5.42,6.25,4.81,6.66,7.56,66.54,11.31,112.6,69.84,97.51,36.63
P004,2026-08-03,61.15,61.81,6.45,6.22,5.02,6.07,4.64,6.81,7.29,66.52,11.3,112.44,69.76,97.29,36.61
P004,2026-08-04,60.97,62.06,6.49,6.26,4.89,5.88,4.48,6.96,7.26,66.51,11.3,112.28,69.68,97.26,36.59
P004,2026-08-05,59.5,64.63,6.69,6.29,5.08,5.69,4.32,7.13,7.52,66.5,11.29,112.12,69.61,97.45,36.57
P004,2026-08-06,57.51,68.11,6.96,6.31,5.41,5.49,4.16,7.29,7.9,66.5,11.28,111.98,69.54,97.72,36.55
P004,2026-08-07,56.17,70.43,7.14,6.33,5.58,5.3,4.01,7.45,8.14,66.49,11.28,111.84,69.47,97.88,36.52
P004,2026-08-08,56.18,70.37,7.16,6.36,5.41,5.11,3.86,7.61,8.07,66.49,11.27,111.71,69.4,97.82,36.5
P004,2026-08-09,57.2,68.5,7.05,6.39,4.99,4.93,3.71,7.76,7.78,66.48,11.27,111.59,69.34,97.59,36.48
P004,2026-08-10,58.56,66.09,6.89,6.33,4.64,4.85,3.71,7.82,7.48,66.48,11.27,111.58,69.34,97.37,36.46
P004,2026-08-11,58.81,65.63,6.85,6.27,4.58,4.79,3.7,7.87,7.42,66.48,11.27,111.57,69.34,97.32,36.45
P004,2026-08-12,57.77,67.48,6.98,6.23,4.84,4.75,3.71,7.9,7.65,66.48,11.27,111.58,69.34,97.49,36.44
P004,2026-08-13,56.21,70.26,7.17,6.21,5.23,4.72,3.71,7.92,8.0,66.48,11.27,111.59,69.34,97.75,36.43
P004,2026-08-14,55.31,71.86,7.28,6.19,5.46,4.71,3.72,7.93,8.2,66.49,11.28,111.61,69.35,97.91,36.43
P004,2026-08-15,55.74,71.09,7.23,6.2,5.35,4.72,3.73,7.92,8.1,66.49,11.28,111.64,69.37,97.83,36.43
P004,2026-08-16,57.2,68.5,7.05,6.22,4.99,4.76,3.75,7.9,7.78,66.5,11.28,111.67,69.38,97.59,36.44
P004,2026-08-17,58.59,66.04,6.88,6.25,4.66,4.8,3.77,7.86,7.47,66.51,11.29,111.71,69.4,97.36,36.45
P004,2026-08-18,58.87,65.53,6.84,6.3,4.59,4.87,3.8,7.81,7.41,66.51,11.3,111.76,69.43,97.32,36.46
P004,2026-08-19,57.86,67.34,6.96,6.35,4.86,4.95,3.82,7.75,7.64,66.53,11.31,111.82,69.45,97.49,36.48
P004,2026-08-20,56.33,70.06,7.15,6.42,5.25,5.04,3.85,7.68,7.98,66.54,11.31,111.88,69.48,97.75,36.5
P004,2026-08-21,55.46,71.62,7.25,6.49,5.49,5.14,3.89,7.6,8.18,66.55,11.32,111.95,69.52,97.9,36.52
P004,2026-08-22,55.92,70.8,7.19,6.56,5.39,5.25,3.92,7.52,8.08,66.56,11.34,112.03,69.55,97.83,36.54
P004,2026-08-23,57.4,68.17,7.01,6.64,5.03,5.35,3.96,7.44,7.76,66.58,11.35,112.11,69.59,97.58,36.57
P004,2026-08-24,58.82,65.67,6.83,6.71,4.7,5.46,4.01,7.36,7.45,66.59,11.36,112.2,69.63,97.36,36.59
P004,2026-08-25,59.13,65.12,6.79,6.78,4.64,5.56,4.05,7.28,7.39,66.61,11.37,112.29,69.68,97.31,36.61
P004,2026-08-26,58.14,66.88,6.91,6.83,4.91,5.65,4.1,7.21,7.62,66.63,11.39,112.39,69.72,97.48,36.63
P004,2026-08-27,56.63,69.57,7.09,6.88,5.3,5.73,4.15,7.15,7.96,66.65,11.4,112.49,69.77,97.74,36.65
P004,2026-08-28,56.17,70.45,7.13,6.81,5.6,5.89,4.33,7.01,8.13,66.67,11.42,112.7,69.87,97.88,36.66
P004,2026-08-29,57.04,68.96,7.0,6.72,6.56,6.03,4.52,6.89,8.0,66.69,11.43,112.91,69.97,97.79,36.67
P004,2026-08-30,57.76,67.59,6.94,6.92,6.09,5.88,4.3,7.03,7.73,66.71,11.45,112.82,69.92,97.57,36.67
P004,2026-08-31,60.75,62.48,6.5,6.5,5.99,6.26,4.89,6.69,7.3,66.73,11.46,113.33,70.18,97.3,36.67
P004,2026-09-01,61.47,61.27,6.39,6.36,5.99,6.35,5.08,6.61,7.21,66.75,11.48,113.55,70.28,97.24,36.66
P004,2026-09-02,60.88,62.37,6.44,6.21,6.32,6.42,5.27,6.54,7.4,66.77,11.5,113.77,70.39,97.4,36.66
P004,2026-09-03,57.04,68.91,7.02,6.75,6.37,5.83,4.52,7.06,7.92,66.79,11.51,113.28,70.14,97.73,36.64
P004,2026-09-04,59.32,65.27,6.58,5.87,7.07,6.51,5.65,6.44,7.88,66.81,11.53,114.2,70.6,97.78,36.63
P004,2026-09-05,60.2,63.77,6.45,5.68,7.03,6.54,5.84,6.4,7.75,66.83,11.55,114.42,70.71,97.7,36.61
P004,2026-09-06,62.09,60.46,6.2,5.48,5.74,6.56,6.03,6.37,7.39,66.85,11.56,114.64,70.81,97.44,36.59
P004,2026-09-07,59.61,64.37,6.69,6.39,4.83,5.56,4.75,7.26,7.38,66.87,11.58,113.74,70.36,97.33,36.56
P004,2026-09-08,60.34,63.14,6.58,6.18,4.83,5.57,4.94,7.23,7.29,66.89,11.59,113.96,70.47,97.27,36.54
P004,2026-09-09,59.76,64.24,6.62,5.98,5.16,5.59,5.13,7.21,7.48,66.91,11.61,114.18,70.57,97.43,36.52
P004,2026-09-10,58.65,66.26,6.74,5.78,5.62,5.61,5.32,7.18,7.8,66.93,11.63,114.39,70.67,97.68,36.5
P004,2026-09-11,58.2,67.12,6.77,5.59,5.91,5.63,5.51,7.14,7.96,66.95,11.64,114.6,70.77,97.81,36.48
P004,2026-09-12,59.08,65.62,6.64,5.4,5.87,5.67,5.69,7.1,7.83,66.97,11.65,114.8,70.87,97.73,36.46
P004,2026-09-13,60.97,62.31,6.39,5.24,5.58,5.72,5.87,7.05,7.48,66.99,11.67,115.0,70.97,97.48,36.45
P004,2026-09-14,62.79,59.15,6.14,5.08,5.3,5.79,6.06,6.98,7.14,67.01,11.68,115.2,71.07,97.23,36.44
P004,2026-09-15,62.7,59.26,6.17,5.15,5.18,5.69,5.96,7.07,7.11,67.02,11.69,115.18,71.06,97.2,36.43
P004,2026-09-16,61.3,61.7,6.36,5.24,5.39,5.6,5.86,7.15,7.36,67.04,11.71,115.16,71.04,97.38,36.43
P004,2026-09-17,59.37,65.08,6.61,5.35,5.73,5.53,5.76,7.22,7.74,67.05,11.72,115.13,71.03,97.65,36.43
P004,2026-09-18,58.1,67.29,6.78,5.47,5.9,5.47,5.66,7.27,7.97,67.06,11.73,115.1,71.01,97.82,36.44
P004,2026-09-19,58.16,67.14,6.79,5.61,5.74,5.44,5.55,7.31,7.9,67.07,11.73,115.06,70.99,97.75,36.45
P004,2026-09-20,59.22,65.2,6.68,5.76,5.33,5.41,5.44,7.34,7.61,67.09,11.74,115.01,70.96,97.53,36.47
P004,2026-09-21,60.21,63.39,6.58,5.93,4.93,5.4,5.33,7.36,7.33,67.09,11.75,114.96,70.93,97.31,36.49
P004,2026-09-22,60.5,62.89,6.54,6.0,4.87,5.49,5.35,7.29,7.27,67.1,11.76,115.0,70.95,97.26,36.51
P004,2026-09-23,59.47,64.72,6.66,6.08,5.13,5.59,5.37,7.22,7.5,67.11,11.76,115.04,70.97,97.44,36.53
P004,2026-09-24,57.92,67.47,6.85,6.16,5.52,5.69,5.38,7.14,7.84,67.11,11.76,115.06,70.98,97.7,36.55
P004,2026-09-25,57.02,69.08,6.96,6.24,5.75,5.79,5.39,7.07,8.04,67.12,11.77,115.08,70.99,97.85,36.57
P004,2026-09-26,57.45,68.32,6.91,6.32,5.65,5.88,5.4,7.0,7.95,67.12,11.77,115.1,71.0,97.77,36.6
P004,2026-09-27,58.88,65.77,6.73,6.4,5.29,5.97,5.4,6.93,7.63,67.12,11.77,115.1,71.0,97.53,36.62
P004,2026-09-28,60.24,63.35,6.57,6.47,4.94,6.04,5.4,6.88,7.32,67.12,11.77,115.1,71.0,97.31,36.63
P004,2026-09-29,60.49,62.9,6.54,6.52,4.88,6.1,5.39,6.84,7.27,67.12,11.77,115.09,70.99,97.26,36.65
P004,2026-09-30,59.44,64.77,6.66,6.57,5.13,6.14,5.38,6.8,7.5,67.11,11.77,115.07,70.98,97.44,36.66
P004,2026-10-01,57.86,67.59,6.86,6.6,5.52,6.17,5.37,6.79,7.85,67.11,11.76,115.04,70.97,97.7,36.67
P004,2026-10-02,56.92,69.24,6.97,6.61,5.75,6.18,5.35,6.78,8.05,67.1,11.76,115.01,70.96,97.85,36.67
P004,2026-10-03,57.32,68.53,6.93,6.61,5.63,6.16,5.33,6.79,7.95,67.1,11.75,114.96,70.94,97.78,36.67
P004,2026-10-04,58.73,66.03,6.75,6.6,5.27,6.13,5.31,6.82,7.64,67.09,11.74,114.91,70.91,97.54,36.66
P004,2026-10-05,60.06,63.66,6.59,6.57,4.92,6.08,5.28,6.86,7.34,67.08,11.74,114.86,70.89,97.31,36.65
P004,2026-10-06,60.28,63.26,6.57,6.53,4.85,6.01,5.25,6.91,7.28,67.06,11.73,114.8,70.86,97.27,36.64
P005,2026-04-10,50.0,79.87,7.98,8.03,3.18,3.2,2.51,8.18,8.54,68.14,11.76,111.75,69.52,98.04,36.63
P005,2026-04-11,50.85,78.35,7.88,8.11,2.94,3.25,2.46,8.14,8.34,68.12,11.75,111.64,69.46,97.88,36.64
P005,2026-04-12,52.34,75.69,7.7,8.17,2.54,3.28,2.41,8.12,8.0,68.1,11.73,111.53,69.42,97.63,36.66
P005,2026-04-13,53.31,73.97,7.59,8.22,2.28,3.31,2.36,8.1,7.77,68.08,11.72,111.43,69.37,97.46,36.67
P005,2026-04-14,52.97,74.56,7.63,8.25,2.34,3.31,2.32,8.1,7.84,68.06,11.7,111.33,69.32,97.5,36.67
P005,2026-04-15,51.53,77.11,7.81,8.26,2.67,3.3,2.27,8.12,8.15,68.05,11.69,111.24,69.28,97.74,36.67
P005,2026-04-16,50.04,79.75,7.99,8.26,3.03,3.26,2.23,8.14,8.47,68.03,11.68,111.15,69.24,97.98,36.66
P005,2026-04-17,49.57,80.58,8.05,8.24,3.12,3.22,2.19,8.18,8.57,68.01,11.67,111.07,69.2,98.05,36.66
P005,2026-04-18,50.44,79.04,7.95,8.2,2.89,3.15,2.15,8.23,8.37,68.0,11.66,110.99,69.16,97.9,36.64
P005,2026-04-19,51.95,76.34,7.76,8.15,2.49,3.08,2.12,8.29,8.02,67.99,11.65,110.92,69.13,97.64,36.63
P005,2026-04-20,52.94,74.58,7.65,8.09,2.23,2.99,2.09,8.36,7.8,67.98,11.64,110.86,69.1,97.47,36.61
P005,2026-04-21,52.62,75.14,7.69,8.02,2.29,2.89,2.06,8.44,7.86,67.97,11.63,110.8,69.07,97.51,36.59
P005,2026-04-22,51.21,77.65,7.86,7.94,2.63,2.79,2.04,8.51,8.17,67.96,11.62,110.75,69.05,97.74,36.56
P005,2026-04-23,50.14,79.59,7.97,7.76,3.05,2.78,2.15,8.51,8.46,67.95,11.61,110.81,69.08,97.97,36.54
P005,2026-04-24,50.1,79.71,7.96,7.58,3.21,2.78,2.27,8.5,8.53,67.94,11.61,110.88,69.11,98.03,36.52
P005,2026-04-25,51.4,77.46,7.78,7.4,3.03,2.78,2.39,8.49,8.29,67.94,11.61,110.95,69.15,97.87,36.5
P005,2026-04-26,53.34,74.06,7.52,7.22,2.7,2.79,2.52,8.47,7.92,67.93,11.6,111.04,69.19,97.59,36.48
P005,2026-04-27,54.75,71.59,7.33,7.06,2.5,2.81,2.65,8.44,7.66,67.93,11.6,111.13,69.24,97.41,36.46
P005,2026-04-28,54.87,71.44,7.3,6.9,2.63,2.85,2.78,8.4,7.69,67.93,11.6,111.22,69.29,97.45,36.45
P005,2026-04-29,53.89,73.23,7.4,6.76,3.03,2.9,2.92,8.34,7.96,67.93,11.6,111.33,69.34,97.66,36.44
P005,2026-04-30,52.05,76.45,7.64,6.85,3.33,2.79,2.79,8.44,8.31,67.93,11.6,111.24,69.29,97.91,36.43
P005,2026-05-01,51.24,77.84,7.76,6.94,3.38,2.69,2.66,8.53,8.44,67.94,11.6,111.15,69.25,98.0,36.43
P005,2026-05-02,51.77,76.85,7.71,7.06,3.09,2.61,2.54,8.6,8.26,67.94,11.61,111.07,69.21,97.85,36.43
P005,2026-05-03,52.94,74.72,7.59,7.18,2.65,2.55,2.42,8.66,7.94,67.95,11.61,111.0,69.17,97.61,36.44
P005,2026-05-04,53.59,73.52,7.53,7.32,2.34,2.51,2.3,8.7,7.74,67.95,11.62,110.94,69.14,97.45,36.45
P005,2026-05-05,52.93,74.64,7.63,7.48,2.35,2.49,2.19,8.74,7.83,67.96,11.63,110.88,69.11,97.5,36.47
P005,2026-05-06,51.18,77.7,7.86,7.64,2.64,2.48,2.08,8.76,8.17,67.97,11.63,110.84,69.09,97.74,36.49
P005,2026-05-07,49.77,80.21,8.03,7.71,3.0,2.57,2.11,8.69,8.48,67.98,11.64,110.9,69.12,97.98,36.51
P005,2026-05-08,49.39,80.89,8.07,7.78,3.11,2.67,2.14,8.61,8.57,68.0,11.65,110.97,69.15,98.05,36.53
P005,2026-05-09,50.35,79.2,7.95,7.86,2.89,2.78,2.17,8.53,8.37,68.01,11.66,111.04,69.18,97.89,36.55
P005,2026-05-10,51.95,76.36,7.75,7.93,2.51,2.88,2.21,8.44,8.02,68.02,11.67,111.12,69.22,97.63,36.57
P005,2026-05-11,53.02,74.46,7.62,8.0,2.26,2.99,2.26,8.36,7.78,68.04,11.69,111.21,69.26,97.46,36.6
P005,2026-05-12,52.79,74.88,7.65,8.07,2.34,3.08,2.3,8.29,7.84,68.06,11.7,111.3,69.3,97.51,36.62
P005,2026-05-13,51.46,77.24,7.8,8.12,2.69,3.17,2.35,8.22,8.14,68.07,11.71,111.39,69.35,97.73,36.63
P005,2026-05-14,50.08,79.71,7.97,8.16,3.05,3.25,2.39,8.16,8.46,68.09,11.73,111.49,69.4,97.97,36.65
P005,2026-05-15,49.72,80.36,8.01,8.19,3.17,3.31,2.44,8.12,8.55,68.11,11.74,111.6,69.45,98.04,36.66
P005,2026-05-16,50.69,78.64,7.89,8.2,2.95,3.35,2.49,8.08,8.34,68.13,11.76,111.71,69.5,97.88,36.67
P005,2026-05-17,52.31,75.77,7.69,8.19,2.57,3.38,2.55,8.06,7.99,68.15,11.77,111.82,69.55,97.62,36.67
P005,2026-05-18,53.4,73.84,7.55,8.17,2.32,3.39,2.6,8.05,7.75,68.17,11.79,111.93,69.6,97.45,36.67
P005,2026-05-19,53.18,74.24,7.58,8.13,2.4,3.38,2.66,8.06,7.81,68.19,11.8,112.04,69.66,97.49,36.66
P005,2026-05-20,51.86,76.58,7.73,8.07,2.75,3.35,2.71,8.07,8.11,68.21,11.82,112.16,69.71,97.72,36.65
P005,2026-05-21,50.49,79.04,7.9,8.0,3.12,3.31,2.77,8.11,8.42,68.23,11.84,112.28,69.77,97.96,36.64
P005,2026-05-22,50.14,79.67,7.94,7.92,3.24,3.25,2.83,8.15,8.51,68.26,11.85,112.4,69.82,98.02,36.62
P005,2026-05-23,51.12,77.94,7.81,7.83,3.02,3.18,2.88,8.19,8.3,68.28,11.87,112.51,69.88,97.87,36.6
P005,2026-05-24,52.74,75.06,7.61,7.73,2.64,3.11,2.94,8.25,7.95,68.3,11.89,112.63,69.93,97.61,36.58
P005,2026-05-25,53.83,73.14,7.47,7.63,2.39,3.03,2.99,8.31,7.72,68.32,11.9,112.75,69.99,97.43,36.56
P005,2026-05-26,53.61,73.53,7.5,7.53,2.47,2.95,3.05,8.37,7.77,68.34,11.92,112.86,70.04,97.48,36.53
P005,2026-05-27,52.29,75.88,7.66,7.43,2.82,2.87,3.1,8.43,8.07,68.36,11.94,112.97,70.09,97.71,36.51
P005,2026-05-28,50.91,78.34,7.82,7.33,3.19,2.8,3.16,8.48,8.39,68.38,11.95,113.08,70.14,97.94,36.49
P005,2026-05-29,50.55,78.99,7.86,7.25,3.3,2.74,3.21,8.53,8.48,68.4,11.97,113.19,70.19,98.01,36.47
P005,2026-05-30,51.52,77.27,7.74,7.17,3.08,2.68,3.26,8.56,8.27,68.42,11.98,113.29,70.24,97.86,36.46
P005,2026-05-31,53.14,74.41,7.54,7.11,2.7,2.65,3.3,8.59,7.92,68.44,11.99,113.39,70.29,97.59,36.44
P005,2026-06-01,54.21,72.51,7.41,7.07,2.45,2.62,3.35,8.61,7.68,68.45,12.01,113.48,70.33,97.42,36.43
P005,2026-06-02,53.98,72.93,7.43,7.04,2.53,2.62,3.39,8.61,7.74,68.47,12.02,113.57,70.38,97.47,36.43
P005,2026-06-03,52.65,75.3,7.59,7.03,2.88,2.63,3.43,8.6,8.04,68.48,12.03,113.65,70.41,97.69,36.43
P005,2026-06-04,51.25,77.79,7.76,7.03,3.24,2.66,3.47,8.58,8.36,68.5,12.04,113.73,70.45,97.93,36.44
P005,2026-06-05,51.27,77.82,7.74,6.95,3.41,2.8,3.64,8.45,8.42,68.51,12.05,113.9,70.54,97.99,36.44
P005,2026-06-06,52.62,75.47,7.55,6.89,3.25,2.96,3.81,8.32,8.18,68.52,12.06,114.07,70.62,97.82,36.46
P005,2026-06-07,54.61,71.99,7.28,6.84,2.92,3.13,3.97,8.18,7.8,68.53,12.07,114.24,70.7,97.55,36.47
P005,2026-06-08,56.06,69.47,7.09,6.8,2.73,3.31,4.13,8.03,7.54,68.54,12.08,114.39,70.77,97.37,36.49
P005,2026-06-09,56.2,69.27,7.05,6.77,2.86,3.5,4.29,7.87,7.57,68.55,12.08,114.54,70.85,97.4,36.51
P005,2026-06-10,55.25,71.03,7.14,6.74,3.27,3.69,4.45,7.71,7.84,68.56,12.09,114.68,70.92,97.62,36.54
P005,2026-06-11,54.22,72.9,7.25,6.72,3.69,3.88,4.6,7.55,8.13,68.56,12.09,114.81,70.98,97.84,36.56
P005,2026-06-12,53.41,74.29,7.37,6.91,3.73,3.89,4.47,7.56,8.25,68.57,12.1,114.73,70.94,97.92,36.58
P005,2026-06-13,53.93,73.32,7.32,7.09,3.45,3.88,4.34,7.58,8.08,68.57,12.1,114.64,70.9,97.78,36.6
P005,2026-06-14,55.09,71.21,7.2,7.27,3.0,3.87,4.21,7.6,7.76,68.57,12.1,114.54,70.85,97.54,36.62
P005,2026-06-15,55.71,70.05,7.14,7.43,2.68,3.85,4.07,7.63,7.56,68.57,12.1,114.44,70.79,97.38,36.64
P005,2026-06-16,55.02,71.22,7.25,7.59,2.69,3.81,3.93,7.67,7.66,68.57,12.1,114.33,70.74,97.43,36.65
P005,2026-06-17,53.23,74.36,7.48,7.73,2.98,3.75,3.78,7.73,7.99,68.56,12.1,114.21,70.68,97.68,36.66
P005,2026-06-18,51.37,77.6,7.73,7.86,3.27,3.68,3.63,7.8,8.34,68.56,12.09,114.08,70.61,97.93,36.67
P005,2026-06-19,50.93,78.38,7.79,7.87,3.38,3.68,3.62,7.8,8.44,68.55,12.09,114.04,70.6,98.0,36.67
P005,2026-06-20,51.82,76.8,7.68,7.87,3.14,3.66,3.6,7.82,8.24,68.55,12.08,114.0,70.58,97.84,36.67
P005,2026-06-21,53.35,74.08,7.49,7.85,2.75,3.62,3.58,7.85,7.89,68.54,12.08,113.96,70.56,97.59,36.66
P005,2026-06-22,54.34,72.32,7.37,7.81,2.49,3.57,3.55,7.89,7.66,68.53,12.07,113.9,70.53,97.41,36.65
P005,2026-06-23,54.02,72.88,7.41,7.77,2.55,3.5,3.52,7.95,7.73,68.52,12.06,113.84,70.5,97.46,36.63
P005,2026-06-24,52.6,75.4,7.59,7.71,2.89,3.41,3.49,8.01,8.04,68.51,12.05,113.77,70.47,97.69,36.61
P005,2026-06-25,51.11,78.03,7.77,7.64,3.24,3.32,3.45,8.09,8.36,68.49,12.04,113.7,70.44,97.93,36.59
P005,2026-06-26,50.65,78.86,7.83,7.57,3.34,3.21,3.42,8.17,8.46,68.48,12.03,113.62,70.4,98.0,36.57
P005,2026-06-27,51.51,77.32,7.73,7.5,3.1,3.11,3.37,8.25,8.26,68.46,12.02,113.54,70.36,97.85,36.55
P005,2026-06-28,53.01,74.64,7.55,7.43,2.71,3.0,3.33,8.33,7.91,68.45,12.0,113.44,70.32,97.59,36.53
P005,2026-06-29,53.98,72.91,7.43,7.36,2.44,2.89,3.28,8.42,7.69,68.43,11.99,113.35,70.27,97.42,36.5
P005,2026-06-30,53.64,73.51,7.48,7.3,2.5,2.8,3.24,8.49,7.76,68.41,11.98,113.25,70.22,97.47,36.48
P005,2026-07-01,52.2,76.07,7.65,7.25,2.84,2.71,3.19,8.56,8.07,68.39,11.96,113.15,70.18,97.7,36.47
P005,2026-07-02,50.69,78.73,7.84,7.21,3.19,2.63,3.14,8.62,8.39,68.37,11.95,113.04,70.13,97.94,36.45
P005,2026-07-03,50.21,79.59,7.9,7.18,3.28,2.57,3.08,8.67,8.49,68.35,11.93,112.93,70.07,98.02,36.44
P005,2026-07-04,51.05,78.07,7.8,7.17,3.04,2.52,3.03,8.71,8.29,68.33,11.91,112.82,70.02,97.86,36.43
P005,2026-07-05,52.54,75.42,7.62,7.18,2.64,2.5,2.97,8.73,7.95,68.31,11.9,112.7,69.97,97.61,36.43
P005,2026-07-06,53.5,73.71,7.51,7.21,2.37,2.49,2.92,8.74,7.72,68.29,11.88,112.59,69.91,97.44,36.43
P005,2026-07-07,53.14,74.33,7.56,7.25,2.43,2.5,2.86,8.74,7.79,68.27,11.86,112.47,69.86,97.49,36.44
P005,2026-07-08,51.7,76.89,7.74,7.3,2.77,2.52,2.8,8.72,8.1,68.25,11.85,112.35,69.8,97.72,36.45
P005,2026-07-09,50.19,79.57,7.92,7.37,3.12,2.57,2.75,8.69,8.43,68.23,11.83,112.23,69.75,97.96,36.46
P005,2026-07-10,49.7,80.43,7.99,7.46,3.21,2.62,2.69,8.65,8.52,68.2,11.81,112.12,69.69,98.03,36.48
P005,2026-07-11,50.54,78.92,7.89,7.55,2.97,2.69,2.64,8.6,8.32,68.18,11.8,112.0,69.64,97.88,36.5
P005,2026-07-12,52.03,76.27,7.71,7.65,2.57,2.76,2.58,8.55,7.98,68.16,11.78,111.89,69.58,97.62,36.52
P005,2026-07-13,52.99,74.55,7.59,7.75,2.31,2.84,2.53,8.49,7.76,68.14,11.77,111.77,69.53,97.45,36.54
P005,2026-07-14,52.64,75.16,7.64,7.85,2.37,2.92,2.48,8.43,7.83,68.12,11.75,111.67,69.48,97.5,36.57
P005,2026-07-15,51.2,77.72,7.82,7.95,2.7,3.0,2.42,8.38,8.14,68.1,11.74,111.56,69.43,97.73,36.59
P005,2026-07-16,49.7,80.38,8.0,8.05,3.05,3.08,2.37,8.32,8.46,68.08,11.72,111.46,69.38,97.97,36.61
P005,2026-07-17,49.22,81.22,8.06,8.13,3.15,3.14,2.33,8.27,8.56,68.07,11.71,111.36,69.33,98.04,36.63
P005,2026-07-18,50.48,79.03,7.89,8.1,2.97,3.29,2.42,8.15,8.33,68.05,11.69,111.37,69.34,97.88,36.64
P005,2026-07-19,52.38,75.69,7.64,8.06,2.63,3.42,2.51,8.04,7.95,68.03,11.68,111.38,69.35,97.61,36.66
P005,2026-07-20,53.75,73.3,7.46,8.0,2.42,3.54,2.61,7.94,7.7,68.02,11.67,111.4,69.36,97.43,36.67
P005,2026-07-21,53.83,73.22,7.43,7.93,2.55,3.64,2.71,7.85,7.73,68.0,11.66,111.43,69.38,97.46,36.67
P005,2026-07-22,52.8,75.08,7.54,7.83,2.94,3.73,2.81,7.77,8.01,67.99,11.65,111.46,69.39,97.68,36.67
P005,2026-07-23,51.72,77.05,7.65,7.72,3.36,3.79,2.91,7.71,8.3,67.98,11.64,111.5,69.42,97.91,36.66
P005,2026-07-24,51.67,77.19,7.64,7.59,3.51,3.84,3.02,7.66,8.37,67.97,11.63,111.54,69.44,97.97,36.66
P005,2026-07-25,52.15,76.28,7.6,7.66,3.22,3.69,2.86,7.8,8.19,67.96,11.62,111.38,69.36,97.83,36.64
P005,2026-07-26,53.28,74.22,7.49,7.71,2.77,3.52,2.7,7.94,7.88,67.95,11.62,111.24,69.29,97.58,36.63
P005,2026-07-27,53.88,73.1,7.43,7.75,2.45,3.34,2.55,8.09,7.68,67.94,11.61,111.09,69.22,97.42,36.61
P005,2026-07-28,53.17,74.29,7.54,7.78,2.46,3.15,2.4,8.24,7.78,67.94,11.61,110.96,69.15,97.48,36.59
P005,2026-07-29,51.38,77.43,7.78,7.8,2.74,2.96,2.25,8.4,8.12,67.93,11.6,110.83,69.09,97.72,36.56
P005,2026-07-30,49.53,80.67,8.02,7.82,3.04,2.77,2.1,8.56,8.47,67.93,11.6,110.71,69.03,97.97,36.54
P005,2026-07-31,48.7,82.08,8.14,7.84,3.08,2.58,1.96,8.72,8.59,67.93,11.6,110.6,68.98,98.06,36.52
P005,2026-08-01,49.61,80.46,8.03,7.76,2.85,2.49,1.96,8.79,8.39,67.93,11.6,110.6,68.98,97.9,36.5
P005,2026-08-02,51.17,77.69,7.84,7.69,2.46,2.41,1.97,8.85,8.04,67.93,11.6,110.61,68.98,97.64,36.48
P005,2026-08-03,52.2,75.86,7.71,7.62,2.21,2.34,1.98,8.9,7.81,67.93,11.6,110.63,68.99,97.47,36.46
P005,2026-08-04,51.93,76.34,7.75,7.57,2.28,2.29,1.99,8.94,7.87,67.94,11.61,110.65,69.0,97.52,36.45
P005,2026-08-05,50.57,78.76,7.91,7.53,2.63,2.25,2.0,8.97,8.17,67.94,11.61,110.68,69.01,97.75,36.44
P005,2026-08-06,49.15,81.29,8.08,7.5,2.99,2.23,2.02,8.99,8.49,67.95,11.62,110.72,69.03,97.98,36.43
P005,2026-08-07,48.76,82.0,8.13,7.49,3.1,2.24,2.04,8.99,8.58,67.96,11.62,110.77,69.05,98.05,36.43
P005,2026-08-08,49.7,80.32,8.01,7.49,2.87,2.26,2.07,8.97,8.38,67.97,11.63,110.82,69.08,97.9,36.43
P005,2026-08-09,51.29,77.5,7.82,7.51,2.49,2.29,2.1,8.94,8.03,67.98,11.64,110.88,69.11,97.64,36.44
P005,2026-08-10,52.35,75.62,7.69,7.54,2.24,2.35,2.13,8.89,7.8,67.99,11.65,110.95,69.14,97.46,36.45
P005,2026-08-11,52.11,76.06,7.71,7.59,2.31,2.42,2.17,8.84,7.85,68.01,11.66,111.02,69.17,97.51,36.47
P005,2026-08-12,50.77,78.44,7.87,7.65,2.66,2.51,2.2,8.77,8.16,68.02,11.67,111.1,69.21,97.74,36.49
P005,2026-08-13,49.38,80.92,8.04,7.71,3.03,2.61,2.24,8.7,8.47,68.04,11.68,111.19,69.25,97.98,36.51
P005,2026-08-14,49.01,81.58,8.08,7.78,3.14,2.71,2.29,8.62,8.56,68.05,11.7,111.28,69.29,98.04,36.53
P005,2026-08-15,49.98,79.87,7.96,7.85,2.92,2.82,2.33,8.53,8.35,68.07,11.71,111.37,69.34,97.89,36.55
P005,2026-08-16,51.59,77.01,7.76,7.93,2.54,2.93,2.38,8.45,8.0,68.09,11.72,111.47,69.39,97.63,36.57
P005,2026-08-17,52.67,75.1,7.63,7.99,2.29,3.03,2.43,8.37,7.77,68.11,11.74,111.57,69.43,97.45,36.6
P005,2026-08-18,52.45,75.5,7.65,8.05,2.37,3.13,2.48,8.29,7.82,68.13,11.75,111.68,69.48,97.5,36.62
P005,2026-08-19,51.13,77.85,7.81,8.11,2.72,3.22,2.53,8.22,8.13,68.15,11.77,111.79,69.54,97.73,36.63
P005,2026-08-20,49.75,80.31,7.97,8.14,3.09,3.3,2.59,8.16,8.44,68.17,11.78,111.9,69.59,97.96,36.65
P005,2026-08-21,49.4,80.95,8.01,8.17,3.2,3.36,2.64,8.11,8.53,68.19,11.8,112.02,69.64,98.03,36.66
P005,2026-08-22,50.38,79.22,7.89,8.18,2.98,3.41,2.7,8.07,8.32,68.21,11.82,112.13,69.7,97.88,36.67
P005,2026-08-23,52.0,76.34,7.69,8.17,2.6,3.44,2.76,8.05,7.97,68.23,11.83,112.25,69.75,97.61,36.67
P005,2026-08-24,53.09,74.41,7.55,8.15,2.36,3.45,2.81,8.04,7.73,68.25,11.85,112.37,69.81,97.44,36.67
P005,2026-08-25,52.87,74.81,7.58,8.11,2.44,3.44,2.87,8.05,7.79,68.27,11.87,112.48,69.86,97.49,36.66
P005,2026-08-26,51.56,77.15,7.73,8.05,2.79,3.41,2.92,8.07,8.09,68.29,11.88,112.6,69.92,97.71,36.65
P005,2026-08-27,50.19,79.6,7.9,7.99,3.16,3.37,2.98,8.1,8.4,68.31,11.9,112.72,69.97,97.95,36.64
P005,2026-08-28,49.83,80.24,7.94,7.9,3.27,3.31,3.04,8.14,8.49,68.33,11.92,112.83,70.03,98.02,36.62
P005,2026-08-29,50.81,78.51,7.81,7.81,3.05,3.24,3.09,8.19,8.28,68.35,11.93,112.94,70.08,97.86,36.6
P005,2026-08-30,52.83,74.99,7.54,7.61,2.73,3.26,3.28,8.16,7.9,68.37,11.95,113.16,70.18,97.59,36.58
P005,2026-08-31,54.31,72.41,7.34,7.41,2.54,3.28,3.47,8.13,7.64,68.39,11.96,113.37,70.29,97.4,36.56
P005,2026-09-01,54.49,72.15,7.3,7.2,2.68,3.29,3.65,8.11,7.66,68.41,11.98,113.57,70.39,97.44,36.53
P005,2026-09-02,53.56,73.85,7.39,7.0,3.09,3.3,3.84,8.08,7.93,68.43,11.99,113.78,70.49,97.65,36.51
P005,2026-09-03,52.58,75.67,7.49,6.81,3.52,3.32,4.02,8.05,8.22,68.45,12.0,113.98,70.58,97.88,36.49
P005,2026-09-04,52.61,75.67,7.46,6.62,3.69,3.35,4.2,8.02,8.28,68.46,12.02,114.17,70.68,97.93,36.47
P005,2026-09-05,53.97,73.31,7.27,6.44,3.52,3.39,4.38,7.97,8.04,68.48,12.03,114.36,70.77,97.77,36.46
P005,2026-09-06,55.17,71.13,7.14,6.49,3.08,3.26,4.28,8.09,7.72,68.49,12.04,114.33,70.75,97.52,36.44
P005,2026-09-07,55.83,69.9,7.08,6.55,2.77,3.14,4.18,8.19,7.52,68.51,12.05,114.3,70.74,97.36,36.43
P005,2026-09-08,55.19,71.01,7.17,6.63,2.79,3.03,4.07,8.28,7.61,68.52,12.06,114.27,70.72,97.41,36.43
P005,2026-09-09,53.44,74.06,7.4,6.72,3.08,2.95,3.96,8.36,7.94,68.53,12.07,114.22,70.69,97.65,36.43
P005,2026-09-10,51.63,77.24,7.64,6.84,3.38,2.88,3.85,8.42,8.29,68.54,12.08,114.17,70.67,97.91,36.44
P005,2026-09-11,51.22,77.96,7.69,6.87,3.49,2.92,3.87,8.39,8.38,68.55,12.08,114.22,70.69,97.97,36.44
P005,2026-09-12,52.15,76.31,7.58,6.91,3.26,2.98,3.89,8.35,8.17,68.56,12.09,114.25,70.7,97.82,36.46
P005,2026-09-13,54.11,72.88,7.32,6.87,2.93,3.14,4.04,8.21,7.8,68.56,12.09,114.38,70.77,97.55,36.47
P005,2026-09-14,53.98,72.97,7.39,7.24,2.5,2.95,3.65,8.4,7.66,68.57,12.1,114.1,70.63,97.41,36.49
P005,2026-09-15,55.66,70.24,7.09,6.81,2.86,3.5,4.32,7.92,7.57,68.57,12.1,114.63,70.89,97.4,36.51
P005,2026-09-16,54.67,72.04,7.19,6.79,3.26,3.68,4.46,7.76,7.84,68.57,12.1,114.74,70.94,97.62,36.54
P005,2026-09-17,53.62,73.96,7.3,6.78,3.68,3.87,4.59,7.61,8.13,68.57,12.1,114.84,70.99,97.85,36.56
P005,2026-09-18,50.46,79.23,7.82,7.57,3.38,3.32,3.66,8.12,8.43,68.57,12.1,114.12,70.64,98.0,36.58
P005,2026-09-19,54.88,71.82,7.11,6.74,3.67,4.24,4.85,7.3,7.96,68.57,12.1,115.02,71.08,97.74,36.6
P005,2026-09-20,56.81,68.44,6.85,6.72,3.33,4.41,4.97,7.16,7.59,68.56,12.09,115.1,71.12,97.47,36.62
P005,2026-09-21,53.91,73.09,7.4,7.8,2.5,3.55,3.62,7.94,7.66,68.56,12.09,114.05,70.6,97.41,36.64
P005,2026-09-22,53.6,73.63,7.44,7.86,2.57,3.61,3.6,7.9,7.72,68.55,12.08,114.02,70.59,97.46,36.65
P005,2026-09-23,52.19,76.13,7.61,7.9,2.91,3.64,3.58,7.88,8.03,68.54,12.08,113.97,70.56,97.69,36.66
P005,2026-09-24,50.72,78.74,7.79,7.93,3.26,3.66,3.56,7.87,8.35,68.53,12.07,113.92,70.54,97.93,36.67
P005,2026-09-25,50.26,79.55,7.85,7.95,3.36,3.65,3.53,7.87,8.45,68.52,12.06,113.86,70.51,98.0,36.67
P005,2026-09-26,51.14,77.99,7.74,7.95,3.12,3.63,3.5,7.89,8.24,68.51,12.05,113.79,70.48,97.85,36.67
P005,2026-09-27,52.65,75.29,7.56,7.93,2.73,3.59,3.46,7.92,7.9,68.5,12.04,113.72,70.45,97.59,36.66
P005,2026-09-28,53.63,73.55,7.44,7.9,2.46,3.53,3.43,7.97,7.68,68.48,12.03,113.64,70.41,97.42,36.65
P005,2026-09-29,53.3,74.14,7.48,7.86,2.53,3.46,3.38,8.03,7.74,68.47,12.02,113.56,70.37,97.47,36.63
P005,2026-09-30,51.86,76.68,7.66,7.8,2.86,3.37,3.34,8.09,8.05,68.45,12.01,113.47,70.33,97.7,36.61
P005,2026-10-01,50.37,79.33,7.85,7.74,3.21,3.27,3.3,8.17,8.37,68.43,11.99,113.37,70.28,97.94,36.59
P005,2026-10-02,49.89,80.17,7.91,7.67,3.31,3.17,3.25,8.25,8.47,68.41,11.98,113.27,70.24,98.01,36.57
P005,2026-10-03,50.74,78.65,7.81,7.6,3.07,3.06,3.2,8.34,8.27,68.4,11.96,113.17,70.19,97.86,36.55
P005,2026-10-04,52.23,75.99,7.63,7.53,2.67,2.95,3.15,8.43,7.93,68.38,11.95,113.07,70.14,97.6,36.53
P005,2026-10-05,53.19,74.27,7.51,7.47,2.41,2.84,3.1,8.51,7.71,68.36,11.93,112.96,70.09,97.43,36.5
P005,2026-10-06,52.84,74.88,7.56,7.41,2.47,2.74,3.04,8.59,7.77,68.34,11.92,112.84,70.03,97.48,36.48
P006,2026-04-10,56.59,68.97,7.31,7.25,4.39,4.59,3.06,7.36,8.31,69.42,11.96,111.93,69.76,97.93,36.65
P006,2026-04-11,57.82,66.79,7.17,7.21,4.06,4.52,3.03,7.4,8.02,69.41,11.95,111.87,69.73,97.72,36.64
P006,2026-04-12,59.24,64.25,6.99,7.16,3.69,4.44,3.01,7.47,7.7,69.4,11.95,111.83,69.71,97.47,36.62
P006,2026-04-13,59.74,63.37,6.93,7.09,3.54,4.36,2.99,7.53,7.57,69.4,11.94,111.79,69.69,97.37,36.6
P006,2026-04-14,59.3,64.21,6.96,6.92,3.8,4.36,3.11,7.53,7.72,69.39,11.94,111.86,69.73,97.49,36.58
P006,2026-04-15,58.1,66.39,7.09,6.74,4.24,4.35,3.24,7.52,8.03,69.39,11.93,111.94,69.77,97.74,36.56
P006,2026-04-16,57.31,67.84,7.17,6.55,4.58,4.35,3.37,7.51,8.26,69.38,11.93,112.02,69.81,97.92,36.53
P006,2026-04-17,57.79,67.05,7.08,6.37,4.61,4.35,3.5,7.5,8.2,69.38,11.93,112.12,69.86,97.89,36.51
P006,2026-04-18,59.45,64.15,6.86,6.19,4.34,4.35,3.63,7.49,7.88,69.38,11.93,112.22,69.91,97.66,36.49
P006,2026-04-19,61.3,60.91,6.62,6.01,4.03,4.37,3.77,7.46,7.52,69.38,11.93,112.33,69.96,97.4,36.47
P006,2026-04-20,62.23,59.3,6.47,5.85,3.95,4.4,3.92,7.43,7.36,69.38,11.93,112.45,70.02,97.29,36.46
P006,2026-04-21,61.02,61.42,6.64,5.91,4.09,4.26,3.79,7.56,7.57,69.39,11.94,112.37,69.98,97.44,36.44
P006,2026-04-22,59.05,64.87,6.89,5.98,4.42,4.13,3.67,7.67,7.94,69.39,11.94,112.29,69.94,97.7,36.43
P006,2026-04-23,57.49,67.59,7.11,6.07,4.65,4.02,3.55,7.77,8.22,69.4,11.95,112.22,69.91,97.91,36.43
P006,2026-04-24,57.19,68.05,7.16,6.17,4.56,3.93,3.43,7.86,8.22,69.41,11.95,112.17,69.88,97.9,36.43
P006,2026-04-25,58.07,66.44,7.06,6.28,4.18,3.87,3.32,7.92,7.96,69.42,11.96,112.11,69.85,97.69,36.43
P006,2026-04-26,59.16,64.46,6.95,6.41,3.76,3.82,3.21,7.97,7.66,69.43,11.97,112.07,69.83,97.45,36.44
P006,2026-04-27,59.32,64.13,6.95,6.56,3.56,3.78,3.11,8.02,7.56,69.44,11.98,112.03,69.81,97.37,36.46
P006,2026-04-28,59.31,64.25,6.9,6.4,3.88,4.04,3.41,7.79,7.67,69.45,11.99,112.3,69.94,97.48,36.47
P006,2026-04-29,58.16,66.35,7.02,6.37,4.33,4.22,3.58,7.64,7.98,69.47,12.0,112.48,70.03,97.72,36.49
P006,2026-04-30,57.42,67.72,7.09,6.34,4.68,4.42,3.75,7.49,8.2,69.48,12.01,112.67,70.12,97.9,36.51
P006,2026-05-01,56.0,70.06,7.34,6.81,4.43,4.15,3.26,7.74,8.29,69.5,12.02,112.35,69.96,97.92,36.53
P006,2026-05-02,59.65,63.87,6.77,6.28,4.46,4.81,4.11,7.16,7.82,69.51,12.04,113.05,70.3,97.64,36.56
P006,2026-05-03,61.55,60.57,6.51,6.26,4.15,5.01,4.29,7.0,7.45,69.53,12.05,113.25,70.4,97.37,36.58
P006,2026-05-04,62.52,58.89,6.37,6.22,4.08,5.21,4.47,6.83,7.3,69.55,12.06,113.45,70.5,97.27,36.6
P006,2026-05-05,58.63,65.42,7.0,7.1,3.82,4.57,3.45,7.43,7.71,69.57,12.08,112.75,70.15,97.49,36.62
P006,2026-05-06,61.02,61.69,6.51,6.14,4.79,5.58,4.84,6.54,7.74,69.59,12.09,113.87,70.7,97.63,36.64
P006,2026-05-07,55.99,70.13,7.31,7.18,4.51,4.73,3.56,7.31,8.29,69.61,12.11,112.97,70.25,97.93,36.65
P006,2026-05-08,56.13,69.86,7.28,7.21,4.49,4.79,3.62,7.27,8.26,69.63,12.13,113.09,70.3,97.91,36.66
P006,2026-05-09,57.46,67.52,7.12,7.22,4.18,4.83,3.67,7.24,7.97,69.65,12.14,113.2,70.36,97.69,36.67
P006,2026-05-10,58.98,64.83,6.93,7.21,3.81,4.85,3.73,7.22,7.63,69.67,12.16,113.32,70.41,97.44,36.67
P006,2026-05-11,59.57,63.79,6.85,7.18,3.68,4.85,3.78,7.22,7.5,69.69,12.18,113.43,70.47,97.35,36.67
P006,2026-05-12,58.81,65.15,6.94,7.15,3.89,4.84,3.84,7.24,7.67,69.72,12.19,113.55,70.52,97.48,36.66
P006,2026-05-13,57.29,67.86,7.12,7.08,4.29,4.81,3.9,7.25,8.01,69.74,12.21,113.67,70.58,97.73,36.65
P006,2026-05-14,56.18,69.84,7.25,7.02,4.58,4.76,3.95,7.29,8.26,69.76,12.23,113.79,70.63,97.92,36.63
P006,2026-05-15,56.33,69.59,7.23,6.94,4.56,4.7,4.01,7.34,8.22,69.78,12.24,113.9,70.69,97.9,36.62
P006,2026-05-16,57.65,67.25,7.06,6.84,4.25,4.63,4.06,7.39,7.93,69.8,12.26,114.01,70.74,97.68,36.6
P006,2026-05-17,59.16,64.56,6.87,6.75,3.88,4.55,4.12,7.45,7.59,69.82,12.27,114.12,70.79,97.43,36.57
P006,2026-05-18,59.75,63.53,6.8,6.65,3.75,4.47,4.17,7.52,7.46,69.84,12.29,114.23,70.84,97.33,36.55
P006,2026-05-19,58.98,64.91,6.88,6.55,3.96,4.39,4.22,7.58,7.63,69.86,12.3,114.34,70.89,97.46,36.53
P006,2026-05-20,57.45,67.63,7.07,6.46,5.35,4.31,4.27,7.64,7.97,69.88,12.32,114.44,70.94,97.72,36.51
P006,2026-05-21,56.33,69.63,7.2,6.37,5.65,4.24,4.31,7.7,8.22,69.89,12.33,114.53,70.99,97.91,36.48
P006,2026-05-22,56.46,69.39,7.18,6.29,5.62,4.18,4.36,7.74,8.19,69.91,12.34,114.62,71.03,97.88,36.47
P006,2026-05-23,57.76,67.09,7.02,6.23,5.31,4.13,4.4,7.79,7.9,69.93,12.36,114.71,71.07,97.67,36.45
P006,2026-05-24,59.26,64.43,6.82,6.18,4.94,4.09,4.44,7.82,7.56,69.94,12.37,114.79,71.11,97.42,36.44
P006,2026-05-25,59.83,63.43,6.75,6.14,4.81,4.07,4.47,7.83,7.44,69.95,12.38,114.86,71.14,97.32,36.43
P006,2026-05-26,59.04,64.83,6.85,6.12,5.01,4.07,4.5,7.84,7.61,69.97,12.39,114.93,71.17,97.45,36.43
P006,2026-05-27,57.89,66.94,6.96,6.02,5.46,4.18,4.67,7.75,7.92,69.98,12.4,115.1,71.26,97.7,36.43
P006,2026-05-28,57.14,68.32,7.03,5.93,4.81,4.3,4.83,7.63,8.14,69.99,12.4,115.26,71.33,97.87,36.44
P006,2026-05-29,57.66,67.46,6.95,5.86,4.84,4.45,4.99,7.52,8.08,70.0,12.41,115.41,71.41,97.84,36.45
P006,2026-05-30,59.34,64.53,6.72,5.81,4.58,4.6,5.15,7.39,7.76,70.0,12.42,115.55,71.48,97.61,36.46
P006,2026-05-31,61.21,61.27,6.47,5.76,4.27,4.77,5.3,7.25,7.39,70.01,12.42,115.69,71.55,97.35,36.48
P006,2026-06-01,62.15,59.65,6.33,5.73,4.19,4.95,5.45,7.1,7.24,70.01,12.43,115.82,71.61,97.25,36.5
P006,2026-06-02,61.73,60.44,6.36,5.71,4.45,5.14,5.6,6.95,7.38,70.02,12.43,115.94,71.67,97.37,36.52
P006,2026-06-03,59.75,63.91,6.62,5.9,4.77,5.14,5.47,6.96,7.76,70.02,12.43,115.85,71.62,97.63,36.54
P006,2026-06-04,58.17,66.67,6.83,6.1,5.0,5.14,5.33,6.98,8.04,70.02,12.43,115.75,71.57,97.84,36.57
P006,2026-06-05,57.84,67.18,6.89,6.29,4.91,5.14,5.19,7.0,8.04,70.02,12.43,115.64,71.52,97.83,36.59
P006,2026-06-06,58.69,65.62,6.81,6.47,4.52,5.13,5.05,7.02,7.79,70.02,12.43,115.52,71.46,97.62,36.61
P006,2026-06-07,59.73,63.72,6.69,6.66,4.09,5.11,4.9,7.05,7.49,70.01,12.42,115.4,71.4,97.39,36.63
P006,2026-06-08,60.62,62.2,6.57,6.63,4.0,5.27,5.02,6.93,7.33,70.01,12.42,115.47,71.43,97.28,36.64
P006,2026-06-09,59.76,63.72,6.68,6.68,4.2,5.31,5.0,6.89,7.51,70.0,12.42,115.43,71.42,97.41,36.66
P006,2026-06-10,58.54,65.94,6.8,6.63,4.64,5.44,5.11,6.8,7.83,69.99,12.41,115.48,71.45,97.66,36.67
P006,2026-06-11,55.77,70.65,7.22,7.06,4.69,5.08,4.55,7.13,8.2,69.98,12.4,115.03,71.22,97.9,36.67
P006,2026-06-12,58.16,66.69,6.81,6.46,5.0,5.62,5.32,6.63,8.0,69.97,12.39,115.58,71.5,97.81,36.67
P006,2026-06-13,59.77,63.88,6.59,6.36,4.72,5.69,5.43,6.58,7.68,69.96,12.38,115.62,71.52,97.58,36.67
P006,2026-06-14,61.57,60.73,6.36,6.24,4.4,5.73,5.52,6.54,7.32,69.95,12.37,115.65,71.53,97.32,36.66
P006,2026-06-15,58.92,65.02,6.83,7.01,3.8,4.94,4.42,7.25,7.44,69.94,12.36,114.76,71.09,97.32,36.64
P006,2026-06-16,61.96,60.13,6.27,5.96,4.56,5.78,5.72,6.49,7.32,69.92,12.35,115.69,71.56,97.34,36.63
P006,2026-06-17,56.41,69.48,7.14,6.92,4.37,4.77,4.34,7.39,7.97,69.9,12.34,114.59,71.01,97.72,36.61
P006,2026-06-18,55.17,71.66,7.29,6.85,4.64,4.67,4.29,7.47,8.22,69.89,12.33,114.5,70.97,97.91,36.59
P006,2026-06-19,55.2,71.6,7.29,6.79,4.6,4.56,4.25,7.56,8.2,69.87,12.31,114.4,70.92,97.89,36.57
P006,2026-06-20,56.4,69.46,7.14,6.72,4.27,4.45,4.2,7.65,7.92,69.85,12.3,114.3,70.87,97.67,36.54
P006,2026-06-21,57.79,66.99,6.97,6.65,3.89,4.34,4.15,7.73,7.59,69.83,12.28,114.19,70.82,97.43,36.52
P006,2026-06-22,58.25,66.17,6.92,6.59,3.74,4.24,4.1,7.82,7.47,69.81,12.27,114.08,70.77,97.34,36.5
P006,2026-06-23,57.35,67.74,7.03,6.54,3.93,4.14,4.04,7.9,7.65,69.79,12.25,113.97,70.72,97.47,36.48
P006,2026-06-24,55.7,70.67,7.23,6.49,4.3,4.05,3.99,7.96,8.0,69.77,12.24,113.86,70.67,97.73,36.46
P006,2026-06-25,54.46,72.88,7.39,6.46,4.58,3.98,3.93,8.03,8.26,69.75,12.22,113.74,70.61,97.92,36.45
P006,2026-06-26,54.47,72.84,7.38,6.45,4.54,3.92,3.88,8.08,8.24,69.73,12.2,113.63,70.56,97.9,36.44
P006,2026-06-27,55.66,70.72,7.24,6.44,4.2,3.88,3.82,8.11,7.95,69.71,12.19,113.51,70.5,97.69,36.43
P006,2026-06-28,57.05,68.25,7.07,6.46,3.82,3.86,3.76,8.14,7.63,69.69,12.17,113.39,70.45,97.44,36.43
P006,2026-06-29,57.5,67.44,7.02,6.5,3.67,3.85,3.71,8.15,7.51,69.67,12.15,113.27,70.39,97.35,36.43
P006,2026-06-30,56.6,69.02,7.14,6.54,3.86,3.87,3.65,8.14,7.69,69.64,12.14,113.16,70.34,97.48,36.44
P006,2026-07-01,54.95,71.95,7.33,6.6,4.23,3.9,3.59,8.12,8.04,69.62,12.12,113.04,70.28,97.74,36.45
P006,2026-07-02,53.7,74.15,7.49,6.68,4.51,3.95,3.54,8.1,8.29,69.6,12.1,112.93,70.23,97.93,36.47
P006,2026-07-03,53.72,74.11,7.49,6.76,4.47,4.01,3.49,8.05,8.27,69.58,12.09,112.82,70.18,97.91,36.48
P006,2026-07-04,54.91,71.98,7.34,6.86,4.14,4.08,3.44,8.0,7.99,69.56,12.07,112.71,70.13,97.7,36.5
P006,2026-07-05,56.3,69.5,7.18,6.97,3.75,4.15,3.39,7.95,7.66,69.54,12.06,112.61,70.08,97.45,36.53
P006,2026-07-06,56.77,68.66,7.11,7.07,3.6,4.24,3.34,7.89,7.54,69.53,12.04,112.5,70.03,97.36,36.55
P006,2026-07-07,55.88,70.23,7.23,7.17,3.79,4.32,3.29,7.84,7.72,69.51,12.03,112.41,69.98,97.5,36.57
P006,2026-07-08,54.25,73.14,7.43,7.28,4.17,4.4,3.25,7.78,8.07,69.49,12.02,112.32,69.94,97.75,36.59
P006,2026-07-09,53.42,74.66,7.51,7.26,4.51,4.57,3.34,7.64,8.29,69.48,12.01,112.33,69.95,97.93,36.62
P006,2026-07-10,53.86,73.92,7.44,7.24,4.53,4.72,3.44,7.52,8.24,69.46,11.99,112.36,69.97,97.9,36.63
P006,2026-07-11,55.47,71.11,7.23,7.21,4.26,4.87,3.54,7.4,7.92,69.45,11.98,112.38,69.98,97.68,36.65
P006,2026-07-12,57.28,67.93,6.98,7.16,3.94,5.0,3.64,7.28,7.57,69.44,11.97,112.42,70.0,97.42,36.66
P006,2026-07-13,58.17,66.4,6.86,7.1,3.85,5.12,3.75,7.19,7.41,69.42,11.96,112.46,70.02,97.31,36.67
P006,2026-07-14,57.71,67.26,6.89,7.02,4.1,5.22,3.86,7.11,7.56,69.41,11.96,112.51,70.05,97.43,36.67
P006,2026-07-15,56.5,69.48,7.02,6.92,4.54,5.3,3.97,7.03,7.87,69.4,11.95,112.56,70.08,97.68,36.67
P006,2026-07-16,54.88,72.27,7.24,7.01,4.77,5.18,3.82,7.15,8.16,69.4,11.94,112.42,70.01,97.88,36.66
P006,2026-07-17,54.55,72.81,7.29,7.09,4.67,5.04,3.66,7.27,8.16,69.39,11.94,112.28,69.94,97.87,36.65
P006,2026-07-18,55.39,71.26,7.21,7.14,4.29,4.88,3.51,7.4,7.91,69.39,11.93,112.15,69.87,97.67,36.64
P006,2026-07-19,56.43,69.37,7.11,7.19,3.86,4.71,3.37,7.55,7.61,69.38,11.93,112.03,69.81,97.43,36.62
P006,2026-07-20,56.54,69.11,7.1,7.23,3.65,4.54,3.23,7.71,7.51,69.38,11.93,111.91,69.76,97.35,36.6
P006,2026-07-21,55.31,71.24,7.27,7.25,3.79,4.35,3.09,7.86,7.72,69.38,11.93,111.8,69.7,97.5,36.58
P006,2026-07-22,53.33,74.71,7.53,7.27,4.12,4.16,2.95,8.02,8.09,69.38,11.93,111.7,69.65,97.76,36.56
P006,2026-07-23,52.16,76.81,7.67,7.19,4.41,4.07,2.96,8.1,8.35,69.38,11.93,111.72,69.66,97.95,36.53
P006,2026-07-24,52.25,76.63,7.66,7.1,4.38,3.98,2.97,8.16,8.32,69.39,11.94,111.74,69.67,97.93,36.51
P006,2026-07-25,53.52,74.37,7.5,7.03,4.06,3.89,2.98,8.23,8.03,69.39,11.94,111.76,69.68,97.72,36.49
P006,2026-07-26,55.0,71.76,7.32,6.96,3.69,3.82,3.0,8.3,7.7,69.4,11.94,111.8,69.7,97.47,36.47
P006,2026-07-27,55.54,70.8,7.25,6.89,3.55,3.76,3.02,8.34,7.57,69.41,11.95,111.84,69.72,97.37,36.46
P006,2026-07-28,54.74,72.22,7.34,6.84,3.75,3.71,3.04,8.38,7.74,69.41,11.96,111.89,69.74,97.5,36.44
P006,2026-07-29,53.19,74.98,7.53,6.8,4.14,3.68,3.07,8.41,8.08,69.43,11.97,111.95,69.77,97.76,36.44
P006,2026-07-30,52.04,77.02,7.66,6.77,4.43,3.67,3.1,8.41,8.33,69.44,11.97,112.01,69.8,97.95,36.43
P006,2026-07-31,52.17,76.81,7.65,6.77,4.41,3.68,3.13,8.41,8.3,69.45,11.98,112.08,69.83,97.93,36.43
P006,2026-08-01,53.47,74.5,7.49,6.78,4.09,3.71,3.17,8.39,8.01,69.46,12.0,112.16,69.87,97.71,36.43
P006,2026-08-02,54.96,71.84,7.29,6.8,3.72,3.76,3.21,8.35,7.68,69.48,12.01,112.24,69.9,97.46,36.44
P006,2026-08-03,55.54,70.83,7.22,6.84,3.59,3.82,3.25,8.31,7.55,69.49,12.02,112.33,69.95,97.37,36.46
P006,2026-08-04,54.76,72.22,7.32,6.89,3.79,3.9,3.3,8.25,7.72,69.51,12.03,112.42,69.99,97.5,36.47
P006,2026-08-05,53.23,74.94,7.49,6.94,4.19,3.99,3.34,8.18,8.06,69.53,12.05,112.52,70.04,97.75,36.49
P006,2026-08-06,52.11,76.94,7.63,7.01,4.48,4.09,3.39,8.1,8.31,69.55,12.06,112.62,70.08,97.94,36.51
P006,2026-08-07,52.26,76.69,7.6,7.09,4.46,4.2,3.44,8.03,8.28,69.57,12.08,112.72,70.13,97.92,36.53
P006,2026-08-08,53.58,74.35,7.44,7.16,4.15,4.31,3.49,7.94,7.98,69.59,12.09,112.83,70.18,97.7,36.56
P006,2026-08-09,55.09,71.67,7.25,7.23,3.78,4.42,3.55,7.86,7.65,69.61,12.11,112.94,70.24,97.45,36.58
P006,2026-08-10,55.68,70.63,7.17,7.3,3.65,4.53,3.6,7.78,7.52,69.63,12.12,113.06,70.29,97.35,36.6
P006,2026-08-11,54.92,71.99,7.26,7.36,3.86,4.63,3.66,7.7,7.69,69.65,12.14,113.17,70.34,97.48,36.62
P006,2026-08-12,53.39,74.7,7.45,7.41,4.26,4.71,3.71,7.64,8.02,69.67,12.16,113.29,70.4,97.74,36.64
P006,2026-08-13,52.28,76.69,7.57,7.45,4.55,4.79,3.77,7.59,8.27,69.69,12.17,113.41,70.45,97.93,36.65
P006,2026-08-14,52.43,76.43,7.55,7.47,4.53,4.84,3.83,7.54,8.24,69.71,12.19,113.52,70.51,97.9,36.66
P006,2026-08-15,53.76,74.08,7.39,7.48,4.21,4.89,3.88,7.51,7.95,69.73,12.21,113.64,70.57,97.69,36.67
P006,2026-08-16,55.28,71.39,7.19,7.47,3.85,4.91,3.94,7.5,7.61,69.75,12.22,113.76,70.62,97.43,36.67
P006,2026-08-17,55.86,70.36,7.12,7.44,3.72,4.91,3.99,7.49,7.48,69.77,12.24,113.87,70.67,97.34,36.67
P006,2026-08-18,55.1,71.72,7.2,7.41,3.93,4.9,4.05,7.51,7.65,69.79,12.25,113.99,70.73,97.47,36.66
P006,2026-08-19,53.58,74.43,7.38,7.35,4.32,4.87,4.1,7.54,7.99,69.81,12.27,114.1,70.78,97.72,36.65
P006,2026-08-20,52.46,76.42,7.52,7.28,4.62,4.82,4.15,7.57,8.24,69.83,12.29,114.21,70.83,97.91,36.63
P006,2026-08-21,53.01,75.52,7.42,7.1,4.65,4.85,4.34,7.53,8.17,69.85,12.3,114.41,70.93,97.88,36.62
P006,2026-08-22,54.73,72.53,7.19,6.91,4.4,4.87,4.53,7.51,7.85,69.87,12.31,114.62,71.03,97.65,36.6
P006,2026-08-23,56.63,69.19,6.94,6.7,4.09,4.89,4.71,7.48,7.49,69.89,12.33,114.82,71.13,97.39,36.57
P006,2026-08-24,57.61,67.52,6.79,6.51,4.02,4.9,4.89,7.46,7.33,69.91,12.34,115.02,71.23,97.28,36.55
P006,2026-08-25,57.23,68.25,6.82,6.31,4.28,4.91,5.07,7.44,7.47,69.92,12.35,115.21,71.32,97.4,36.53
P006,2026-08-26,56.09,70.33,6.93,6.11,4.73,4.93,5.25,7.42,7.78,69.94,12.37,115.39,71.41,97.64,36.51
P006,2026-08-27,55.35,71.69,7.0,5.92,5.08,4.94,5.42,7.39,7.99,69.95,12.38,115.57,71.5,97.82,36.48
P006,2026-08-28,55.08,72.13,7.05,5.96,5.0,4.78,5.32,7.53,7.99,69.96,12.39,115.54,71.48,97.81,36.47
P006,2026-08-29,55.97,70.51,6.95,5.99,4.62,4.64,5.21,7.65,7.73,69.97,12.39,115.5,71.46,97.6,36.45
P006,2026-08-30,57.05,68.53,6.84,6.05,4.2,4.5,5.1,7.77,7.43,69.99,12.4,115.45,71.43,97.37,36.44
P006,2026-08-31,57.2,68.21,6.84,6.13,4.0,4.38,4.99,7.88,7.33,69.99,12.41,115.4,71.4,97.28,36.43
P006,2026-09-01,56.0,70.3,7.0,6.21,4.14,4.28,4.87,7.97,7.54,70.0,12.42,115.34,71.37,97.43,36.43
P006,2026-09-02,54.03,73.76,7.26,6.32,4.47,4.2,4.75,8.05,7.91,70.01,12.42,115.27,71.34,97.69,36.43
P006,2026-09-03,52.47,76.49,7.46,6.45,4.7,4.13,4.63,8.12,8.19,70.01,12.42,115.19,71.3,97.9,36.44
P006,2026-09-04,52.57,76.31,7.45,6.48,4.67,4.18,4.64,8.08,8.17,70.02,12.43,115.21,71.31,97.87,36.45
P006,2026-09-05,53.83,74.07,7.3,6.53,4.35,4.24,4.64,8.05,7.88,70.02,12.43,115.22,71.31,97.66,36.46
P006,2026-09-06,55.28,71.49,7.11,6.6,3.98,4.31,4.65,8.0,7.55,70.02,12.43,115.23,71.31,97.41,36.48
P006,2026-09-07,55.8,70.56,7.05,6.67,3.84,4.39,4.64,7.93,7.42,70.02,12.43,115.22,71.31,97.32,36.5
P006,2026-09-08,54.97,72.05,7.15,6.76,4.03,4.48,4.64,7.87,7.6,70.02,12.43,115.21,71.31,97.45,36.52
P006,2026-09-09,53.36,74.88,7.34,6.86,4.42,4.57,4.63,7.81,7.94,70.01,12.43,115.19,71.3,97.71,36.54
P006,2026-09-10,52.17,77.01,7.49,6.95,4.7,4.66,4.62,7.74,8.19,70.01,12.42,115.17,71.29,97.9,36.56
P006,2026-09-11,52.23,76.89,7.47,7.04,4.67,4.75,4.6,7.68,8.17,70.0,12.42,115.13,71.27,97.88,36.59
P006,2026-09-12,53.47,74.69,7.33,7.13,4.34,4.83,4.58,7.62,7.88,70.0,12.41,115.09,71.25,97.66,36.61
P006,2026-09-13,54.89,72.16,7.16,7.21,3.96,4.91,4.56,7.56,7.55,69.99,12.4,115.04,71.23,97.41,36.63
P006,2026-09-14,55.38,71.29,7.09,7.28,3.82,4.96,4.53,7.53,7.43,69.98,12.4,114.99,71.2,97.32,36.64
P006,2026-09-15,54.51,72.82,7.2,7.35,4.01,5.01,4.5,7.5,7.61,69.96,12.39,114.92,71.17,97.45,36.66
P006,2026-09-16,52.89,75.71,7.4,7.39,4.39,5.04,4.47,7.48,7.96,69.95,12.38,114.85,71.14,97.71,36.66
P006,2026-09-17,51.67,77.87,7.55,7.42,4.67,5.04,4.43,7.48,8.21,69.94,12.37,114.78,71.1,97.9,36.67
P006,2026-09-18,51.71,77.8,7.55,7.44,4.63,5.03,4.39,7.5,8.19,69.92,12.35,114.7,71.06,97.88,36.67
P006,2026-09-19,52.91,75.65,7.39,7.44,4.3,5.0,4.35,7.52,7.9,69.91,12.34,114.61,71.02,97.67,36.67
P006,2026-09-20,54.31,73.16,7.23,7.42,3.92,4.96,4.31,7.56,7.58,69.89,12.33,114.52,70.98,97.42,36.66
P006,2026-09-21,54.78,72.32,7.17,7.4,3.77,4.89,4.26,7.62,7.46,69.87,12.32,114.42,70.93,97.33,36.64
P006,2026-09-22,53.89,73.9,7.28,7.35,3.96,4.81,4.21,7.68,7.64,69.86,12.3,114.32,70.89,97.46,36.63
P006,2026-09-23,52.23,76.81,7.48,7.3,4.33,4.72,4.16,7.76,7.98,69.84,12.29,114.22,70.84,97.72,36.61
P006,2026-09-24,50.99,79.01,7.64,7.25,4.61,4.62,4.11,7.85,8.24,69.82,12.27,114.11,70.79,97.91,36.59
P006,2026-09-25,51.01,78.96,7.63,7.17,4.57,4.51,4.06,7.93,8.22,69.8,12.26,114.0,70.73,97.89,36.57
P006,2026-09-26,52.2,76.85,7.49,7.11,4.24,4.4,4.0,8.02,7.94,69.78,12.24,113.89,70.68,97.68,36.54
P006,2026-09-27,53.59,74.37,7.32,7.05,3.85,4.29,3.95,8.11,7.61,69.76,12.22,113.77,70.63,97.43,36.52
P006,2026-09-28,54.04,73.55,7.27,6.98,3.7,4.18,3.89,8.19,7.49,69.73,12.21,113.65,70.57,97.34,36.5
P006,2026-09-29,53.15,75.14,7.38,6.93,3.89,4.08,3.83,8.28,7.67,69.71,12.19,113.54,70.52,97.48,36.48
P006,2026-09-30,51.49,78.08,7.58,6.89,4.27,3.99,3.78,8.35,8.02,69.69,12.17,113.42,70.46,97.74,36.46
P006,2026-10-01,50.25,80.28,7.74,6.86,4.54,3.92,3.72,8.41,8.28,69.67,12.16,113.3,70.41,97.93,36.45
P006,2026-10-02,50.27,80.24,7.74,6.84,4.5,3.86,3.66,8.46,8.25,69.65,12.14,113.19,70.35,97.91,36.44
P006,2026-10-03,51.86,77.45,7.52,6.74,4.22,3.92,3.75,8.41,7.94,69.63,12.12,113.17,70.35,97.68,36.43
P006,2026-10-04,53.64,74.33,7.29,6.64,3.9,3.99,3.83,8.35,7.58,69.61,12.11,113.16,70.35,97.42,36.43
P006,2026-10-05,54.5,72.85,7.16,6.57,3.81,4.08,3.91,8.27,7.43,69.59,12.09,113.16,70.35,97.32,36.43
P006,2026-10-06,54.0,73.76,7.21,6.51,4.06,4.19,3.99,8.18,7.58,69.57,12.08,113.15,70.35,97.44,36.44
P007,2026-04-10,50.03,80.61,7.79,7.24,4.37,4.07,3.09,8.36,8.2,70.84,12.26,112.18,70.01,97.86,36.51
P007,2026-04-11,52.0,77.16,7.52,7.05,4.05,4.08,3.24,8.34,7.83,70.84,12.27,112.3,70.08,97.59,36.49
P007,2026-04-12,52.9,75.51,7.43,7.08,3.68,3.91,3.12,8.47,7.59,70.85,12.27,112.23,70.04,97.39,36.47
P007,2026-04-13,52.6,76.01,7.49,7.11,3.62,3.76,3.0,8.59,7.61,70.85,12.28,112.17,70.01,97.4,36.45
P007,2026-04-14,51.06,78.69,7.7,7.17,3.87,3.63,2.89,8.71,7.9,70.86,12.29,112.12,69.98,97.61,36.44
P007,2026-04-15,49.2,81.95,7.95,7.23,4.2,3.51,2.78,8.8,8.27,70.87,12.29,112.07,69.95,97.88,36.43
P007,2026-04-16,48.17,83.73,8.09,7.31,4.32,3.41,2.67,8.88,8.46,70.88,12.3,112.03,69.93,98.01,36.43
P007,2026-04-17,48.5,83.09,8.07,7.4,4.1,3.33,2.57,8.95,8.34,70.9,12.31,111.99,69.91,97.91,36.43
P007,2026-04-18,49.7,80.91,7.95,7.51,3.67,3.27,2.46,9.01,8.03,70.91,12.32,111.96,69.89,97.67,36.44
P007,2026-04-19,51.03,78.56,7.78,7.53,3.37,3.32,2.5,8.96,7.75,70.92,12.33,112.04,69.93,97.46,36.45
P007,2026-04-20,51.15,78.36,7.76,7.56,3.37,3.39,2.55,8.9,7.74,70.94,12.35,112.13,69.97,97.45,36.46
P007,2026-04-21,50.04,80.33,7.9,7.62,3.68,3.47,2.59,8.84,8.0,70.96,12.36,112.22,70.01,97.65,36.48
P007,2026-04-22,48.61,82.89,8.07,7.67,4.07,3.57,2.64,8.76,8.34,70.97,12.37,112.31,70.06,97.9,36.5
P007,2026-04-23,48.0,83.98,8.15,7.73,4.25,3.67,2.68,8.68,8.49,70.99,12.39,112.41,70.11,98.02,36.52
P007,2026-04-24,48.75,82.64,8.06,7.8,4.1,3.78,2.73,8.59,8.34,71.01,12.4,112.52,70.16,97.91,36.54
P007,2026-04-25,50.38,79.77,7.85,7.87,3.73,3.89,2.78,8.5,8.0,71.03,12.42,112.63,70.21,97.65,36.56
P007,2026-04-26,51.72,77.39,7.69,7.93,3.43,4.0,2.84,8.41,7.72,71.05,12.43,112.74,70.26,97.45,36.59
P007,2026-04-27,51.85,77.16,7.67,7.99,3.43,4.1,2.89,8.33,7.71,71.07,12.45,112.85,70.31,97.44,36.61
P007,2026-04-28,50.76,79.12,7.8,8.04,3.74,4.2,2.95,8.25,7.97,71.09,12.46,112.96,70.37,97.64,36.63
P007,2026-04-29,49.33,81.65,7.98,8.08,4.13,4.28,3.0,8.18,8.31,71.11,12.48,113.08,70.42,97.89,36.64
P007,2026-04-30,48.74,82.72,8.05,8.11,4.32,4.35,3.06,8.13,8.46,71.13,12.5,113.2,70.48,98.01,36.66
P007,2026-05-01,49.51,81.38,7.95,8.12,4.16,4.4,3.12,8.08,8.31,71.16,12.51,113.32,70.53,97.9,36.66
P007,2026-05-02,51.13,78.5,7.76,8.11,3.8,4.44,3.17,8.04,7.96,71.18,12.53,113.43,70.59,97.64,36.67
P007,2026-05-03,52.48,76.11,7.59,8.1,3.5,4.45,3.23,8.03,7.68,71.2,12.55,113.55,70.64,97.43,36.67
P007,2026-05-04,52.61,75.88,7.57,8.06,3.5,4.45,3.28,8.02,7.67,71.22,12.56,113.67,70.7,97.43,36.67
P007,2026-05-05,51.51,77.84,7.7,8.0,3.81,4.43,3.34,8.03,7.94,71.24,12.58,113.78,70.75,97.62,36.66
P007,2026-05-06,50.09,80.38,7.87,7.94,4.2,4.4,3.39,8.06,8.27,71.26,12.6,113.89,70.8,97.88,36.64
P007,2026-05-07,49.5,81.46,7.95,7.86,4.39,4.35,3.45,8.09,8.42,71.28,12.61,114.0,70.85,97.99,36.63
P007,2026-05-08,50.25,80.12,7.85,7.77,4.23,4.28,3.5,8.13,8.27,71.3,12.63,114.11,70.9,97.88,36.61
P007,2026-05-09,51.86,77.26,7.65,7.68,3.86,4.21,3.55,8.19,7.93,71.32,12.64,114.21,70.95,97.63,36.59
P007,2026-05-10,53.2,74.89,7.49,7.57,3.56,4.13,3.59,8.24,7.65,71.34,12.65,114.31,71.0,97.42,36.57
P007,2026-05-11,53.32,74.68,7.47,7.47,3.56,4.04,3.64,8.29,7.64,71.35,12.67,114.4,71.04,97.41,36.54
P007,2026-05-12,52.21,76.66,7.61,7.37,3.87,3.96,3.68,8.36,7.9,71.37,12.68,114.49,71.09,97.61,36.52
P007,2026-05-13,50.77,79.22,7.79,7.27,4.26,3.88,3.72,8.41,8.24,71.38,12.69,114.57,71.12,97.87,36.5
P007,2026-05-14,50.16,80.33,7.86,7.18,4.44,3.81,3.76,8.46,8.39,71.4,12.7,114.65,71.16,97.98,36.48
P007,2026-05-15,50.89,79.04,7.77,7.11,4.28,3.75,3.79,8.51,8.24,71.41,12.71,114.72,71.19,97.87,36.46
P007,2026-05-16,52.48,76.2,7.58,7.04,3.91,3.7,3.82,8.54,7.9,71.42,12.72,114.79,71.23,97.62,36.45
P007,2026-05-17,53.79,73.87,7.41,6.98,3.61,3.66,3.85,8.55,7.63,71.43,12.73,114.84,71.25,97.41,36.44
P007,2026-05-18,54.29,73.04,7.34,6.85,3.66,3.74,4.01,8.49,7.59,71.44,12.74,115.0,71.33,97.39,36.43
P007,2026-05-19,53.56,74.41,7.41,6.73,4.03,3.83,4.17,8.39,7.82,71.45,12.74,115.15,71.4,97.58,36.43
P007,2026-05-20,52.5,76.35,7.51,6.62,4.47,3.94,4.33,8.29,8.13,71.46,12.75,115.29,71.47,97.82,36.43
P007,2026-05-21,52.25,76.84,7.53,6.54,4.71,4.07,4.48,8.18,8.25,71.46,12.75,115.42,71.54,97.93,36.44
P007,2026-05-22,53.35,74.94,7.37,6.47,4.6,4.22,4.62,8.05,8.08,71.47,12.76,115.55,71.6,97.81,36.45
P007,2026-05-23,55.32,71.49,7.11,6.42,4.29,4.37,4.77,7.91,7.71,71.47,12.76,115.67,71.66,97.54,36.47
P007,2026-05-24,57.0,68.55,6.9,6.38,4.04,4.54,4.91,7.77,7.4,71.47,12.76,115.78,71.71,97.32,36.48
P007,2026-05-25,56.68,69.09,6.95,6.55,3.97,4.53,4.77,7.79,7.43,71.47,12.76,115.67,71.66,97.33,36.5
P007,2026-05-26,55.11,71.83,7.17,6.74,4.21,4.53,4.63,7.8,7.73,71.47,12.76,115.56,71.6,97.54,36.53
P007,2026-05-27,53.21,75.15,7.42,6.93,4.53,4.53,4.48,7.82,8.1,71.46,12.76,115.44,71.54,97.81,36.55
P007,2026-05-28,52.13,77.01,7.57,7.12,4.65,4.53,4.33,7.82,8.29,71.46,12.75,115.31,71.48,97.94,36.57
P007,2026-05-29,52.4,76.47,7.57,7.3,4.42,4.52,4.18,7.84,8.17,71.45,12.75,115.17,71.41,97.84,36.59
P007,2026-05-30,53.53,74.4,7.45,7.49,3.98,4.51,4.03,7.86,7.87,71.45,12.74,115.03,71.34,97.6,36.61
P007,2026-05-31,54.39,72.83,7.36,7.67,3.61,4.48,3.87,7.89,7.63,71.44,12.74,114.88,71.27,97.41,36.63
P007,2026-06-01,54.43,72.77,7.37,7.72,3.6,4.54,3.84,7.84,7.62,71.43,12.73,114.82,71.24,97.41,36.65
P007,2026-06-02,53.23,74.88,7.51,7.78,3.89,4.58,3.81,7.82,7.89,71.42,12.72,114.76,71.21,97.61,36.66
P007,2026-06-03,51.7,77.6,7.71,7.81,4.27,4.6,3.78,7.79,8.23,71.41,12.71,114.69,71.18,97.86,36.67
P007,2026-06-04,50.99,78.84,7.8,7.83,4.44,4.6,3.74,7.79,8.39,71.39,12.7,114.62,71.15,97.98,36.67
P007,2026-06-05,51.64,77.69,7.72,7.84,4.27,4.59,3.71,7.8,8.25,71.38,12.69,114.54,71.11,97.87,36.67
P007,2026-06-06,53.15,75.0,7.55,7.82,3.88,4.55,3.66,7.83,7.92,71.36,12.68,114.46,71.07,97.62,36.66
P007,2026-06-07,54.38,72.82,7.4,7.79,3.56,4.5,3.62,7.86,7.65,71.35,12.66,114.36,71.03,97.42,36.65
P007,2026-06-08,54.39,72.79,7.4,7.76,3.55,4.43,3.57,7.92,7.65,71.33,12.65,114.27,70.98,97.42,36.64
P007,2026-06-09,53.17,74.94,7.56,7.71,3.84,4.34,3.53,7.98,7.92,71.31,12.64,114.17,70.93,97.62,36.62
P007,2026-06-10,51.62,77.69,7.75,7.64,4.22,4.25,3.48,8.05,8.26,71.29,12.62,114.07,70.89,97.87,36.6
P007,2026-06-11,50.89,78.97,7.84,7.57,4.38,4.14,3.43,8.12,8.42,71.27,12.61,113.96,70.84,97.99,36.58
P007,2026-06-12,51.53,77.84,7.77,7.5,4.21,4.03,3.37,8.21,8.28,71.25,12.59,113.85,70.78,97.89,36.56
P007,2026-06-13,53.02,75.19,7.59,7.43,3.82,3.92,3.32,8.29,7.95,71.23,12.57,113.74,70.73,97.64,36.54
P007,2026-06-14,54.23,73.02,7.45,7.35,3.5,3.81,3.26,8.37,7.68,71.21,12.56,113.62,70.68,97.43,36.51
P007,2026-06-15,54.23,73.01,7.45,7.3,3.48,3.71,3.21,8.45,7.68,71.19,12.54,113.51,70.62,97.43,36.49
P007,2026-06-16,53.0,75.18,7.6,7.24,3.78,3.61,3.15,8.52,7.95,71.17,12.52,113.39,70.57,97.63,36.47
P007,2026-06-17,51.44,77.94,7.81,7.19,4.15,3.53,3.09,8.58,8.3,71.15,12.51,113.27,70.51,97.89,36.46
P007,2026-06-18,50.72,79.23,7.9,7.16,4.31,3.46,3.04,8.64,8.46,71.13,12.49,113.15,70.46,98.01,36.44
P007,2026-06-19,51.34,78.11,7.82,7.14,4.14,3.41,2.98,8.67,8.32,71.1,12.47,113.04,70.4,97.9,36.44
P007,2026-06-20,52.83,75.46,7.65,7.13,3.75,3.37,2.93,8.7,7.99,71.08,12.46,112.92,70.35,97.65,36.43
P007,2026-06-21,54.04,73.29,7.5,7.15,3.43,3.36,2.87,8.71,7.72,71.06,12.44,112.81,70.29,97.45,36.43
P007,2026-06-22,54.05,73.28,7.51,7.17,3.42,3.36,2.82,8.71,7.72,71.04,12.43,112.69,70.24,97.44,36.43
P007,2026-06-23,52.82,75.44,7.67,7.22,3.71,3.38,2.77,8.69,7.99,71.02,12.41,112.59,70.19,97.64,36.44
P007,2026-06-24,51.28,78.19,7.86,7.28,4.08,3.42,2.71,8.67,8.33,71.0,12.4,112.48,70.14,97.9,36.46
P007,2026-06-25,50.56,79.47,7.96,7.35,4.25,3.47,2.66,8.62,8.49,70.98,12.38,112.38,70.09,98.02,36.47
P007,2026-06-26,51.19,78.33,7.88,7.43,4.08,3.53,2.62,8.57,8.35,70.97,12.37,112.28,70.04,97.91,36.49
P007,2026-06-27,52.69,75.66,7.7,7.52,3.69,3.61,2.57,8.52,8.02,70.95,12.35,112.18,70.0,97.66,36.51
P007,2026-06-28,53.92,73.46,7.56,7.61,3.37,3.69,2.53,8.45,7.75,70.93,12.34,112.09,69.96,97.46,36.53
P007,2026-06-29,53.94,73.42,7.55,7.71,3.36,3.77,2.49,8.38,7.75,70.92,12.33,112.01,69.92,97.45,36.56
P007,2026-06-30,53.14,74.91,7.63,7.7,3.71,3.95,2.59,8.24,7.99,70.9,12.32,112.04,69.93,97.64,36.58
P007,2026-07-01,52.01,76.96,7.76,7.69,4.15,4.13,2.69,8.09,8.3,70.89,12.31,112.07,69.95,97.89,36.6
P007,2026-07-02,51.7,77.54,7.78,7.66,4.37,4.29,2.79,7.94,8.43,70.88,12.3,112.1,69.97,97.99,36.62
P007,2026-07-03,52.76,75.7,7.63,7.63,4.27,4.45,2.9,7.81,8.25,70.87,12.29,112.15,69.99,97.88,36.64
P007,2026-07-04,54.69,72.33,7.39,7.58,3.94,4.6,3.01,7.68,7.89,70.86,12.28,112.2,70.02,97.61,36.65
P007,2026-07-05,56.34,69.43,7.16,7.52,3.69,4.73,3.13,7.56,7.58,70.85,12.28,112.26,70.05,97.39,36.66
P007,2026-07-06,56.8,68.69,7.1,7.45,3.74,4.84,3.25,7.47,7.55,70.84,12.27,112.32,70.09,97.38,36.67
P007,2026-07-07,55.21,71.45,7.31,7.55,3.97,4.75,3.1,7.54,7.85,70.84,12.27,112.19,70.02,97.59,36.67
P007,2026-07-08,53.31,74.77,7.56,7.64,4.3,4.64,2.95,7.63,8.22,70.83,12.26,112.06,69.96,97.86,36.67
P007,2026-07-09,52.63,75.98,7.65,7.63,4.47,4.61,2.94,7.66,8.38,70.83,12.26,112.05,69.95,97.98,36.66
P007,2026-07-10,52.52,76.06,7.7,7.78,4.19,4.38,2.66,7.86,8.29,70.83,12.26,111.83,69.84,97.89,36.65
P007,2026-07-11,54.85,72.02,7.38,7.52,3.92,4.5,2.93,7.73,7.9,70.83,12.26,112.03,69.94,97.62,36.63
P007,2026-07-12,56.13,69.76,7.23,7.46,3.61,4.42,2.93,7.8,7.62,70.83,12.26,112.04,69.94,97.41,36.62
P007,2026-07-13,56.2,69.63,7.22,7.38,3.61,4.34,2.93,7.85,7.62,70.83,12.26,112.05,69.95,97.4,36.6
P007,2026-07-14,53.1,74.9,7.7,7.79,3.62,3.79,2.28,8.33,8.03,70.84,12.27,111.57,69.71,97.66,36.57
P007,2026-07-15,54.36,73.0,7.41,7.0,4.41,4.34,3.23,7.82,8.16,70.84,12.27,112.31,70.08,97.84,36.55
P007,2026-07-16,54.11,73.5,7.42,6.8,5.65,4.34,3.38,7.8,8.29,70.85,12.28,112.45,70.15,97.94,36.53
P007,2026-07-17,55.22,71.58,7.27,6.6,5.54,4.35,3.53,7.77,8.11,70.86,12.28,112.6,70.22,97.82,36.51
P007,2026-07-18,53.3,74.56,7.68,7.43,4.65,3.44,2.36,8.58,8.04,70.87,12.29,111.74,69.79,97.67,36.49
P007,2026-07-19,54.61,72.23,7.51,7.34,4.35,3.37,2.39,8.62,7.76,70.88,12.3,111.8,69.82,97.46,36.47
P007,2026-07-20,54.72,72.04,7.51,7.27,4.35,3.32,2.42,8.66,7.75,70.89,12.31,111.87,69.85,97.46,36.45
P007,2026-07-21,53.6,74.04,7.64,7.22,4.65,3.28,2.46,8.69,8.02,70.91,12.32,111.94,69.88,97.66,36.44
P007,2026-07-22,52.15,76.61,7.81,7.17,5.04,3.26,2.49,8.7,8.35,70.92,12.33,112.02,69.92,97.91,36.43
P007,2026-07-23,51.54,77.71,7.89,7.14,5.22,3.26,2.53,8.69,8.51,70.94,12.34,112.11,69.96,98.03,36.43
P007,2026-07-24,52.29,76.4,7.8,7.13,4.07,3.28,2.58,8.68,8.36,70.95,12.36,112.2,70.0,97.91,36.43
P007,2026-07-25,53.9,73.53,7.6,7.13,3.7,3.31,2.62,8.64,8.02,70.97,12.37,112.29,70.05,97.66,36.44
P007,2026-07-26,55.23,71.17,7.44,7.15,3.4,3.37,2.67,8.59,7.74,70.99,12.38,112.39,70.1,97.45,36.45
P007,2026-07-27,55.36,70.94,7.42,7.19,3.4,3.44,2.72,8.54,7.72,71.01,12.4,112.49,70.14,97.45,36.46
P007,2026-07-28,54.26,72.91,7.56,7.23,3.71,3.52,2.77,8.47,7.99,71.03,12.41,112.6,70.19,97.64,36.48
P007,2026-07-29,52.83,75.46,7.72,7.28,4.1,3.62,2.82,8.38,8.32,71.05,12.43,112.71,70.25,97.9,36.5
P007,2026-07-30,52.24,76.52,7.79,7.35,4.29,3.72,2.88,8.31,8.47,71.07,12.44,112.82,70.3,98.01,36.52
P007,2026-07-31,53.0,75.19,7.71,7.41,4.13,3.83,2.93,8.21,8.32,71.09,12.46,112.94,70.35,97.9,36.54
P007,2026-08-01,54.62,72.3,7.5,7.47,3.76,3.95,2.99,8.12,7.98,71.11,12.48,113.05,70.41,97.65,36.56
P007,2026-08-02,55.97,69.92,7.33,7.54,3.46,4.06,3.05,8.04,7.7,71.13,12.49,113.17,70.46,97.44,36.59
P007,2026-08-03,56.1,69.68,7.32,7.6,3.47,4.16,3.1,7.95,7.69,71.15,12.51,113.29,70.52,97.43,36.61
P007,2026-08-04,55.01,71.64,7.45,7.64,3.78,4.26,3.16,7.87,7.95,71.17,12.53,113.4,70.57,97.63,36.63
P007,2026-08-05,53.6,74.18,7.63,7.69,4.17,4.34,3.21,7.81,8.29,71.19,12.54,113.52,70.63,97.88,36.64
P007,2026-08-06,53.0,75.24,7.69,7.71,4.35,4.41,3.27,7.74,8.44,71.21,12.56,113.64,70.68,98.0,36.66
P007,2026-08-07,53.76,73.9,7.6,7.72,4.2,4.46,3.33,7.7,8.29,71.23,12.58,113.75,70.74,97.89,36.66
P007,2026-08-08,55.38,71.02,7.4,7.72,3.83,4.5,3.38,7.66,7.95,71.25,12.59,113.86,70.79,97.63,36.67
P007,2026-08-09,56.72,68.65,7.23,7.71,3.53,4.51,3.43,7.65,7.67,71.27,12.61,113.97,70.84,97.43,36.67
P007,2026-08-10,56.85,68.43,7.21,7.67,3.53,4.51,3.48,7.64,7.65,71.29,12.62,114.08,70.89,97.42,36.67
P007,2026-08-11,55.75,70.39,7.35,7.61,3.84,4.49,3.53,7.65,7.92,71.31,12.64,114.18,70.94,97.62,36.66
P007,2026-08-12,54.72,72.29,7.46,7.45,4.29,4.55,3.72,7.59,8.22,71.33,12.65,114.39,71.04,97.86,36.64
P007,2026-08-13,54.51,72.71,7.46,7.27,4.54,4.59,3.9,7.54,8.34,71.35,12.66,114.58,71.14,97.96,36.63
P007,2026-08-14,55.66,70.74,7.3,7.08,4.44,4.61,4.08,7.5,8.16,71.36,12.68,114.78,71.23,97.84,36.61
P007,2026-08-15,57.66,67.22,7.03,6.88,4.13,4.63,4.26,7.47,7.79,71.38,12.69,114.97,71.32,97.57,36.59
P007,2026-08-16,59.39,64.22,6.81,6.68,3.88,4.65,4.43,7.44,7.48,71.39,12.7,115.15,71.41,97.36,36.57
P007,2026-08-17,59.91,63.37,6.72,6.47,3.94,4.65,4.6,7.42,7.44,71.41,12.71,115.33,71.5,97.34,36.54
P007,2026-08-18,59.18,64.71,6.79,6.27,4.31,4.66,4.77,7.4,7.68,71.42,12.72,115.5,71.58,97.53,36.52
P007,2026-08-19,57.33,67.96,7.04,6.28,4.63,4.49,4.66,7.54,8.04,71.43,12.73,115.45,71.56,97.79,36.5
P007,2026-08-20,56.29,69.74,7.18,6.3,4.76,4.32,4.55,7.67,8.23,71.44,12.74,115.4,71.53,97.92,36.48
P007,2026-08-21,56.61,69.13,7.16,6.33,4.54,4.16,4.44,7.81,8.11,71.45,12.74,115.35,71.5,97.82,36.46
P007,2026-08-22,57.79,66.99,7.04,6.37,4.1,4.01,4.32,7.93,7.8,71.46,12.75,115.28,71.47,97.58,36.45
P007,2026-08-23,58.69,65.34,6.95,6.42,3.74,3.88,4.2,8.03,7.56,71.46,12.75,115.21,71.43,97.38,36.44
P007,2026-08-24,58.37,65.86,7.02,6.5,3.67,3.76,4.07,8.14,7.58,71.47,12.76,115.13,71.39,97.39,36.43
P007,2026-08-25,56.82,68.56,7.22,6.59,3.92,3.66,3.95,8.22,7.88,71.47,12.76,115.04,71.35,97.6,36.43
P007,2026-08-26,55.33,71.21,7.4,6.59,4.3,3.67,3.95,8.2,8.22,71.47,12.76,115.05,71.35,97.86,36.43
P007,2026-08-27,54.67,72.39,7.49,6.62,4.47,3.7,3.95,8.19,8.37,71.47,12.76,115.05,71.35,97.97,36.44
P007,2026-08-28,55.35,71.16,7.41,6.66,4.31,3.74,3.95,8.15,8.23,71.47,12.76,115.04,71.35,97.87,36.45
P007,2026-08-29,56.91,68.41,7.22,6.71,3.93,3.8,3.94,8.09,7.89,71.47,12.76,115.03,71.34,97.61,36.47
P007,2026-08-30,58.18,66.15,7.07,6.78,3.62,3.87,3.93,8.04,7.62,71.46,12.75,115.0,71.33,97.41,36.48
P007,2026-08-31,58.23,66.06,7.06,6.86,3.61,3.96,3.91,7.98,7.61,71.46,12.75,114.97,71.31,97.4,36.5
P007,2026-09-01,57.04,68.16,7.21,6.94,3.91,4.04,3.89,7.91,7.88,71.45,12.74,114.94,71.3,97.6,36.53
P007,2026-09-02,55.52,70.85,7.4,7.03,4.29,4.13,3.87,7.84,8.23,71.44,12.74,114.89,71.27,97.86,36.55
P007,2026-09-03,54.83,72.08,7.49,7.12,4.46,4.22,3.85,7.77,8.38,71.43,12.73,114.84,71.25,97.98,36.57
P007,2026-09-04,55.89,70.26,7.35,7.11,4.35,4.4,3.95,7.62,8.21,71.42,12.72,114.88,71.27,97.86,36.59
P007,2026-09-05,57.01,68.2,7.23,7.3,3.9,4.38,3.79,7.65,7.91,71.41,12.71,114.71,71.19,97.62,36.61
P007,2026-09-06,59.42,64.06,6.88,7.07,3.76,4.72,4.15,7.34,7.55,71.4,12.7,114.94,71.31,97.38,36.63
P007,2026-09-07,59.84,63.37,6.82,7.03,3.8,4.87,4.25,7.21,7.51,71.38,12.69,114.97,71.32,97.36,36.65
P007,2026-09-08,59.01,64.88,6.9,6.99,4.16,5.0,4.34,7.11,7.75,71.37,12.68,114.98,71.33,97.56,36.66
P007,2026-09-09,55.52,70.82,7.42,7.53,4.24,4.56,3.63,7.5,8.25,71.35,12.67,114.39,71.04,97.87,36.67
P007,2026-09-10,57.55,67.59,7.05,6.84,4.81,5.2,4.52,6.92,8.2,71.33,12.65,115.0,71.35,97.91,36.67
P007,2026-09-11,58.57,65.8,6.91,6.75,4.7,5.27,4.61,6.85,8.03,71.31,12.64,115.0,71.35,97.79,36.67
P007,2026-09-12,60.46,62.49,6.66,6.64,4.37,5.33,4.69,6.79,7.67,71.3,12.62,115.0,71.35,97.53,36.66
P007,2026-09-13,58.16,66.12,7.12,7.52,3.53,4.45,3.44,7.58,7.66,71.28,12.61,113.99,70.85,97.43,36.65
P007,2026-09-14,58.16,66.09,7.12,7.49,3.52,4.38,3.39,7.64,7.66,71.26,12.59,113.88,70.8,97.42,36.64
P007,2026-09-15,56.93,68.27,7.29,7.44,3.81,4.29,3.33,7.7,7.94,71.24,12.58,113.76,70.74,97.62,36.62
P007,2026-09-16,55.39,71.02,7.48,7.37,4.18,4.19,3.28,7.77,8.28,71.22,12.56,113.65,70.69,97.88,36.6
P007,2026-09-17,54.65,72.31,7.57,7.31,4.35,4.09,3.22,7.85,8.44,71.2,12.55,113.53,70.64,98.0,36.58
P007,2026-09-18,55.28,71.19,7.5,7.24,5.17,3.98,3.17,7.93,8.3,71.17,12.53,113.42,70.58,97.89,36.56
P007,2026-09-19,56.77,68.54,7.32,7.16,4.78,3.87,3.11,8.01,7.97,71.15,12.51,113.3,70.52,97.64,36.54
P007,2026-09-20,57.98,66.38,7.18,7.1,4.46,3.76,3.05,8.1,7.7,71.13,12.5,113.18,70.47,97.44,36.51
P007,2026-09-21,57.98,66.36,7.19,7.03,4.45,3.65,3.0,8.17,7.7,71.11,12.48,113.07,70.41,97.44,36.49
P007,2026-09-22,56.75,68.54,7.34,6.97,4.74,3.56,2.94,8.24,7.97,71.09,12.46,112.95,70.36,97.64,36.47
P007,2026-09-23,55.2,71.29,7.53,6.93,5.11,3.47,2.89,8.31,8.32,71.07,12.45,112.83,70.31,97.9,36.46
P007,2026-09-24,54.87,71.92,7.56,6.79,5.34,3.5,2.97,8.28,8.45,71.05,12.43,112.83,70.3,98.0,36.44
P007,2026-09-25,55.9,70.14,7.42,6.66,5.22,3.54,3.05,8.23,8.28,71.03,12.41,112.82,70.3,97.88,36.44
P007,2026-09-26,57.79,66.81,7.18,6.56,3.89,3.6,3.14,8.17,7.91,71.01,12.4,112.82,70.31,97.62,36.43
P007,2026-09-27,59.41,63.98,6.96,6.46,3.63,3.68,3.22,8.09,7.61,70.99,12.38,112.82,70.31,97.41,36.43
P007,2026-09-28,59.83,63.28,6.89,6.38,3.68,3.78,3.31,8.0,7.58,70.97,12.37,112.82,70.31,97.39,36.43
P007,2026-09-29,59.01,64.78,6.98,6.33,4.03,3.89,3.4,7.91,7.82,70.95,12.36,112.83,70.32,97.58,36.44
P007,2026-09-30,57.87,66.85,7.1,6.28,4.46,4.03,3.5,7.79,8.13,70.94,12.34,112.84,70.33,97.83,36.46
P007,2026-10-01,56.76,68.77,7.26,6.45,4.57,3.98,3.32,7.83,8.32,70.92,12.33,112.65,70.24,97.96,36.47
P007,2026-10-02,57.0,68.28,7.26,6.63,4.34,3.96,3.14,7.85,8.21,70.91,12.32,112.47,70.15,97.86,36.49
P007,2026-10-03,58.11,66.24,7.14,6.82,3.9,3.94,2.97,7.89,7.91,70.89,12.31,112.29,70.06,97.62,36.51
P007,2026-10-04,58.96,64.7,7.07,7.01,3.52,3.93,2.8,7.9,7.67,70.88,12.3,112.12,69.98,97.43,36.53
P007,2026-10-05,58.59,65.28,7.13,7.21,3.45,3.92,2.64,7.91,7.7,70.87,12.29,111.96,69.9,97.43,36.56
P007,2026-10-06,57.0,68.07,7.35,7.41,3.69,3.92,2.47,7.94,8.0,70.86,12.28,111.8,69.82,97.65,36.58
P008,2026-04-10,54.51,73.38,7.48,6.75,4.26,3.71,3.06,8.36,8.13,72.4,12.68,112.9,70.48,97.78,36.43
P008,2026-04-11,56.11,68.75,7.28,6.77,3.88,3.76,3.1,8.32,7.78,72.41,12.7,112.99,70.52,97.52,36.44
P008,2026-04-12,57.0,66.21,7.17,6.79,3.68,3.81,3.15,8.28,7.59,72.43,12.71,113.09,70.57,97.38,36.45
P008,2026-04-13,56.54,67.62,7.22,6.83,3.82,3.89,3.2,8.22,7.69,72.45,12.72,113.19,70.62,97.46,36.46
P008,2026-04-14,55.12,71.85,7.39,6.88,4.19,3.98,3.25,8.15,8.02,72.47,12.74,113.3,70.67,97.71,36.48
P008,2026-04-15,53.85,75.66,7.54,6.94,4.54,4.08,3.3,8.07,8.31,72.49,12.75,113.41,70.72,97.93,36.5
P008,2026-04-16,53.72,76.1,7.55,7.01,4.59,4.18,3.36,7.99,8.34,72.51,12.77,113.52,70.77,97.95,36.52
P008,2026-04-17,54.88,72.79,7.41,7.08,4.33,4.29,3.41,7.91,8.09,72.53,12.79,113.63,70.83,97.77,36.55
P008,2026-04-18,56.49,68.13,7.21,7.15,3.95,4.41,3.47,7.82,7.74,72.55,12.8,113.75,70.88,97.51,36.57
P008,2026-04-19,57.39,65.58,7.1,7.22,3.75,4.51,3.52,7.74,7.55,72.57,12.82,113.86,70.94,97.37,36.59
P008,2026-04-20,56.94,66.98,7.15,7.28,3.89,4.62,3.58,7.66,7.66,72.59,12.84,113.98,70.99,97.45,36.61
P008,2026-04-21,55.52,71.2,7.32,7.33,4.26,4.71,3.64,7.59,7.98,72.62,12.85,114.1,71.05,97.69,36.63
P008,2026-04-22,54.26,74.99,7.47,7.37,4.6,4.79,3.69,7.52,8.27,72.64,12.87,114.22,71.1,97.91,36.65
P008,2026-04-23,54.13,75.43,7.48,7.4,4.66,4.85,3.75,7.47,8.31,72.66,12.89,114.33,71.16,97.94,36.66
P008,2026-04-24,55.29,72.11,7.33,7.41,4.4,4.9,3.8,7.43,8.06,72.68,12.9,114.45,71.21,97.76,36.67
P008,2026-04-25,56.9,67.47,7.13,7.4,4.02,4.93,3.86,7.41,7.71,72.7,12.92,114.56,71.26,97.49,36.67
P008,2026-04-26,57.79,64.92,7.02,7.39,3.82,4.94,3.91,7.4,7.52,72.72,12.93,114.67,71.32,97.35,36.67
P008,2026-04-27,57.34,66.32,7.07,7.35,3.95,4.93,3.96,7.41,7.62,72.74,12.95,114.78,71.37,97.44,36.66
P008,2026-04-28,55.92,70.56,7.24,7.3,4.33,4.91,4.01,7.42,7.95,72.76,12.96,114.88,71.42,97.68,36.65
P008,2026-04-29,54.64,74.37,7.4,7.23,4.67,4.87,4.06,7.45,8.24,72.78,12.98,114.98,71.46,97.9,36.64
P008,2026-04-30,54.5,74.83,7.41,7.16,4.72,4.81,4.11,7.5,8.27,72.79,12.99,115.08,71.51,97.93,36.62
P008,2026-05-01,55.65,71.53,7.27,7.07,4.46,4.74,4.15,7.55,8.03,72.81,13.0,115.17,71.55,97.74,36.6
P008,2026-05-02,57.24,66.91,7.07,6.98,4.08,4.66,4.19,7.61,7.68,72.83,13.02,115.25,71.59,97.48,36.58
P008,2026-05-03,58.12,64.39,6.96,6.88,3.87,4.58,4.23,7.67,7.49,72.84,13.03,115.34,71.63,97.34,36.56
P008,2026-05-04,57.64,65.83,7.01,6.79,4.01,4.49,4.27,7.73,7.6,72.85,13.04,115.41,71.67,97.43,36.54
P008,2026-05-05,56.2,70.09,7.19,6.69,4.38,4.41,4.3,7.8,7.92,72.87,13.05,115.48,71.7,97.67,36.51
P008,2026-05-06,54.9,73.94,7.35,6.6,4.72,4.33,4.33,7.86,8.21,72.88,13.06,115.54,71.73,97.89,36.49
P008,2026-05-07,54.74,74.44,7.36,6.52,4.77,4.26,4.36,7.91,8.25,72.89,13.06,115.6,71.75,97.92,36.47
P008,2026-05-08,55.86,71.19,7.22,6.46,4.5,4.19,4.38,7.96,8.0,72.9,13.07,115.64,71.78,97.74,36.46
P008,2026-05-09,57.83,65.95,6.96,6.3,4.17,4.24,4.54,7.91,7.63,72.9,13.08,115.79,71.85,97.46,36.44
P008,2026-05-10,59.08,62.81,6.79,6.16,4.02,4.3,4.69,7.85,7.41,72.91,13.08,115.92,71.91,97.31,36.44
P008,2026-05-11,58.98,63.63,6.78,6.03,4.21,4.38,4.84,7.78,7.49,72.91,13.09,116.05,71.98,97.38,36.43
P008,2026-05-12,57.91,67.29,6.89,5.92,4.64,4.47,4.98,7.69,7.79,72.92,13.09,116.18,72.04,97.62,36.43
P008,2026-05-13,56.98,70.53,6.99,5.83,5.03,4.58,5.13,7.6,8.05,72.92,13.09,116.29,72.1,97.83,36.43
P008,2026-05-14,57.19,70.42,6.94,5.76,5.14,4.71,5.26,7.49,8.06,72.92,13.09,116.4,72.15,97.85,36.44
P008,2026-05-15,58.68,66.55,6.74,5.7,4.92,4.86,5.4,7.36,7.78,72.92,13.09,116.49,72.2,97.65,36.45
P008,2026-05-16,59.82,62.68,6.62,5.87,4.47,4.83,5.25,7.4,7.47,72.92,13.09,116.38,72.14,97.4,36.47
P008,2026-05-17,60.23,60.92,6.59,6.05,4.2,4.81,5.11,7.43,7.32,72.91,13.08,116.25,72.08,97.28,36.49
P008,2026-05-18,59.3,63.12,6.72,6.23,4.27,4.8,4.96,7.45,7.46,72.91,13.08,116.12,72.01,97.37,36.51
P008,2026-05-19,57.4,68.14,6.97,6.43,4.57,4.79,4.8,7.47,7.82,72.9,13.08,115.98,71.94,97.63,36.53
P008,2026-05-20,55.63,72.75,7.21,6.63,4.84,4.79,4.65,7.49,8.15,72.89,13.07,115.83,71.87,97.86,36.56
P008,2026-05-21,55.01,74.01,7.31,6.82,4.83,4.78,4.48,7.51,8.22,72.88,13.06,115.68,71.8,97.91,36.58
P008,2026-05-22,55.67,71.52,7.25,7.02,4.49,4.77,4.32,7.53,8.01,72.87,13.05,115.52,71.72,97.74,36.6
P008,2026-05-23,57.18,67.04,7.06,7.1,4.09,4.84,4.29,7.48,7.67,72.86,13.04,115.45,71.69,97.48,36.62
P008,2026-05-24,57.97,64.66,6.97,7.18,3.88,4.91,4.25,7.43,7.48,72.85,13.03,115.38,71.65,97.34,36.64
P008,2026-05-25,57.4,66.24,7.04,7.24,4.0,4.95,4.22,7.4,7.6,72.84,13.02,115.31,71.62,97.43,36.65
P008,2026-05-26,55.88,70.65,7.23,7.3,4.36,4.99,4.18,7.38,7.93,72.82,13.01,115.22,71.58,97.67,36.66
P008,2026-05-27,54.49,74.64,7.4,7.33,4.68,5.0,4.14,7.37,8.23,72.8,13.0,115.13,71.54,97.9,36.67
P008,2026-05-28,54.24,75.28,7.43,7.36,4.72,5.0,4.09,7.37,8.28,72.79,12.99,115.04,71.49,97.93,36.67
P008,2026-05-29,55.28,72.17,7.31,7.36,4.44,4.97,4.04,7.39,8.04,72.77,12.97,114.94,71.45,97.75,36.67
P008,2026-05-30,56.76,67.72,7.13,7.35,4.04,4.93,4.0,7.43,7.69,72.75,12.96,114.84,71.4,97.49,36.66
P008,2026-05-31,57.53,65.38,7.04,7.33,3.82,4.87,3.94,7.48,7.51,72.73,12.94,114.74,71.35,97.35,36.65
P008,2026-06-01,57.34,66.35,7.04,7.19,4.0,4.89,4.03,7.45,7.6,72.71,12.93,114.73,71.35,97.43,36.64
P008,2026-06-02,56.19,70.14,7.17,7.04,4.41,4.89,4.11,7.44,7.9,72.69,12.91,114.72,71.35,97.66,36.62
P008,2026-06-03,54.01,75.45,7.48,7.18,5.62,4.61,3.78,7.69,8.26,72.67,12.9,114.4,71.19,97.91,36.6
P008,2026-06-04,55.31,73.53,7.24,6.72,5.89,4.87,4.26,7.44,8.19,72.65,12.88,114.69,71.34,97.9,36.58
P008,2026-06-05,56.73,69.79,7.05,6.55,5.66,4.85,4.34,7.44,7.92,72.63,12.86,114.68,71.33,97.7,36.55
P008,2026-06-06,58.59,64.72,6.81,6.38,5.32,4.83,4.42,7.45,7.55,72.61,12.85,114.66,71.33,97.43,36.53
P008,2026-06-07,57.01,66.25,7.12,6.92,4.75,4.17,3.56,8.03,7.55,72.59,12.83,113.94,70.97,97.37,36.51
P008,2026-06-08,59.55,62.72,6.66,6.05,5.33,4.8,4.57,7.45,7.43,72.57,12.81,114.63,71.32,97.36,36.49
P008,2026-06-09,58.4,66.52,6.79,5.9,5.75,4.8,4.65,7.44,7.73,72.54,12.8,114.61,71.32,97.6,36.47
P008,2026-06-10,57.38,69.89,6.89,5.76,6.13,4.81,4.73,7.42,8.0,72.52,12.78,114.6,71.31,97.81,36.45
P008,2026-06-11,53.22,76.99,7.6,6.74,4.59,3.83,3.34,8.3,8.34,72.5,12.76,113.47,70.75,97.96,36.44
P008,2026-06-12,54.24,73.88,7.47,6.73,4.3,3.78,3.28,8.34,8.11,72.48,12.75,113.36,70.7,97.77,36.43
P008,2026-06-13,55.73,69.45,7.29,6.74,3.91,3.75,3.23,8.36,7.76,72.46,12.73,113.26,70.65,97.52,36.43
P008,2026-06-14,56.5,67.1,7.2,6.76,3.69,3.74,3.18,8.37,7.58,72.44,12.72,113.15,70.6,97.38,36.43
P008,2026-06-15,55.92,68.71,7.28,6.79,3.81,3.75,3.13,8.37,7.7,72.43,12.7,113.05,70.55,97.47,36.44
P008,2026-06-16,54.38,73.13,7.47,6.84,4.17,3.78,3.09,8.35,8.03,72.41,12.69,112.95,70.51,97.71,36.45
P008,2026-06-17,53.0,77.13,7.64,6.91,4.49,3.82,3.04,8.32,8.33,72.39,12.68,112.86,70.46,97.94,36.46
P008,2026-06-18,52.75,77.76,7.67,6.98,4.53,3.88,3.0,8.28,8.38,72.38,12.67,112.78,70.42,97.97,36.48
P008,2026-06-19,53.8,74.63,7.54,7.07,4.25,3.95,2.96,8.23,8.13,72.36,12.65,112.69,70.38,97.79,36.5
P008,2026-06-20,55.3,70.16,7.36,7.16,3.85,4.03,2.93,8.17,7.79,72.35,12.64,112.62,70.35,97.53,36.52
P008,2026-06-21,56.49,67.12,7.2,7.15,3.7,4.21,3.03,8.02,7.58,72.34,12.63,112.65,70.37,97.38,36.54
P008,2026-06-22,56.34,68.03,7.2,7.15,3.88,4.39,3.14,7.88,7.66,72.32,12.62,112.69,70.39,97.45,36.56
P008,2026-06-23,55.22,71.75,7.32,7.14,4.3,4.57,3.25,7.73,7.96,72.31,12.62,112.74,70.42,97.69,36.59
P008,2026-06-24,54.26,75.05,7.42,7.12,4.68,4.75,3.36,7.58,8.23,72.3,12.61,112.8,70.44,97.9,36.61
P008,2026-06-25,54.45,74.98,7.37,7.1,4.79,4.92,3.48,7.44,8.24,72.3,12.6,112.86,70.48,97.92,36.63
P008,2026-06-26,55.92,71.14,7.18,7.06,4.57,5.07,3.6,7.31,7.97,72.29,12.6,112.93,70.51,97.72,36.64
P008,2026-06-27,57.85,65.97,6.92,7.01,4.24,5.22,3.72,7.19,7.59,72.29,12.59,113.01,70.55,97.45,36.66
P008,2026-06-28,58.27,64.2,6.89,7.15,3.97,5.16,3.57,7.25,7.44,72.28,12.59,112.88,70.49,97.32,36.66
P008,2026-06-29,57.34,66.38,7.02,7.28,4.03,5.08,3.43,7.32,7.58,72.28,12.59,112.77,70.43,97.42,36.67
P008,2026-06-30,55.46,71.38,7.27,7.38,4.34,4.99,3.29,7.4,7.94,72.28,12.59,112.66,70.38,97.68,36.67
P008,2026-07-01,53.72,75.94,7.5,7.47,4.61,4.88,3.16,7.5,8.27,72.28,12.59,112.56,70.33,97.91,36.67
P008,2026-07-02,53.14,77.14,7.59,7.54,4.6,4.76,3.03,7.61,8.34,72.28,12.59,112.47,70.28,97.95,36.66
P008,2026-07-03,53.84,74.57,7.52,7.6,4.27,4.61,2.9,7.73,8.12,72.29,12.6,112.39,70.24,97.78,36.65
P008,2026-07-04,55.0,70.66,7.4,7.64,3.83,4.46,2.78,7.86,7.81,72.29,12.6,112.31,70.2,97.53,36.63
P008,2026-07-05,55.85,68.19,7.3,7.57,3.62,4.38,2.79,7.92,7.62,72.3,12.6,112.35,70.22,97.39,36.61
P008,2026-07-06,55.36,69.65,7.35,7.48,3.75,4.3,2.82,7.98,7.73,72.31,12.61,112.39,70.24,97.48,36.59
P008,2026-07-07,53.91,73.94,7.53,7.39,4.12,4.22,2.84,8.04,8.05,72.31,12.62,112.44,70.26,97.72,36.57
P008,2026-07-08,52.6,77.79,7.69,7.3,4.46,4.13,2.87,8.11,8.35,72.33,12.63,112.49,70.29,97.94,36.55
P008,2026-07-09,52.45,78.28,7.7,7.2,4.51,4.04,2.9,8.18,8.38,72.34,12.63,112.56,70.32,97.97,36.52
P008,2026-07-10,53.58,75.01,7.56,7.11,4.24,3.96,2.93,8.24,8.14,72.35,12.64,112.63,70.35,97.79,36.5
P008,2026-07-11,55.17,70.39,7.37,7.03,3.86,3.89,2.97,8.29,7.79,72.36,12.66,112.7,70.39,97.53,36.48
P008,2026-07-12,56.05,67.87,7.26,6.95,3.66,3.83,3.01,8.34,7.6,72.38,12.67,112.79,70.43,97.39,36.46
P008,2026-07-13,55.58,69.3,7.31,6.88,3.79,3.78,3.05,8.37,7.71,72.39,12.68,112.87,70.47,97.47,36.45
P008,2026-07-14,54.15,73.54,7.48,6.83,4.17,3.75,3.09,8.4,8.03,72.41,12.69,112.97,70.51,97.71,36.44
P008,2026-07-15,52.87,77.36,7.64,6.79,4.51,3.74,3.14,8.4,8.32,72.43,12.71,113.06,70.56,97.93,36.43
P008,2026-07-16,52.74,77.81,7.65,6.77,4.56,3.74,3.19,8.4,8.36,72.45,12.72,113.16,70.61,97.96,36.43
P008,2026-07-17,53.89,74.5,7.5,6.77,4.3,3.77,3.24,8.38,8.11,72.47,12.74,113.27,70.66,97.78,36.43
P008,2026-07-18,55.5,69.86,7.31,6.78,3.92,3.81,3.29,8.35,7.76,72.49,12.75,113.38,70.71,97.51,36.44
P008,2026-07-19,56.39,67.31,7.19,6.8,3.72,3.87,3.34,8.3,7.57,72.51,12.77,113.49,70.76,97.37,36.45
P008,2026-07-20,55.94,68.71,7.24,6.84,3.85,3.94,3.4,8.24,7.68,72.53,12.78,113.6,70.81,97.46,36.46
P008,2026-07-21,54.53,72.93,7.41,6.89,4.23,4.03,3.45,8.17,8.0,72.55,12.8,113.72,70.87,97.7,36.48
P008,2026-07-22,53.26,76.73,7.56,6.95,4.57,4.13,3.51,8.09,8.29,72.57,12.82,113.83,70.92,97.92,36.5
P008,2026-07-23,53.14,77.17,7.58,7.01,4.63,4.24,3.57,8.01,8.32,72.59,12.83,113.95,70.98,97.95,36.52
P008,2026-07-24,54.29,73.85,7.43,7.08,4.36,4.35,3.62,7.92,8.07,72.61,12.85,114.07,71.03,97.76,36.55
P008,2026-07-25,55.91,69.19,7.23,7.15,3.99,4.46,3.68,7.84,7.72,72.63,12.87,114.19,71.09,97.5,36.57
P008,2026-07-26,56.8,66.64,7.12,7.22,3.79,4.57,3.74,7.75,7.53,72.65,12.88,114.3,71.14,97.36,36.59
P008,2026-07-27,56.35,68.04,7.17,7.28,3.92,4.67,3.79,7.67,7.64,72.67,12.9,114.42,71.2,97.44,36.61
P008,2026-07-28,54.94,72.26,7.34,7.33,4.3,4.77,3.85,7.6,7.96,72.69,12.91,114.53,71.25,97.69,36.63
P008,2026-07-29,53.67,76.06,7.49,7.37,4.64,4.85,3.9,7.54,8.25,72.71,12.93,114.64,71.3,97.9,36.65
P008,2026-07-30,53.54,76.51,7.5,7.4,4.7,4.91,3.95,7.49,8.29,72.73,12.95,114.75,71.35,97.93,36.66
P008,2026-07-31,54.69,73.2,7.36,7.42,4.43,4.96,4.0,7.45,8.04,72.75,12.96,114.86,71.4,97.75,36.67
P008,2026-08-01,56.29,68.57,7.16,7.41,4.05,4.98,4.05,7.43,7.69,72.77,12.97,114.96,71.45,97.49,36.67
P008,2026-08-02,57.18,66.03,7.05,7.4,3.85,4.99,4.1,7.42,7.5,72.79,12.99,115.05,71.5,97.35,36.67
P008,2026-08-03,57.11,66.79,7.03,7.26,4.04,5.08,4.28,7.34,7.58,72.81,13.0,115.25,71.59,97.42,36.66
P008,2026-08-04,56.09,70.38,7.14,7.11,4.48,5.14,4.46,7.28,7.87,72.82,13.01,115.44,71.69,97.65,36.65
P008,2026-08-05,55.2,73.55,7.22,6.94,4.88,5.19,4.63,7.23,8.13,72.84,13.03,115.63,71.78,97.86,36.64
P008,2026-08-06,55.45,73.37,7.17,6.77,4.99,5.23,4.81,7.19,8.14,72.85,13.04,115.81,71.86,97.88,36.62
P008,2026-08-07,56.98,69.43,6.96,6.58,4.78,5.25,4.98,7.16,7.86,72.86,13.05,115.98,71.95,97.68,36.6
P008,2026-08-08,58.96,64.17,6.7,6.39,4.45,5.27,5.14,7.13,7.48,72.87,13.05,116.15,72.03,97.41,36.58
P008,2026-08-09,60.23,61.01,6.52,6.19,4.31,5.27,5.31,7.11,7.26,72.89,13.06,116.31,72.11,97.26,36.56
P008,2026-08-10,59.34,63.13,6.65,6.2,4.38,5.09,5.2,7.26,7.4,72.89,13.07,116.25,72.08,97.35,36.54
P008,2026-08-11,57.48,68.08,6.89,6.21,4.69,4.91,5.08,7.42,7.76,72.9,13.08,116.19,72.05,97.61,36.51
P008,2026-08-12,55.77,72.62,7.12,6.23,4.97,4.73,4.96,7.57,8.08,72.91,13.08,116.12,72.01,97.84,36.49
P008,2026-08-13,55.58,73.16,7.14,6.16,5.01,4.65,4.97,7.63,8.12,72.91,13.08,116.15,72.03,97.87,36.47
P008,2026-08-14,56.67,69.95,7.01,6.1,4.74,4.58,4.98,7.68,7.88,72.92,13.09,116.17,72.03,97.69,36.46
P008,2026-08-15,57.04,67.34,7.02,6.36,4.18,4.25,4.58,7.97,7.62,72.92,13.09,115.87,71.89,97.46,36.44
P008,2026-08-16,59.04,62.98,6.72,6.02,4.14,4.49,4.98,7.75,7.35,72.92,13.09,116.18,72.04,97.29,36.44
P008,2026-08-17,58.91,63.85,6.72,5.9,4.32,4.56,5.11,7.69,7.43,72.92,13.09,116.28,72.09,97.36,36.43
P008,2026-08-18,57.81,67.55,6.83,5.8,5.75,4.65,5.24,7.61,7.73,72.92,13.09,116.37,72.13,97.6,36.43
P008,2026-08-19,54.12,75.33,7.4,6.43,5.73,4.11,4.43,8.09,8.2,72.91,13.09,115.74,71.82,97.89,36.43
P008,2026-08-20,57.04,70.76,6.89,5.65,6.24,4.87,5.48,7.41,8.01,72.91,13.08,116.52,72.21,97.83,36.44
P008,2026-08-21,58.5,66.94,6.69,5.6,6.02,5.01,5.6,7.29,7.73,72.9,13.08,116.59,72.25,97.63,36.45
P008,2026-08-22,60.42,61.79,6.44,5.57,5.68,5.16,5.71,7.17,7.36,72.9,13.07,116.65,72.28,97.36,36.47
P008,2026-08-23,57.31,65.84,7.01,6.66,4.89,4.31,4.35,7.94,7.48,72.89,13.06,115.59,71.75,97.34,36.49
P008,2026-08-24,56.76,67.4,7.08,6.74,5.02,4.39,4.33,7.88,7.59,72.88,13.06,115.53,71.72,97.42,36.51
P008,2026-08-25,55.24,71.79,7.26,6.84,5.38,4.48,4.3,7.82,7.92,72.86,13.05,115.47,71.69,97.67,36.53
P008,2026-08-26,53.87,75.76,7.43,6.93,4.71,4.56,4.26,7.76,8.22,72.85,13.04,115.4,71.66,97.89,36.55
P008,2026-08-27,53.63,76.39,7.46,7.03,4.74,4.65,4.23,7.7,8.26,72.84,13.03,115.33,71.63,97.92,36.58
P008,2026-08-28,54.67,73.26,7.34,7.13,4.46,4.73,4.19,7.64,8.02,72.82,13.01,115.24,71.59,97.74,36.6
P008,2026-08-29,56.17,68.8,7.16,7.21,4.07,4.8,4.15,7.59,7.68,72.81,13.0,115.16,71.55,97.48,36.62
P008,2026-08-30,56.94,66.44,7.06,7.29,3.85,4.86,4.1,7.54,7.5,72.79,12.99,115.07,71.5,97.35,36.64
P008,2026-08-31,56.37,68.04,7.14,7.36,3.97,4.91,4.06,7.51,7.62,72.77,12.98,114.97,71.46,97.43,36.65
P008,2026-09-01,54.83,72.47,7.33,7.42,4.33,4.94,4.01,7.49,7.95,72.76,12.96,114.87,71.41,97.68,36.66
P008,2026-09-02,53.44,76.48,7.5,7.46,4.65,4.95,3.96,7.48,8.25,72.74,12.95,114.76,71.36,97.9,36.67
P008,2026-09-03,53.18,77.13,7.53,7.48,4.69,4.94,3.91,7.49,8.29,72.72,12.93,114.66,71.31,97.94,36.67
P008,2026-09-04,54.21,74.03,7.41,7.49,4.4,4.92,3.85,7.51,8.05,72.7,12.92,114.54,71.26,97.75,36.67
P008,2026-09-05,55.69,69.59,7.23,7.48,4.01,4.88,3.8,7.55,7.71,72.68,12.9,114.43,71.2,97.5,36.66
P008,2026-09-06,56.45,67.26,7.14,7.46,3.79,4.81,3.74,7.6,7.53,72.66,12.88,114.32,71.15,97.36,36.65
P008,2026-09-07,55.87,68.88,7.22,7.43,3.9,4.74,3.69,7.66,7.65,72.63,12.87,114.2,71.09,97.45,36.64
P008,2026-09-08,54.32,73.32,7.41,7.38,4.26,4.65,3.63,7.73,7.98,72.61,12.85,114.08,71.04,97.69,36.62
P008,2026-09-09,52.92,77.34,7.58,7.32,4.58,4.55,3.57,7.81,8.28,72.59,12.83,113.97,70.98,97.92,36.6
P008,2026-09-10,52.66,78.0,7.62,7.26,4.62,4.44,3.52,7.89,8.33,72.57,12.82,113.85,70.93,97.95,36.58
P008,2026-09-11,53.68,74.91,7.5,7.19,4.33,4.33,3.46,7.98,8.09,72.55,12.8,113.73,70.87,97.77,36.55
P008,2026-09-12,55.16,70.48,7.32,7.12,3.94,4.22,3.41,8.07,7.75,72.53,12.78,113.62,70.82,97.51,36.53
P008,2026-09-13,55.92,68.14,7.23,7.05,3.72,4.11,3.35,8.15,7.57,72.51,12.77,113.5,70.77,97.37,36.51
P008,2026-09-14,55.34,69.76,7.3,6.99,3.84,4.01,3.3,8.23,7.69,72.49,12.75,113.39,70.71,97.46,36.49
P008,2026-09-15,54.2,73.53,7.42,6.84,4.25,4.01,3.38,8.22,7.99,72.47,12.74,113.39,70.71,97.7,36.47
P008,2026-09-16,53.2,76.88,7.53,6.69,4.63,4.03,3.47,8.2,8.26,72.45,12.72,113.38,70.72,97.91,36.45
P008,2026-09-17,53.35,76.87,7.49,6.56,4.73,4.06,3.56,8.16,8.27,72.43,12.71,113.39,70.72,97.93,36.44
P008,2026-09-18,54.79,73.09,7.3,6.44,4.51,4.11,3.65,8.12,8.0,72.41,12.69,113.39,70.73,97.73,36.43
P008,2026-09-19,56.68,67.98,7.05,6.34,4.17,4.18,3.74,8.05,7.63,72.4,12.68,113.4,70.73,97.46,36.43
P008,2026-09-20,57.86,64.96,6.89,6.26,4.01,4.26,3.83,7.98,7.42,72.38,12.67,113.42,70.74,97.31,36.43
P008,2026-09-21,57.69,65.89,6.89,6.18,4.19,4.37,3.93,7.89,7.5,72.36,12.66,113.44,70.76,97.39,36.44
P008,2026-09-22,55.77,70.95,7.15,6.34,4.49,4.3,3.76,7.95,7.86,72.35,12.65,113.26,70.67,97.65,36.45
P008,2026-09-23,53.99,75.59,7.39,6.5,4.76,4.25,3.58,8.0,8.19,72.34,12.64,113.08,70.58,97.88,36.46
P008,2026-09-24,53.36,76.86,7.49,6.68,4.74,4.22,3.42,8.04,8.26,72.33,12.63,112.92,70.5,97.92,36.48
P008,2026-09-25,54.02,74.36,7.43,6.86,4.4,4.2,3.25,8.08,8.05,72.32,12.62,112.76,70.42,97.75,36.5
P008,2026-09-26,55.13,70.53,7.31,7.06,3.95,4.19,3.09,8.1,7.74,72.31,12.61,112.6,70.35,97.51,36.52
P008,2026-09-27,55.54,68.79,7.28,7.25,3.68,4.18,2.93,8.12,7.59,72.3,12.6,112.45,70.27,97.38,36.54
P008,2026-09-28,54.6,70.99,7.42,7.45,3.74,4.18,2.78,8.14,7.73,72.29,12.6,112.31,70.21,97.48,36.56
P008,2026-09-29,53.1,75.35,7.6,7.54,4.11,4.27,2.77,8.07,8.06,72.29,12.6,112.29,70.19,97.72,36.58
P008,2026-09-30,51.75,79.28,7.77,7.62,4.44,4.35,2.76,8.0,8.36,72.28,12.59,112.26,70.18,97.95,36.61
P008,2026-10-01,51.55,79.84,7.79,7.7,4.48,4.43,2.75,7.95,8.4,72.28,12.59,112.25,70.18,97.98,36.63
P008,2026-10-02,52.64,76.64,7.66,7.76,4.21,4.5,2.75,7.9,8.15,72.28,12.59,112.25,70.17,97.79,36.64
P008,2026-10-03,54.19,72.1,7.47,7.81,3.82,4.55,2.75,7.85,7.81,72.28,12.59,112.25,70.17,97.53,36.65
P008,2026-10-04,55.02,69.64,7.36,7.84,3.61,4.59,2.75,7.82,7.62,72.28,12.59,112.26,70.18,97.39,36.66
P008,2026-10-05,54.52,71.13,7.43,7.86,3.74,4.62,2.76,7.81,7.73,72.29,12.59,112.28,70.19,97.48,36.67
P008,2026-10-06,53.05,75.44,7.6,7.86,4.11,4.62,2.77,7.8,8.06,72.29,12.6,112.3,70.2,97.72,36.67
P009,2026-04-10,53.14,75.04,7.76,7.73,4.15,4.03,2.74,8.41,8.13,74.06,13.17,113.73,70.99,97.73,36.55
P009,2026-04-11,54.6,72.45,7.57,7.8,3.81,4.14,2.8,8.32,7.82,74.08,13.19,113.85,71.04,97.5,36.58
P009,2026-04-12,55.0,71.75,7.52,7.87,3.74,4.25,2.85,8.24,7.74,74.1,13.21,113.96,71.1,97.44,36.6
P009,2026-04-13,54.08,73.39,7.63,7.92,3.99,4.35,2.91,8.16,7.95,74.12,13.22,114.08,71.15,97.6,36.62
P009,2026-04-14,52.58,76.07,7.81,7.97,4.39,4.44,2.96,8.09,8.29,74.14,13.24,114.19,71.21,97.86,36.64
P009,2026-04-15,51.68,77.68,7.92,8.01,4.64,4.51,3.02,8.03,8.5,74.16,13.26,114.31,71.26,98.02,36.65
P009,2026-04-16,52.1,76.95,7.86,8.03,4.56,4.57,3.07,7.98,8.42,74.18,13.27,114.41,71.31,97.96,36.66
P009,2026-04-17,53.57,74.34,7.68,8.04,4.22,4.61,3.12,7.95,8.1,74.2,13.29,114.52,71.36,97.72,36.67
P009,2026-04-18,55.02,71.76,7.5,8.04,3.88,4.64,3.17,7.93,7.78,74.22,13.3,114.62,71.41,97.49,36.67
P009,2026-04-19,55.41,71.07,7.45,8.01,3.8,4.64,3.22,7.93,7.7,74.24,13.31,114.72,71.46,97.43,36.67
P009,2026-04-20,54.48,72.74,7.56,7.98,4.06,4.63,3.26,7.94,7.92,74.25,13.33,114.81,71.5,97.59,36.66
P009,2026-04-21,52.96,75.44,7.74,7.92,4.45,4.59,3.3,7.96,8.26,74.27,13.34,114.9,71.54,97.85,36.65
P009,2026-04-22,52.04,77.08,7.85,7.86,4.7,4.55,3.34,8.0,8.47,74.28,13.35,114.99,71.58,98.01,36.64
P009,2026-04-23,52.45,76.37,7.8,7.78,4.62,4.48,3.38,8.04,8.39,74.3,13.36,115.06,71.62,97.95,36.62
P009,2026-04-24,53.9,73.8,7.62,7.69,4.27,4.41,3.41,8.1,8.07,74.31,13.37,115.14,71.65,97.71,36.6
P009,2026-04-25,55.33,71.25,7.44,7.6,3.93,4.33,3.45,8.16,7.76,74.32,13.38,115.2,71.68,97.48,36.58
P009,2026-04-26,55.7,70.61,7.4,7.51,3.85,4.24,3.47,8.22,7.68,74.33,13.39,115.26,71.71,97.42,36.55
P009,2026-04-27,54.74,72.32,7.51,7.41,4.1,4.15,3.5,8.29,7.9,74.34,13.4,115.31,71.73,97.58,36.53
P009,2026-04-28,53.2,75.06,7.7,7.32,4.49,4.06,3.52,8.36,8.24,74.35,13.4,115.35,71.76,97.84,36.51
P009,2026-04-29,52.25,76.74,7.81,7.24,4.74,3.98,3.54,8.42,8.45,74.36,13.41,115.39,71.77,98.0,36.49
P009,2026-04-30,53.03,75.42,7.7,7.06,4.71,4.0,3.69,8.39,8.34,74.36,13.41,115.52,71.84,97.93,36.47
P009,2026-05-01,54.85,72.23,7.46,6.9,4.41,4.04,3.84,8.35,8.0,74.37,13.42,115.65,71.9,97.68,36.45
P009,2026-05-02,56.66,69.08,7.22,6.75,4.12,4.08,3.98,8.3,7.65,74.37,13.42,115.77,71.96,97.44,36.44
P009,2026-05-03,57.39,67.82,7.11,6.62,4.1,4.15,4.12,8.24,7.55,74.37,13.42,115.88,72.01,97.37,36.43
P009,2026-05-04,56.8,68.92,7.16,6.5,4.41,4.22,4.26,8.17,7.74,74.37,13.42,115.98,72.07,97.52,36.43
P009,2026-05-05,55.63,71.05,7.28,6.4,4.85,4.32,4.39,8.08,8.05,74.37,13.42,116.08,72.11,97.77,36.43
P009,2026-05-06,55.06,72.13,7.33,6.32,5.15,4.43,4.52,7.98,8.24,74.36,13.42,116.16,72.16,97.92,36.44
P009,2026-05-07,55.0,72.18,7.36,6.46,5.0,4.37,4.37,8.04,8.19,74.36,13.41,116.03,72.09,97.87,36.45
P009,2026-05-08,55.99,70.36,7.26,6.62,4.59,4.33,4.22,8.09,7.91,74.35,13.41,115.9,72.03,97.65,36.46
P009,2026-05-09,56.96,68.58,7.16,6.79,4.17,4.3,4.06,8.13,7.63,74.35,13.4,115.75,71.96,97.43,36.48
P009,2026-05-10,56.86,68.69,7.19,6.97,4.03,4.28,3.9,8.16,7.59,74.34,13.4,115.6,71.88,97.38,36.49
P009,2026-05-11,55.44,71.16,7.39,7.17,4.21,4.27,3.74,8.18,7.84,74.33,13.39,115.44,71.8,97.56,36.52
P009,2026-05-12,53.44,74.66,7.65,7.36,4.54,4.26,3.57,8.2,8.22,74.32,13.38,115.28,71.72,97.83,36.54
P009,2026-05-13,52.04,77.11,7.85,7.56,4.71,4.25,3.4,8.22,8.47,74.31,13.37,115.11,71.64,98.01,36.56
P009,2026-05-14,52.35,76.54,7.81,7.66,4.62,4.34,3.37,8.16,8.39,74.29,13.36,115.03,71.6,97.95,36.58
P009,2026-05-15,53.71,74.11,7.65,7.75,4.26,4.41,3.33,8.1,8.08,74.28,13.35,114.95,71.57,97.71,36.61
P009,2026-05-16,55.06,71.71,7.48,7.84,3.9,4.48,3.29,8.05,7.77,74.26,13.34,114.87,71.53,97.48,36.62
P009,2026-05-17,55.34,71.21,7.45,7.91,3.81,4.54,3.24,8.01,7.7,74.25,13.32,114.78,71.48,97.43,36.64
P009,2026-05-18,54.3,73.05,7.58,7.98,4.04,4.58,3.2,7.98,7.92,74.23,13.31,114.68,71.44,97.59,36.65
P009,2026-05-19,52.67,75.93,7.78,8.03,4.43,4.61,3.15,7.97,8.27,74.21,13.3,114.58,71.39,97.85,36.66
P009,2026-05-20,51.65,77.75,7.91,8.06,4.66,4.61,3.1,7.96,8.49,74.19,13.28,114.48,71.34,98.02,36.67
P009,2026-05-21,51.94,77.22,7.88,8.08,4.56,4.6,3.05,7.97,8.42,74.17,13.27,114.37,71.29,97.96,36.67
P009,2026-05-22,53.29,74.82,7.72,8.09,4.2,4.57,3.0,8.0,8.11,74.15,13.25,114.26,71.24,97.73,36.67
P009,2026-05-23,54.62,72.44,7.56,8.07,3.84,4.52,2.94,8.04,7.8,74.13,13.23,114.15,71.19,97.49,36.66
P009,2026-05-24,54.88,71.96,7.53,8.05,3.74,4.46,2.89,8.09,7.73,74.11,13.22,114.04,71.13,97.44,36.65
P009,2026-05-25,53.83,73.83,7.66,8.01,3.98,4.38,2.83,8.15,7.96,74.09,13.2,113.92,71.08,97.61,36.63
P009,2026-05-26,52.19,76.72,7.86,7.95,4.36,4.29,2.77,8.23,8.31,74.07,13.18,113.8,71.02,97.87,36.61
P009,2026-05-27,51.16,78.56,7.99,7.89,4.59,4.18,2.72,8.31,8.53,74.05,13.17,113.68,70.97,98.03,36.59
P009,2026-05-28,51.45,78.03,7.96,7.83,4.49,4.07,2.66,8.39,8.45,74.03,13.15,113.57,70.91,97.97,36.57
P009,2026-05-29,52.79,75.64,7.8,7.76,4.13,3.96,2.61,8.48,8.15,74.0,13.13,113.45,70.86,97.74,36.55
P009,2026-05-30,54.12,73.26,7.64,7.69,3.77,3.85,2.55,8.57,7.84,73.98,13.12,113.33,70.8,97.51,36.52
P009,2026-05-31,54.39,72.78,7.61,7.63,3.67,3.74,2.49,8.65,7.77,73.96,13.1,113.22,70.75,97.45,36.5
P009,2026-06-01,53.33,74.65,7.74,7.57,3.91,3.65,2.44,8.73,7.99,73.94,13.09,113.11,70.7,97.62,36.48
P009,2026-06-02,51.7,77.54,7.94,7.52,4.29,3.56,2.39,8.8,8.35,73.92,13.07,113.0,70.64,97.88,36.46
P009,2026-06-03,50.67,79.36,8.07,7.48,4.52,3.48,2.34,8.86,8.56,73.9,13.06,112.89,70.59,98.04,36.45
P009,2026-06-04,50.97,78.82,8.04,7.46,4.42,3.42,2.29,8.9,8.49,73.88,13.04,112.79,70.55,97.99,36.44
P009,2026-06-05,52.32,76.41,7.88,7.45,4.06,3.38,2.24,8.94,8.18,73.87,13.03,112.69,70.5,97.75,36.43
P009,2026-06-06,53.67,74.01,7.71,7.45,3.7,3.36,2.19,8.95,7.87,73.85,13.01,112.6,70.45,97.52,36.43
P009,2026-06-07,53.95,73.51,7.68,7.48,3.61,3.36,2.15,8.96,7.8,73.83,13.0,112.51,70.41,97.47,36.43
P009,2026-06-08,52.91,75.35,7.81,7.51,3.85,3.37,2.11,8.95,8.02,73.82,12.99,112.42,70.37,97.63,36.44
P009,2026-06-09,51.3,78.2,8.01,7.57,4.24,3.41,2.07,8.93,8.37,73.8,12.98,112.35,70.34,97.89,36.45
P009,2026-06-10,50.29,79.99,8.13,7.63,4.47,3.46,2.04,8.89,8.59,73.79,12.97,112.27,70.3,98.05,36.46
P009,2026-06-11,50.61,79.42,8.1,7.71,4.38,3.52,2.01,8.84,8.51,73.78,12.96,112.21,70.27,98.0,36.48
P009,2026-06-12,52.38,76.31,7.86,7.69,4.08,3.69,2.12,8.7,8.17,73.77,12.95,112.25,70.29,97.75,36.5
P009,2026-06-13,54.15,73.22,7.63,7.67,3.78,3.87,2.23,8.55,7.83,73.76,12.94,112.3,70.32,97.51,36.52
P009,2026-06-14,54.86,72.01,7.52,7.66,3.75,4.05,2.34,8.4,7.73,73.75,12.94,112.36,70.35,97.44,36.55
P009,2026-06-15,54.25,73.15,7.58,7.65,4.05,4.24,2.46,8.25,7.92,73.74,12.93,112.43,70.39,97.59,36.57
P009,2026-06-16,53.07,75.3,7.71,7.64,4.5,4.42,2.58,8.1,8.24,73.74,12.93,112.5,70.42,97.84,36.59
P009,2026-06-17,52.49,76.38,7.76,7.61,4.8,4.6,2.71,7.95,8.42,73.73,12.92,112.58,70.47,97.99,36.61
P009,2026-06-18,53.23,75.1,7.65,7.58,4.77,4.77,2.84,7.81,8.31,73.73,12.92,112.67,70.51,97.92,36.63
P009,2026-06-19,54.24,73.26,7.54,7.75,4.35,4.74,2.7,7.85,8.03,73.73,12.92,112.56,70.45,97.69,36.65
P009,2026-06-20,55.24,71.44,7.44,7.89,3.94,4.69,2.56,7.89,7.75,73.73,12.92,112.46,70.4,97.47,36.66
P009,2026-06-21,55.17,71.5,7.47,8.03,3.8,4.63,2.43,7.95,7.7,73.73,12.92,112.36,70.35,97.43,36.67
P009,2026-06-22,53.79,73.9,7.66,8.14,3.99,4.56,2.3,8.02,7.95,73.73,12.92,112.27,70.31,97.6,36.67
P009,2026-06-23,51.84,77.32,7.91,8.24,4.32,4.46,2.17,8.11,8.33,73.74,12.93,112.19,70.27,97.88,36.67
P009,2026-06-24,50.49,79.67,8.1,8.32,4.51,4.35,2.05,8.21,8.57,73.74,12.93,112.12,70.23,98.05,36.66
P009,2026-06-25,50.47,79.66,8.12,8.38,4.36,4.22,1.93,8.32,8.52,73.75,12.94,112.06,70.2,98.0,36.65
P009,2026-06-26,51.9,77.11,7.94,8.33,4.01,4.18,1.96,8.35,8.2,73.76,12.94,112.1,70.22,97.76,36.64
P009,2026-06-27,53.33,74.58,7.76,8.26,3.67,4.11,1.98,8.4,7.89,73.77,12.95,112.16,70.25,97.53,36.62
P009,2026-06-28,53.7,73.93,7.72,8.18,3.59,4.04,2.01,8.45,7.81,73.78,12.96,112.22,70.28,97.47,36.61
P009,2026-06-29,52.75,75.62,7.83,8.09,3.84,3.96,2.04,8.51,8.03,73.79,12.97,112.28,70.31,97.63,36.58
P009,2026-06-30,51.23,78.34,8.01,7.99,4.24,3.88,2.08,8.57,8.37,73.81,12.98,112.36,70.34,97.89,36.56
P009,2026-07-01,50.3,79.98,8.12,7.89,4.48,3.79,2.12,8.64,8.58,73.82,12.99,112.43,70.38,98.05,36.54
P009,2026-07-02,50.71,79.27,8.07,7.8,4.4,3.71,2.16,8.7,8.5,73.84,13.0,112.52,70.42,97.99,36.52
P009,2026-07-03,52.17,76.67,7.89,7.7,4.06,3.63,2.2,8.76,8.18,73.85,13.02,112.61,70.46,97.75,36.49
P009,2026-07-04,53.62,74.1,7.71,7.62,3.71,3.57,2.25,8.81,7.87,73.87,13.03,112.7,70.51,97.52,36.48
P009,2026-07-05,54.01,73.42,7.66,7.54,3.64,3.51,2.29,8.85,7.79,73.89,13.04,112.8,70.55,97.46,36.46
P009,2026-07-06,53.08,75.07,7.77,7.48,3.89,3.47,2.34,8.88,8.0,73.91,13.06,112.91,70.6,97.62,36.45
P009,2026-07-07,51.58,77.76,7.95,7.43,4.29,3.44,2.4,8.89,8.34,73.93,13.07,113.01,70.65,97.88,36.44
P009,2026-07-08,50.68,79.37,8.06,7.39,4.54,3.44,2.45,8.9,8.55,73.95,13.09,113.12,70.7,98.04,36.43
P009,2026-07-09,51.1,78.63,8.0,7.37,4.46,3.45,2.5,8.89,8.47,73.97,13.1,113.24,70.76,97.98,36.43
P009,2026-07-10,52.57,76.02,7.82,7.37,4.12,3.48,2.56,8.86,8.15,73.99,13.12,113.35,70.81,97.74,36.43
P009,2026-07-11,54.04,73.42,7.64,7.38,3.78,3.53,2.61,8.82,7.83,74.01,13.14,113.47,70.86,97.51,36.44
P009,2026-07-12,54.44,72.72,7.59,7.41,3.7,3.59,2.67,8.77,7.75,74.03,13.15,113.58,70.92,97.45,36.45
P009,2026-07-13,53.52,74.37,7.69,7.45,3.96,3.68,2.73,8.71,7.97,74.05,13.17,113.7,70.98,97.61,36.47
P009,2026-07-14,52.02,77.04,7.87,7.5,4.36,3.77,2.78,8.63,8.31,74.07,13.19,113.82,71.03,97.87,36.49
P009,2026-07-15,51.12,78.65,7.98,7.56,4.61,3.87,2.84,8.56,8.52,74.09,13.2,113.94,71.09,98.03,36.51
P009,2026-07-16,51.54,77.9,7.93,7.63,4.53,3.98,2.89,8.47,8.43,74.11,13.22,114.05,71.14,97.96,36.53
P009,2026-07-17,53.02,75.29,7.74,7.7,4.19,4.09,2.95,8.38,8.11,74.13,13.24,114.17,71.19,97.73,36.55
P009,2026-07-18,54.48,72.69,7.56,7.77,3.85,4.2,3.0,8.3,7.8,74.15,13.25,114.28,71.25,97.49,36.58
P009,2026-07-19,54.87,72.0,7.51,7.83,3.77,4.31,3.06,8.22,7.72,74.17,13.27,114.39,71.3,97.43,36.6
P009,2026-07-20,53.95,73.66,7.62,7.89,4.03,4.41,3.11,8.14,7.93,74.19,13.28,114.49,71.35,97.6,36.62
P009,2026-07-21,52.44,76.34,7.8,7.94,4.43,4.49,3.16,8.07,8.27,74.21,13.3,114.6,71.4,97.85,36.64
P009,2026-07-22,51.92,77.32,7.84,7.88,4.73,4.66,3.34,7.93,8.45,74.23,13.31,114.8,71.5,98.0,36.65
P009,2026-07-23,52.73,75.95,7.72,7.81,4.71,4.81,3.52,7.8,8.34,74.25,13.32,114.99,71.59,97.93,36.66
P009,2026-07-24,54.58,72.72,7.47,7.72,4.42,4.94,3.69,7.69,7.99,74.26,13.34,115.18,71.68,97.68,36.67
P009,2026-07-25,55.25,71.43,7.43,7.91,3.96,4.78,3.47,7.84,7.74,74.28,13.35,115.07,71.62,97.47,36.67
P009,2026-07-26,57.98,66.88,6.98,7.28,4.23,5.33,4.31,7.33,7.48,74.29,13.36,115.76,71.97,97.34,36.67
P009,2026-07-27,57.83,67.27,6.95,7.04,4.6,5.5,4.62,7.18,7.63,74.31,13.37,116.04,72.1,97.48,36.66
P009,2026-07-28,57.09,68.68,7.0,6.79,6.12,5.65,4.92,7.04,7.92,74.32,13.38,116.31,72.24,97.72,36.65
P009,2026-07-29,53.83,74.19,7.51,7.33,6.02,5.05,4.15,7.57,8.31,74.33,13.39,115.76,71.96,97.95,36.64
P009,2026-07-30,58.13,67.05,6.8,6.24,6.51,5.91,5.51,6.79,7.92,74.34,13.4,116.83,72.5,97.77,36.62
P009,2026-07-31,60.36,63.2,6.48,5.96,6.28,6.02,5.81,6.68,7.55,74.35,13.4,117.08,72.62,97.51,36.6
P009,2026-08-01,57.47,67.78,7.05,6.98,5.3,4.92,4.35,7.66,7.56,74.36,13.41,116.01,72.08,97.4,36.58
P009,2026-08-02,57.42,67.82,7.07,7.0,5.16,4.73,4.23,7.81,7.52,74.36,13.41,115.93,72.04,97.36,36.55
P009,2026-08-03,56.04,70.21,7.26,7.01,5.34,4.55,4.11,7.97,7.77,74.37,13.42,115.85,72.0,97.53,36.53
P009,2026-08-04,54.09,73.64,7.51,7.03,5.68,4.36,3.98,8.12,8.14,74.37,13.42,115.77,71.96,97.8,36.51
P009,2026-08-05,52.72,76.01,7.7,7.06,4.86,4.18,3.85,8.27,8.39,74.37,13.42,115.67,71.91,97.98,36.49
P009,2026-08-06,52.68,76.04,7.72,7.09,4.71,4.01,3.71,8.41,8.34,74.37,13.42,115.57,71.86,97.93,36.47
P009,2026-08-07,53.68,74.2,7.62,7.14,4.3,3.85,3.57,8.55,8.06,74.37,13.42,115.46,71.8,97.71,36.45
P009,2026-08-08,55.07,71.73,7.45,7.09,3.95,3.8,3.56,8.59,7.75,74.37,13.42,115.44,71.8,97.47,36.44
P009,2026-08-09,55.39,71.16,7.41,7.07,3.86,3.76,3.55,8.62,7.67,74.36,13.41,115.42,71.79,97.42,36.43
P009,2026-08-10,54.38,72.95,7.54,7.06,4.1,3.74,3.54,8.63,7.89,74.36,13.41,115.39,71.77,97.58,36.43
P009,2026-08-11,52.8,75.77,7.73,7.07,4.49,3.74,3.52,8.64,8.24,74.35,13.4,115.35,71.75,97.84,36.43
P009,2026-08-12,51.8,77.53,7.85,7.09,4.73,3.76,3.5,8.63,8.46,74.34,13.4,115.3,71.73,98.0,36.44
P009,2026-08-13,52.13,76.95,7.82,7.14,4.63,3.79,3.47,8.6,8.38,74.33,13.39,115.25,71.71,97.94,36.45
P009,2026-08-14,53.5,74.5,7.65,7.19,4.28,3.83,3.44,8.57,8.07,74.32,13.38,115.19,71.68,97.71,36.46
P009,2026-08-15,54.86,72.07,7.48,7.27,3.92,3.89,3.41,8.52,7.76,74.31,13.37,115.13,71.65,97.48,36.47
P009,2026-08-16,55.15,71.56,7.45,7.35,3.83,3.96,3.38,8.47,7.69,74.3,13.36,115.05,71.61,97.42,36.49
P009,2026-08-17,54.12,73.39,7.58,7.44,4.07,4.04,3.34,8.42,7.91,74.28,13.35,114.98,71.58,97.59,36.52
P009,2026-08-18,52.51,76.25,7.78,7.54,4.45,4.12,3.3,8.35,8.26,74.27,13.34,114.89,71.54,97.85,36.54
P009,2026-08-19,51.49,78.05,7.91,7.64,4.69,4.21,3.25,8.29,8.48,74.25,13.33,114.8,71.49,98.01,36.56
P009,2026-08-20,51.79,77.51,7.87,7.74,4.59,4.29,3.21,8.23,8.4,74.23,13.31,114.71,71.45,97.95,36.58
P009,2026-08-21,53.14,75.1,7.71,7.83,4.23,4.37,3.16,8.18,8.09,74.21,13.3,114.61,71.4,97.72,36.61
P009,2026-08-22,54.48,72.71,7.55,7.92,3.87,4.43,3.11,8.13,7.79,74.2,13.28,114.51,71.36,97.49,36.62
P009,2026-08-23,54.75,72.22,7.52,8.0,3.77,4.49,3.06,8.09,7.72,74.18,13.27,114.4,71.31,97.43,36.64
P009,2026-08-24,53.7,74.09,7.65,8.07,4.01,4.53,3.01,8.06,7.94,74.16,13.25,114.29,71.25,97.6,36.65
P009,2026-08-25,52.07,76.98,7.85,8.12,4.39,4.55,2.95,8.05,8.29,74.14,13.24,114.18,71.2,97.86,36.66
P009,2026-08-26,51.03,78.8,7.98,8.16,4.62,4.56,2.9,8.04,8.51,74.12,13.22,114.06,71.15,98.02,36.67
P009,2026-08-27,51.32,78.28,7.95,8.18,4.52,4.54,2.84,8.06,8.44,74.1,13.21,113.95,71.09,97.97,36.67
P009,2026-08-28,52.66,75.89,7.79,8.18,4.16,4.51,2.79,8.08,8.13,74.07,13.19,113.83,71.04,97.73,36.67
P009,2026-08-29,53.99,73.51,7.63,8.17,3.8,4.47,2.73,8.12,7.82,74.05,13.17,113.71,70.98,97.5,36.66
P009,2026-08-30,54.26,73.04,7.6,8.14,3.71,4.4,2.68,8.17,7.75,74.03,13.16,113.6,70.93,97.45,36.65
P009,2026-08-31,53.2,74.9,7.73,8.1,3.94,4.32,2.62,8.24,7.98,74.01,13.14,113.48,70.87,97.61,36.63
P009,2026-09-01,51.57,77.8,7.93,8.05,4.32,4.23,2.56,8.31,8.33,73.99,13.12,113.36,70.82,97.88,36.61
P009,2026-09-02,50.54,79.63,8.06,7.99,4.55,4.12,2.51,8.39,8.55,73.97,13.11,113.25,70.76,98.04,36.59
P009,2026-09-03,50.83,79.1,8.03,7.93,4.45,4.02,2.45,8.47,8.47,73.95,13.09,113.14,70.71,97.98,36.57
P009,2026-09-04,52.17,76.7,7.87,7.86,4.09,3.91,2.4,8.56,8.16,73.93,13.07,113.03,70.66,97.75,36.55
P009,2026-09-05,53.51,74.32,7.71,7.79,3.73,3.8,2.35,8.65,7.86,73.91,13.06,112.92,70.61,97.51,36.52
P009,2026-09-06,54.18,73.17,7.61,7.62,3.7,3.79,2.44,8.64,7.76,73.89,13.04,112.92,70.61,97.45,36.5
P009,2026-09-07,53.53,74.36,7.67,7.45,3.99,3.78,2.53,8.64,7.95,73.87,13.03,112.92,70.61,97.6,36.48
P009,2026-09-08,52.31,76.57,7.8,7.3,4.44,3.79,2.62,8.62,8.27,73.85,13.02,112.93,70.62,97.85,36.46
P009,2026-09-09,51.7,77.72,7.86,7.15,4.73,3.81,2.71,8.59,8.46,73.84,13.0,112.94,70.63,98.0,36.45
P009,2026-09-10,52.4,76.51,7.76,7.02,4.69,3.85,2.8,8.55,8.35,73.82,12.99,112.96,70.64,97.93,36.44
P009,2026-09-11,54.17,73.42,7.53,6.91,4.39,3.91,2.9,8.5,8.01,73.81,12.98,112.99,70.66,97.69,36.43
P009,2026-09-12,55.92,70.34,7.29,6.81,4.09,3.98,3.0,8.43,7.67,73.79,12.97,113.02,70.67,97.44,36.43
P009,2026-09-13,55.81,70.48,7.33,6.93,3.94,3.89,2.84,8.52,7.63,73.78,12.96,112.85,70.59,97.4,36.43
P009,2026-09-14,54.39,72.95,7.52,7.06,4.12,3.81,2.67,8.59,7.88,73.77,12.95,112.68,70.51,97.58,36.44
P009,2026-09-15,52.39,76.45,7.79,7.22,4.45,3.75,2.51,8.65,8.26,73.76,12.94,112.52,70.43,97.85,36.45
P009,2026-09-16,51.0,78.87,7.98,7.38,4.63,3.71,2.35,8.69,8.51,73.75,12.94,112.37,70.36,98.02,36.46
P009,2026-09-17,50.93,78.94,8.01,7.56,4.48,3.68,2.19,8.73,8.46,73.75,12.93,112.23,70.29,97.98,36.48
P009,2026-09-18,51.92,77.12,7.91,7.74,4.06,3.67,2.04,8.75,8.18,73.74,12.93,112.09,70.22,97.75,36.5
P009,2026-09-19,52.9,75.32,7.81,7.93,3.65,3.66,1.89,8.77,7.9,73.74,12.92,111.96,70.16,97.53,36.52
P009,2026-09-20,53.22,74.75,7.77,8.02,3.57,3.76,1.88,8.7,7.83,73.73,12.92,111.95,70.15,97.48,36.55
P009,2026-09-21,52.23,76.51,7.89,8.11,3.81,3.85,1.88,8.63,8.04,73.73,12.92,111.94,70.14,97.64,36.57
P009,2026-09-22,50.66,79.3,8.08,8.19,4.2,3.94,1.88,8.56,8.39,73.73,12.92,111.94,70.14,97.9,36.59
P009,2026-09-23,49.7,81.01,8.2,8.27,4.44,4.03,1.88,8.49,8.61,73.73,12.92,111.94,70.15,98.06,36.61
P009,2026-09-24,50.06,80.36,8.15,8.34,4.35,4.11,1.89,8.43,8.53,73.73,12.92,111.96,70.15,98.0,36.63
P009,2026-09-25,51.49,77.84,7.98,8.39,4.0,4.18,1.9,8.38,8.21,73.74,12.93,111.98,70.16,97.76,36.65
P009,2026-09-26,52.9,75.33,7.8,8.43,3.65,4.23,1.91,8.34,7.9,73.74,12.93,112.01,70.18,97.53,36.66
P009,2026-09-27,53.25,74.7,7.76,8.46,3.57,4.27,1.93,8.31,7.82,73.75,12.94,112.05,70.19,97.47,36.67
P009,2026-09-28,52.29,76.42,7.88,8.47,3.82,4.29,1.95,8.29,8.04,73.76,12.94,112.09,70.22,97.64,36.67
P009,2026-09-29,50.76,79.15,8.06,8.46,4.22,4.3,1.98,8.29,8.38,73.77,12.95,112.14,70.24,97.9,36.67
P009,2026-09-30,49.82,80.81,8.17,8.43,4.46,4.28,2.0,8.3,8.59,73.78,12.96,112.2,70.27,98.06,36.66
P009,2026-10-01,50.22,80.12,8.12,8.38,4.38,4.25,2.04,8.32,8.51,73.79,12.97,112.27,70.3,97.99,36.65
P009,2026-10-02,51.67,77.54,7.95,8.32,4.03,4.21,2.07,8.35,8.19,73.8,12.98,112.34,70.33,97.76,36.64
P009,2026-10-03,53.11,74.99,7.77,8.25,3.69,4.15,2.11,8.4,7.88,73.82,12.99,112.41,70.37,97.52,36.63
P009,2026-10-04,53.49,74.32,7.72,8.17,3.61,4.08,2.15,8.45,7.8,73.83,13.0,112.5,70.41,97.47,36.61
P009,2026-10-05,52.55,75.99,7.83,8.07,3.87,4.01,2.19,8.5,8.02,73.85,13.01,112.59,70.45,97.63,36.58
P009,2026-10-06,51.04,78.68,8.01,7.98,4.26,3.92,2.23,8.56,8.36,73.87,13.03,112.68,70.49,97.89,36.56
P010,2026-04-10,52.38,75.84,7.76,8.28,3.01,3.67,2.91,8.14,8.03,75.71,13.66,114.92,71.68,97.65,36.67
P010,2026-04-11,53.51,73.85,7.62,8.27,2.75,3.68,2.95,8.12,7.79,75.73,13.68,115.01,71.72,97.46,36.67
P010,2026-04-12,53.34,74.15,7.64,8.25,2.81,3.68,2.99,8.13,7.83,75.74,13.69,115.09,71.76,97.5,36.67
P010,2026-04-13,52.04,76.47,7.79,8.21,3.15,3.66,3.02,8.14,8.12,75.75,13.7,115.16,71.79,97.72,36.66
P010,2026-04-14,50.61,79.01,7.96,8.15,3.52,3.62,3.05,8.17,8.45,75.77,13.71,115.23,71.82,97.96,36.65
P010,2026-04-15,50.16,79.82,8.02,8.09,3.65,3.56,3.08,8.21,8.55,75.78,13.72,115.29,71.85,98.04,36.63
P010,2026-04-16,51.05,78.24,7.91,8.01,3.44,3.49,3.11,8.26,8.36,75.79,13.72,115.35,71.88,97.9,36.61
P010,2026-04-17,52.63,75.44,7.71,7.93,3.05,3.42,3.13,8.32,8.01,75.8,13.73,115.4,71.9,97.64,36.59
P010,2026-04-18,53.73,73.49,7.58,7.84,2.78,3.33,3.15,8.39,7.77,75.8,13.74,115.44,71.92,97.46,36.57
P010,2026-04-19,53.54,73.83,7.6,7.75,2.84,3.24,3.17,8.46,7.81,75.81,13.74,115.47,71.94,97.49,36.55
P010,2026-04-20,52.21,76.2,7.76,7.66,3.18,3.15,3.18,8.53,8.11,75.81,13.75,115.5,71.95,97.71,36.52
P010,2026-04-21,51.15,78.13,7.87,7.47,3.6,3.15,3.33,8.51,8.4,75.82,13.75,115.62,72.01,97.95,36.5
P010,2026-04-22,51.07,78.32,7.86,7.29,3.78,3.16,3.47,8.49,8.48,75.82,13.75,115.73,72.07,98.01,36.48
P010,2026-04-23,52.33,76.14,7.69,7.12,3.63,3.18,3.61,8.46,8.26,75.82,13.75,115.84,72.12,97.86,36.46
P010,2026-04-24,54.28,72.73,7.43,6.96,3.3,3.22,3.74,8.42,7.88,75.82,13.75,115.94,72.17,97.59,36.45
P010,2026-04-25,55.75,70.17,7.23,6.82,3.09,3.26,3.87,8.37,7.61,75.82,13.75,116.03,72.21,97.4,36.44
P010,2026-04-26,55.92,69.9,7.19,6.69,3.19,3.33,4.0,8.31,7.63,75.81,13.74,116.11,72.26,97.42,36.43
P010,2026-04-27,54.96,71.66,7.29,6.58,3.59,3.41,4.12,8.24,7.9,75.81,13.74,116.19,72.29,97.63,36.43
P010,2026-04-28,53.08,74.96,7.54,6.7,3.89,3.32,3.97,8.32,8.25,75.8,13.74,116.05,72.23,97.89,36.43
P010,2026-04-29,52.16,76.53,7.67,6.83,3.95,3.24,3.81,8.39,8.39,75.79,13.73,115.9,72.15,97.98,36.44
P010,2026-04-30,52.59,75.72,7.64,6.99,3.67,3.18,3.65,8.45,8.24,75.78,13.72,115.74,72.08,97.85,36.45
P010,2026-05-01,53.71,73.67,7.52,7.15,3.22,3.14,3.48,8.5,7.92,75.77,13.71,115.58,72.0,97.6,36.46
P010,2026-05-02,54.34,72.48,7.47,7.33,2.88,3.11,3.32,8.54,7.72,75.76,13.7,115.41,71.92,97.44,36.48
P010,2026-05-03,53.69,73.59,7.57,7.52,2.87,3.09,3.14,8.57,7.8,75.75,13.69,115.24,71.83,97.48,36.5
P010,2026-05-04,51.9,76.71,7.81,7.72,3.14,3.08,2.97,8.59,8.13,75.74,13.68,115.06,71.74,97.72,36.52
P010,2026-05-05,50.39,79.39,8.0,7.82,3.5,3.16,2.93,8.53,8.46,75.72,13.67,114.98,71.7,97.97,36.54
P010,2026-05-06,49.85,80.34,8.06,7.92,3.61,3.24,2.89,8.47,8.57,75.7,13.66,114.89,71.66,98.05,36.57
P010,2026-05-07,50.65,78.91,7.97,8.01,3.39,3.32,2.84,8.41,8.38,75.69,13.65,114.8,71.62,97.91,36.59
P010,2026-05-08,52.15,76.25,7.79,8.11,2.99,3.4,2.8,8.36,8.04,75.67,13.63,114.7,71.57,97.65,36.61
P010,2026-05-09,53.16,74.43,7.67,8.19,2.71,3.46,2.75,8.31,7.8,75.65,13.62,114.6,71.52,97.47,36.63
P010,2026-05-10,52.89,74.91,7.7,8.27,2.76,3.51,2.7,8.27,7.86,75.63,13.6,114.49,71.47,97.51,36.65
P010,2026-05-11,51.48,77.4,7.88,8.33,3.08,3.55,2.65,8.25,8.16,75.61,13.59,114.38,71.42,97.73,36.66
P010,2026-05-12,49.95,80.11,8.07,8.38,3.44,3.57,2.59,8.24,8.49,75.59,13.57,114.27,71.37,97.98,36.67
P010,2026-05-13,49.4,81.09,8.14,8.41,3.55,3.57,2.54,8.24,8.6,75.57,13.56,114.16,71.32,98.06,36.67
P010,2026-05-14,50.19,79.68,8.05,8.42,3.32,3.55,2.48,8.26,8.42,75.55,13.54,114.04,71.26,97.92,36.67
P010,2026-05-15,51.67,77.03,7.87,8.42,2.93,3.51,2.43,8.29,8.07,75.53,13.52,113.93,71.21,97.66,36.66
P010,2026-05-16,52.68,75.23,7.75,8.41,2.65,3.46,2.37,8.33,7.84,75.51,13.51,113.81,71.15,97.48,36.66
P010,2026-05-17,52.4,75.72,7.78,8.38,2.69,3.39,2.31,8.38,7.89,75.49,13.49,113.69,71.1,97.52,36.64
P010,2026-05-18,50.99,78.22,7.96,8.33,3.01,3.31,2.26,8.45,8.19,75.47,13.47,113.57,71.04,97.75,36.63
P010,2026-05-19,49.45,80.94,8.15,8.28,3.37,3.21,2.2,8.53,8.52,75.44,13.46,113.46,70.99,97.99,36.61
P010,2026-05-20,48.9,81.91,8.22,8.22,3.48,3.11,2.14,8.61,8.64,75.42,13.44,113.34,70.93,98.07,36.59
P010,2026-05-21,49.69,80.5,8.13,8.15,3.26,3.0,2.09,8.69,8.45,75.4,13.42,113.23,70.88,97.93,36.56
P010,2026-05-22,51.18,77.84,7.95,8.08,2.86,2.89,2.04,8.78,8.11,75.38,13.41,113.12,70.83,97.68,36.54
P010,2026-05-23,52.19,76.03,7.83,8.01,2.58,2.78,1.99,8.87,7.88,75.36,13.39,113.01,70.78,97.5,36.52
P010,2026-05-24,51.92,76.51,7.86,7.95,2.62,2.67,1.94,8.95,7.93,75.34,13.38,112.91,70.73,97.53,36.5
P010,2026-05-25,50.52,79.0,8.04,7.89,2.95,2.58,1.89,9.02,8.23,75.33,13.36,112.8,70.68,97.76,36.48
P010,2026-05-26,48.99,81.7,8.23,7.84,3.31,2.5,1.84,9.09,8.56,75.31,13.35,112.71,70.63,98.0,36.46
P010,2026-05-27,48.45,82.65,8.29,7.8,3.42,2.43,1.8,9.14,8.67,75.29,13.34,112.62,70.59,98.09,36.45
P010,2026-05-28,49.26,81.21,8.2,7.78,3.2,2.38,1.75,9.18,8.48,75.28,13.33,112.53,70.55,97.95,36.44
P010,2026-05-29,50.76,78.53,8.02,7.77,2.8,2.34,1.72,9.21,8.14,75.26,13.31,112.45,70.51,97.69,36.43
P010,2026-05-30,51.8,76.69,7.89,7.78,2.52,2.33,1.68,9.22,7.9,75.25,13.3,112.37,70.48,97.51,36.43
P010,2026-05-31,51.54,77.13,7.93,7.81,2.57,2.33,1.65,9.22,7.95,75.24,13.29,112.3,70.44,97.54,36.43
P010,2026-06-01,50.16,79.58,8.1,7.84,2.9,2.36,1.62,9.2,8.25,75.22,13.28,112.24,70.41,97.77,36.44
P010,2026-06-02,48.67,82.24,8.28,7.9,3.26,2.4,1.59,9.17,8.58,75.21,13.28,112.19,70.39,98.01,36.45
P010,2026-06-03,48.55,82.49,8.28,7.86,3.44,2.55,1.7,9.05,8.66,75.2,13.27,112.24,70.42,98.08,36.47
P010,2026-06-04,49.78,80.35,8.11,7.83,3.28,2.71,1.82,8.91,8.44,75.2,13.26,112.3,70.45,97.93,36.49
P010,2026-06-05,51.72,76.97,7.85,7.81,2.94,2.89,1.94,8.76,8.07,75.19,13.26,112.37,70.48,97.66,36.51
P010,2026-06-06,53.18,74.42,7.65,7.79,2.73,3.07,2.06,8.61,7.8,75.19,13.25,112.45,70.52,97.47,36.53
P010,2026-06-07,53.35,74.15,7.61,7.78,2.84,3.26,2.19,8.46,7.81,75.18,13.25,112.53,70.57,97.49,36.55
P010,2026-06-08,52.4,75.89,7.71,7.76,3.23,3.45,2.32,8.3,8.08,75.18,13.25,112.63,70.61,97.7,36.58
P010,2026-06-09,51.34,77.84,7.82,7.74,3.66,3.63,2.46,8.15,8.37,75.18,13.25,112.73,70.66,97.93,36.6
P010,2026-06-10,50.45,79.37,7.95,7.92,3.72,3.62,2.32,8.17,8.51,75.18,13.25,112.63,70.61,98.03,36.62
P010,2026-06-11,50.91,78.49,7.91,8.09,3.45,3.6,2.19,8.2,8.35,75.18,13.25,112.54,70.57,97.89,36.64
P010,2026-06-12,52.08,76.37,7.79,8.25,3.0,3.57,2.06,8.23,8.04,75.19,13.26,112.45,70.52,97.65,36.65
P010,2026-06-13,52.77,75.09,7.72,8.39,2.67,3.53,1.94,8.28,7.82,75.19,13.26,112.38,70.49,97.48,36.66
P010,2026-06-14,52.17,76.1,7.81,8.51,2.67,3.47,1.82,8.34,7.9,75.2,13.26,112.31,70.45,97.52,36.67
P010,2026-06-15,50.45,79.11,8.04,8.62,2.95,3.39,1.71,8.41,8.23,75.21,13.27,112.25,70.42,97.76,36.67
P010,2026-06-16,48.62,82.33,8.28,8.71,3.26,3.29,1.59,8.5,8.58,75.21,13.28,112.19,70.39,98.01,36.67
P010,2026-06-17,48.16,83.14,8.34,8.68,3.39,3.28,1.62,8.51,8.69,75.23,13.29,112.25,70.42,98.09,36.66
P010,2026-06-18,49.05,81.56,8.23,8.63,3.18,3.24,1.65,8.53,8.49,75.24,13.29,112.31,70.45,97.95,36.65
P010,2026-06-19,50.65,78.73,8.03,8.56,2.79,3.19,1.68,8.57,8.14,75.25,13.3,112.38,70.48,97.69,36.64
P010,2026-06-20,51.77,76.75,7.89,8.49,2.53,3.13,1.72,8.62,7.9,75.26,13.32,112.46,70.52,97.51,36.62
P010,2026-06-21,51.6,77.05,7.91,8.4,2.59,3.06,1.76,8.67,7.94,75.28,13.33,112.54,70.55,97.54,36.6
P010,2026-06-22,50.31,79.35,8.06,8.31,2.93,2.98,1.8,8.73,8.24,75.29,13.34,112.63,70.6,97.76,36.58
P010,2026-06-23,48.9,81.87,8.23,8.21,3.31,2.9,1.85,8.79,8.56,75.31,13.35,112.72,70.64,98.0,36.56
P010,2026-06-24,48.46,82.65,8.28,8.11,3.44,2.81,1.89,8.85,8.66,75.33,13.37,112.82,70.69,98.08,36.53
P010,2026-06-25,49.38,81.03,8.17,8.01,3.23,2.73,1.94,8.91,8.46,75.35,13.38,112.92,70.73,97.94,36.51
P010,2026-06-26,50.99,78.17,7.97,7.91,2.85,2.66,1.99,8.96,8.11,75.37,13.4,113.02,70.78,97.68,36.49
P010,2026-06-27,52.13,76.15,7.83,7.83,2.59,2.6,2.04,9.01,7.87,75.39,13.41,113.13,70.83,97.5,36.47
P010,2026-06-28,51.98,76.42,7.84,7.75,2.65,2.55,2.1,9.05,7.91,75.41,13.43,113.24,70.89,97.53,36.45
P010,2026-06-29,50.7,78.71,7.99,7.69,2.99,2.51,2.15,9.07,8.2,75.43,13.44,113.36,70.94,97.75,36.44
P010,2026-06-30,49.3,81.2,8.16,7.64,3.37,2.49,2.21,9.08,8.52,75.45,13.46,113.47,70.99,97.99,36.43
P010,2026-07-01,48.88,81.96,8.21,7.61,3.5,2.49,2.26,9.08,8.63,75.47,13.48,113.59,71.05,98.07,36.43
P010,2026-07-02,49.81,80.32,8.09,7.6,3.3,2.51,2.32,9.07,8.43,75.49,13.49,113.71,71.1,97.93,36.43
P010,2026-07-03,51.43,77.45,7.89,7.6,2.92,2.55,2.38,9.04,8.08,75.51,13.51,113.82,71.16,97.66,36.44
P010,2026-07-04,52.57,75.43,7.75,7.61,2.66,2.6,2.43,8.99,7.83,75.53,13.53,113.94,71.22,97.48,36.44
P010,2026-07-05,52.43,75.7,7.76,7.64,2.72,2.67,2.49,8.94,7.88,75.55,13.54,114.06,71.27,97.51,36.46
P010,2026-07-06,51.15,77.98,7.92,7.69,3.06,2.76,2.54,8.87,8.17,75.57,13.56,114.17,71.32,97.74,36.47
P010,2026-07-07,49.75,80.47,8.08,7.74,3.44,2.85,2.6,8.8,8.49,75.59,13.57,114.29,71.38,97.98,36.49
P010,2026-07-08,49.32,81.24,8.13,7.81,3.57,2.95,2.65,8.72,8.59,75.61,13.59,114.4,71.43,98.06,36.51
P010,2026-07-09,50.24,79.61,8.02,7.88,3.36,3.06,2.7,8.63,8.39,75.63,13.61,114.51,71.48,97.91,36.54
P010,2026-07-10,51.85,76.75,7.82,7.95,2.98,3.17,2.75,8.55,8.04,75.65,13.62,114.61,71.53,97.65,36.56
P010,2026-07-11,52.99,74.74,7.67,8.02,2.72,3.28,2.8,8.47,7.8,75.67,13.63,114.71,71.58,97.47,36.58
P010,2026-07-12,52.83,75.03,7.69,8.08,2.78,3.38,2.85,8.39,7.84,75.69,13.65,114.81,71.62,97.5,36.6
P010,2026-07-13,51.54,77.33,7.85,8.14,3.13,3.48,2.89,8.31,8.14,75.71,13.66,114.9,71.67,97.72,36.62
P010,2026-07-14,50.13,79.85,8.02,8.19,3.5,3.56,2.94,8.25,8.46,75.72,13.67,114.99,71.71,97.97,36.64
P010,2026-07-15,49.69,80.64,8.07,8.23,3.63,3.63,2.98,8.2,8.56,75.74,13.69,115.07,71.75,98.05,36.65
P010,2026-07-16,50.99,78.39,7.89,8.15,3.48,3.77,3.15,8.07,8.34,75.75,13.7,115.25,71.84,97.89,36.66
P010,2026-07-17,52.98,74.9,7.62,8.06,3.15,3.9,3.32,7.96,7.96,75.76,13.71,115.42,71.92,97.62,36.67
P010,2026-07-18,54.49,72.27,7.42,7.95,2.95,4.0,3.49,7.87,7.68,75.77,13.71,115.59,72.0,97.42,36.67
P010,2026-07-19,54.71,71.93,7.37,7.83,3.06,4.09,3.65,7.79,7.7,75.79,13.72,115.75,72.08,97.45,36.67
P010,2026-07-20,53.8,73.61,7.46,7.69,3.46,4.16,3.81,7.72,7.96,75.79,13.73,115.9,72.16,97.66,36.66
P010,2026-07-21,52.76,75.52,7.56,7.53,3.89,4.21,3.97,7.67,8.25,75.8,13.74,116.05,72.23,97.89,36.65
P010,2026-07-22,52.69,75.69,7.55,7.37,4.07,4.25,4.12,7.63,8.33,75.81,13.74,116.19,72.3,97.96,36.63
P010,2026-07-23,53.16,74.8,7.51,7.4,3.8,4.08,4.0,7.77,8.17,75.81,13.74,116.11,72.26,97.82,36.61
P010,2026-07-24,54.33,72.69,7.39,7.42,3.36,3.9,3.87,7.91,7.85,75.82,13.75,116.03,72.22,97.58,36.59
P010,2026-07-25,55.01,71.42,7.32,7.44,3.03,3.72,3.74,8.07,7.64,75.82,13.75,115.94,72.17,97.41,36.57
P010,2026-07-26,54.4,72.46,7.42,7.46,3.02,3.53,3.61,8.23,7.72,75.82,13.75,115.84,72.12,97.45,36.55
P010,2026-07-27,52.65,75.51,7.65,7.48,3.3,3.34,3.47,8.38,8.05,75.82,13.75,115.73,72.07,97.69,36.52
P010,2026-07-28,50.78,78.79,7.9,7.5,3.6,3.15,3.33,8.54,8.4,75.82,13.75,115.62,72.01,97.95,36.5
P010,2026-07-29,49.88,80.33,8.03,7.53,3.66,2.97,3.18,8.69,8.54,75.81,13.75,115.49,71.95,98.04,36.48
P010,2026-07-30,50.72,78.83,7.93,7.47,3.45,2.89,3.17,8.75,8.35,75.81,13.74,115.47,71.94,97.9,36.46
P010,2026-07-31,52.25,76.11,7.74,7.42,3.05,2.83,3.15,8.8,8.01,75.8,13.74,115.43,71.92,97.64,36.45
P010,2026-08-01,53.3,74.23,7.61,7.38,2.78,2.78,3.13,8.84,7.77,75.8,13.73,115.39,71.9,97.46,36.44
P010,2026-08-02,53.06,74.66,7.64,7.37,2.83,2.74,3.11,8.87,7.82,75.79,13.72,115.34,71.88,97.49,36.43
P010,2026-08-03,51.69,77.1,7.81,7.37,3.16,2.72,3.08,8.89,8.12,75.78,13.72,115.29,71.85,97.72,36.43
P010,2026-08-04,50.18,79.77,8.0,7.38,3.52,2.72,3.05,8.89,8.45,75.76,13.71,115.22,71.82,97.96,36.43
P010,2026-08-05,49.66,80.7,8.06,7.42,3.63,2.74,3.02,8.88,8.56,75.75,13.7,115.15,71.79,98.04,36.44
P010,2026-08-06,50.47,79.25,7.97,7.47,3.41,2.77,2.98,8.85,8.37,75.74,13.69,115.08,71.75,97.9,36.45
P010,2026-08-07,51.97,76.57,7.79,7.53,3.02,2.82,2.94,8.82,8.03,75.72,13.67,115.0,71.71,97.64,36.46
P010,2026-08-08,53.0,74.74,7.66,7.61,2.74,2.88,2.9,8.77,7.79,75.71,13.66,114.91,71.67,97.47,36.48
P010,2026-08-09,52.73,75.2,7.7,7.7,2.78,2.95,2.86,8.72,7.84,75.69,13.65,114.82,71.63,97.5,36.5
P010,2026-08-10,51.33,77.69,7.87,7.8,3.11,3.03,2.81,8.67,8.14,75.67,13.64,114.72,71.58,97.73,36.52
P010,2026-08-11,49.81,80.39,8.06,7.9,3.47,3.11,2.76,8.61,8.47,75.66,13.62,114.62,71.54,97.97,36.54
P010,2026-08-12,49.26,81.36,8.13,8.0,3.58,3.19,2.71,8.55,8.59,75.64,13.61,114.52,71.49,98.05,36.57
P010,2026-08-13,50.05,79.94,8.04,8.1,3.36,3.27,2.66,8.49,8.4,75.62,13.59,114.41,71.44,97.91,36.59
P010,2026-08-14,51.54,77.28,7.86,8.2,2.96,3.34,2.61,8.44,8.06,75.6,13.58,114.3,71.38,97.66,36.61
P010,2026-08-15,52.55,75.48,7.74,8.28,2.68,3.4,2.55,8.39,7.82,75.58,13.56,114.19,71.33,97.48,36.63
P010,2026-08-16,52.27,75.96,7.77,8.36,2.72,3.45,2.5,8.36,7.87,75.56,13.54,114.07,71.28,97.51,36.65
P010,2026-08-17,50.86,78.46,7.95,8.42,3.05,3.49,2.44,8.33,8.18,75.53,13.53,113.95,71.22,97.74,36.66
P010,2026-08-18,49.33,81.18,8.14,8.47,3.4,3.51,2.38,8.32,8.51,75.51,13.51,113.84,71.17,97.99,36.67
P010,2026-08-19,48.77,82.16,8.21,8.5,3.51,3.51,2.33,8.32,8.62,75.49,13.49,113.72,71.11,98.07,36.67
P010,2026-08-20,49.56,80.75,8.12,8.52,3.29,3.49,2.27,8.34,8.43,75.47,13.48,113.6,71.06,97.93,36.67
P010,2026-08-21,51.04,78.1,7.94,8.52,2.89,3.45,2.21,8.37,8.09,75.45,13.46,113.49,71.0,97.67,36.66
P010,2026-08-22,52.05,76.3,7.82,8.5,2.61,3.4,2.16,8.41,7.86,75.43,13.44,113.37,70.95,97.49,36.66
P010,2026-08-23,51.78,76.79,7.86,8.47,2.65,3.33,2.1,8.47,7.91,75.41,13.43,113.26,70.89,97.53,36.64
P010,2026-08-24,50.37,79.28,8.03,8.43,2.98,3.25,2.05,8.53,8.21,75.39,13.41,113.14,70.84,97.75,36.63
P010,2026-08-25,48.84,81.99,8.22,8.37,3.33,3.15,2.0,8.61,8.54,75.37,13.4,113.04,70.79,98.0,36.61
P010,2026-08-26,48.29,82.96,8.29,8.31,3.45,3.05,1.95,8.69,8.66,75.35,13.38,112.93,70.74,98.08,36.59
P010,2026-08-27,49.09,81.54,8.2,8.24,3.22,2.94,1.9,8.77,8.47,75.33,13.37,112.83,70.69,97.94,36.56
P010,2026-08-28,50.98,78.21,7.95,8.07,2.88,2.93,1.99,8.77,8.1,75.31,13.35,112.84,70.7,97.67,36.54
P010,2026-08-29,52.41,75.72,7.76,7.89,2.66,2.92,2.08,8.77,7.83,75.3,13.34,112.85,70.7,97.48,36.52
P010,2026-08-30,52.54,75.53,7.72,7.72,2.77,2.91,2.17,8.77,7.85,75.28,13.33,112.86,70.72,97.5,36.5
P010,2026-08-31,51.55,77.33,7.83,7.56,3.15,2.91,2.27,8.75,8.12,75.26,13.32,112.88,70.73,97.72,36.48
P010,2026-09-01,50.44,79.35,7.94,7.4,3.57,2.92,2.37,8.73,8.42,75.25,13.31,112.91,70.74,97.95,36.46
P010,2026-09-02,50.31,79.63,7.94,7.26,3.75,2.95,2.47,8.7,8.5,75.24,13.3,112.94,70.76,98.02,36.45
P010,2026-09-03,51.53,77.51,7.78,7.13,3.59,3.0,2.58,8.65,8.28,75.23,13.29,112.98,70.78,97.87,36.44
P010,2026-09-04,52.65,75.46,7.66,7.22,3.13,2.87,2.42,8.76,7.97,75.22,13.28,112.82,70.7,97.62,36.43
P010,2026-09-05,53.3,74.26,7.6,7.33,2.8,2.77,2.25,8.86,7.76,75.21,13.27,112.67,70.63,97.45,36.43
P010,2026-09-06,52.66,75.34,7.7,7.45,2.79,2.68,2.1,8.94,7.84,75.2,13.26,112.52,70.56,97.5,36.43
P010,2026-09-07,50.89,78.42,7.94,7.59,3.06,2.61,1.94,9.0,8.17,75.19,13.26,112.38,70.49,97.74,36.44
P010,2026-09-08,49.01,81.72,8.19,7.74,3.37,2.57,1.79,9.05,8.53,75.19,13.26,112.25,70.42,97.99,36.45
P010,2026-09-09,48.11,83.26,8.32,7.91,3.43,2.53,1.65,9.09,8.66,75.18,13.25,112.12,70.36,98.09,36.47
P010,2026-09-10,48.56,82.41,8.28,8.08,3.15,2.51,1.5,9.12,8.51,75.18,13.25,112.01,70.3,97.95,36.49
P010,2026-09-11,50.11,79.66,8.09,8.16,2.76,2.6,1.5,9.06,8.16,75.18,13.25,112.0,70.3,97.69,36.51
P010,2026-09-12,51.18,77.74,7.96,8.24,2.49,2.69,1.5,8.99,7.92,75.18,13.25,112.0,70.3,97.51,36.53
P010,2026-09-13,50.98,78.11,7.98,8.33,2.55,2.79,1.51,8.91,7.97,75.18,13.25,112.01,70.31,97.55,36.55
P010,2026-09-14,49.64,80.48,8.15,8.41,2.88,2.88,1.51,8.84,8.26,75.19,13.25,112.03,70.31,97.77,36.58
P010,2026-09-15,48.19,83.07,8.32,8.49,3.25,2.98,1.53,8.77,8.59,75.19,13.26,112.06,70.33,98.02,36.6
P010,2026-09-16,47.72,83.9,8.38,8.56,3.37,3.07,1.54,8.7,8.69,75.2,13.26,112.09,70.34,98.1,36.62
P010,2026-09-17,48.6,82.34,8.27,8.62,3.16,3.15,1.56,8.64,8.5,75.2,13.27,112.13,70.36,97.95,36.63
P010,2026-09-18,50.18,79.54,8.08,8.67,2.78,3.22,1.59,8.59,8.15,75.21,13.28,112.18,70.38,97.69,36.65
P010,2026-09-19,51.29,77.57,7.94,8.7,2.51,3.27,1.61,8.54,7.91,75.22,13.28,112.23,70.41,97.51,36.66
P010,2026-09-20,51.11,77.89,7.96,8.72,2.57,3.31,1.64,8.51,7.95,75.23,13.29,112.3,70.44,97.54,36.67
P010,2026-09-21,49.81,80.21,8.12,8.72,2.91,3.33,1.68,8.5,8.25,75.25,13.3,112.36,70.47,97.77,36.67
P010,2026-09-22,48.39,82.75,8.29,8.7,3.28,3.33,1.71,8.5,8.57,75.26,13.31,112.44,70.51,98.01,36.67
P010,2026-09-23,47.95,83.54,8.34,8.67,3.41,3.31,1.75,8.51,8.67,75.27,13.32,112.52,70.55,98.09,36.66
P010,2026-09-24,48.85,81.94,8.23,8.61,3.2,3.28,1.79,8.53,8.48,75.29,13.34,112.61,70.59,97.94,36.65
P010,2026-09-25,50.46,79.09,8.03,8.55,2.82,3.24,1.84,8.56,8.13,75.31,13.35,112.7,70.63,97.68,36.64
P010,2026-09-26,51.59,77.08,7.89,8.47,2.56,3.18,1.88,8.61,7.88,75.32,13.36,112.79,70.67,97.5,36.62
P010,2026-09-27,51.43,77.37,7.9,8.38,2.62,3.11,1.93,8.66,7.93,75.34,13.38,112.89,70.72,97.53,36.6
P010,2026-09-28,50.15,79.66,8.06,8.28,2.96,3.03,1.98,8.71,8.22,75.36,13.39,113.0,70.77,97.76,36.58
P010,2026-09-29,48.75,82.16,8.22,8.18,3.34,2.95,2.03,8.77,8.54,75.38,13.41,113.1,70.82,98.0,36.56
P010,2026-09-30,48.32,82.92,8.27,8.08,3.47,2.87,2.08,8.83,8.64,75.4,13.42,113.22,70.87,98.08,36.53
P010,2026-10-01,49.24,81.29,8.16,7.98,3.26,2.79,2.14,8.89,8.45,75.42,13.44,113.33,70.93,97.93,36.51
P010,2026-10-02,50.86,78.43,7.96,7.88,2.88,2.72,2.19,8.94,8.1,75.44,13.45,113.44,70.98,97.67,36.49
P010,2026-10-03,52.0,76.4,7.81,7.8,2.62,2.66,2.25,8.99,7.85,75.46,13.47,113.56,71.04,97.49,36.47
P010,2026-10-04,51.86,76.67,7.83,7.72,2.69,2.61,2.31,9.02,7.89,75.48,13.49,113.68,71.09,97.52,36.45
P010,2026-10-05,50.58,78.95,7.98,7.66,3.03,2.57,2.36,9.05,8.18,75.51,13.5,113.79,71.15,97.74,36.44
P010,2026-10-06,49.19,81.44,8.15,7.61,3.41,2.55,2.42,9.06,8.5,75.53,13.52,113.91,71.2,97.98,36.43
P011,2026-04-10,53.09,75.18,7.41,7.4,3.74,4.41,4.2,7.98,7.66,77.27,14.08,116.63,72.64,97.46,36.59
P011,2026-04-11,53.76,73.98,7.32,7.32,3.59,4.32,4.21,8.06,7.52,77.27,14.08,116.64,72.65,97.35,36.56
P011,2026-04-12,53.47,74.55,7.33,7.12,3.83,4.32,4.35,8.04,7.65,77.27,14.08,116.75,72.7,97.46,36.54
P011,2026-04-13,52.37,76.55,7.46,6.93,4.27,4.32,4.48,8.03,7.96,77.27,14.08,116.85,72.75,97.71,36.52
P011,2026-04-14,51.62,77.95,7.53,6.74,4.63,4.32,4.62,8.0,8.19,77.27,14.08,116.95,72.8,97.89,36.5
P011,2026-04-15,52.1,77.14,7.45,6.57,4.67,4.33,4.74,7.99,8.15,77.26,14.08,117.03,72.84,97.87,36.48
P011,2026-04-16,53.77,74.22,7.23,6.4,4.41,4.35,4.87,7.95,7.84,77.26,14.07,117.11,72.88,97.65,36.46
P011,2026-04-17,55.7,70.84,6.98,6.24,4.09,4.38,4.99,7.9,7.48,77.25,14.07,117.18,72.92,97.39,36.45
P011,2026-04-18,56.74,69.03,6.83,6.11,3.99,4.43,5.11,7.86,7.31,77.25,14.06,117.25,72.95,97.27,36.44
P011,2026-04-19,55.63,70.97,7.0,6.19,4.11,4.31,4.95,7.96,7.5,77.24,14.06,117.1,72.88,97.41,36.43
P011,2026-04-20,53.7,74.35,7.25,6.3,4.43,4.2,4.79,8.06,7.88,77.23,14.05,116.94,72.8,97.67,36.43
P011,2026-04-21,52.11,77.12,7.46,6.42,4.66,4.11,4.62,8.13,8.17,77.22,14.04,116.78,72.72,97.88,36.43
P011,2026-04-22,51.76,77.68,7.53,6.56,4.58,4.04,4.45,8.2,8.19,77.21,14.03,116.6,72.64,97.89,36.44
P011,2026-04-23,52.6,76.12,7.45,6.72,4.2,3.98,4.28,8.26,7.95,77.19,14.02,116.43,72.55,97.69,36.45
P011,2026-04-24,53.7,74.1,7.34,6.88,3.76,3.94,4.1,8.3,7.65,77.18,14.01,116.24,72.46,97.45,36.47
P011,2026-04-25,53.91,73.66,7.34,7.07,3.54,3.91,3.93,8.34,7.54,77.16,14.0,116.05,72.37,97.36,36.49
P011,2026-04-26,53.17,74.98,7.44,7.16,3.71,3.98,3.88,8.27,7.71,77.15,13.98,115.96,72.33,97.49,36.51
P011,2026-04-27,51.62,77.73,7.63,7.26,4.09,4.06,3.84,8.22,8.05,77.13,13.97,115.87,72.28,97.74,36.53
P011,2026-04-28,50.41,79.88,7.79,7.35,4.37,4.15,3.79,8.15,8.32,77.11,13.96,115.77,72.23,97.94,36.55
P011,2026-04-29,50.44,79.81,7.78,7.44,4.35,4.23,3.74,8.08,8.31,77.09,13.94,115.66,72.18,97.93,36.57
P011,2026-04-30,51.67,77.63,7.63,7.55,4.03,4.3,3.69,8.03,8.04,77.07,13.93,115.56,72.13,97.73,36.6
P011,2026-05-01,53.15,74.98,7.46,7.63,3.64,4.37,3.63,7.97,7.71,77.05,13.91,115.45,72.08,97.48,36.62
P011,2026-05-02,53.75,73.91,7.39,7.72,3.48,4.43,3.58,7.93,7.57,77.03,13.89,115.33,72.03,97.38,36.63
P011,2026-05-03,52.99,75.25,7.49,7.78,3.65,4.48,3.52,7.89,7.74,77.01,13.88,115.22,71.98,97.5,36.65
P011,2026-05-04,51.42,78.02,7.68,7.83,4.02,4.51,3.47,7.87,8.09,76.99,13.86,115.1,71.92,97.76,36.66
P011,2026-05-05,50.21,80.18,7.84,7.88,4.31,4.52,3.41,7.86,8.36,76.97,13.84,114.99,71.87,97.96,36.67
P011,2026-05-06,50.23,80.13,7.84,7.9,4.28,4.52,3.36,7.86,8.35,76.95,13.83,114.87,71.81,97.95,36.67
P011,2026-05-07,51.46,77.95,7.7,7.92,3.96,4.49,3.3,7.88,8.08,76.93,13.81,114.75,71.75,97.74,36.67
P011,2026-05-08,52.93,75.32,7.52,7.9,3.57,4.45,3.24,7.91,7.75,76.9,13.79,114.63,71.7,97.49,36.66
P011,2026-05-09,53.53,74.24,7.45,7.88,3.41,4.39,3.19,7.95,7.61,76.88,13.78,114.52,71.64,97.39,36.65
P011,2026-05-10,52.77,75.59,7.55,7.84,3.58,4.32,3.13,8.01,7.78,76.86,13.76,114.4,71.59,97.51,36.64
P011,2026-05-11,51.2,78.35,7.74,7.79,3.95,4.23,3.08,8.07,8.12,76.84,13.75,114.29,71.54,97.77,36.62
P011,2026-05-12,49.99,80.51,7.9,7.73,4.24,4.14,3.03,8.15,8.39,76.82,13.73,114.18,71.49,97.97,36.6
P011,2026-05-13,50.03,80.45,7.9,7.66,4.22,4.03,2.98,8.22,8.38,76.8,13.72,114.08,71.44,97.96,36.58
P011,2026-05-14,51.26,78.26,7.76,7.59,3.89,3.92,2.93,8.31,8.11,76.78,13.7,113.97,71.39,97.75,36.56
P011,2026-05-15,52.74,75.6,7.57,7.51,3.51,3.81,2.88,8.39,7.78,76.77,13.69,113.88,71.34,97.5,36.53
P011,2026-05-16,53.35,74.5,7.51,7.44,3.34,3.71,2.83,8.47,7.64,76.75,13.67,113.78,71.3,97.4,36.51
P011,2026-05-17,52.61,75.82,7.6,7.38,3.52,3.61,2.79,8.55,7.81,76.73,13.66,113.69,71.25,97.52,36.49
P011,2026-05-18,51.45,77.92,7.72,7.21,3.95,3.61,2.88,8.53,8.12,76.72,13.65,113.71,71.27,97.77,36.47
P011,2026-05-19,49.86,80.69,7.94,7.27,4.18,3.44,2.71,8.67,8.42,76.7,13.64,113.53,71.18,97.98,36.46
P011,2026-05-20,51.08,78.66,7.74,6.92,4.34,3.66,3.08,8.46,8.32,76.69,13.63,113.76,71.3,97.94,36.44
P011,2026-05-21,52.73,75.79,7.53,6.79,4.08,3.7,3.18,8.41,8.02,76.68,13.62,113.8,71.32,97.72,36.43
P011,2026-05-22,54.64,72.46,7.27,6.68,3.75,3.77,3.28,8.35,7.65,76.67,13.61,113.84,71.34,97.46,36.43
P011,2026-05-23,53.31,74.54,7.54,7.19,3.3,3.3,2.59,8.76,7.67,76.66,13.6,113.28,71.06,97.41,36.43
P011,2026-05-24,55.33,71.31,7.16,6.51,3.88,3.96,3.5,8.18,7.62,76.65,13.6,113.94,71.39,97.45,36.44
P011,2026-05-25,54.6,72.7,7.22,6.34,4.38,4.18,3.76,7.98,7.9,76.64,13.59,114.11,71.48,97.68,36.44
P011,2026-05-26,54.22,73.48,7.22,6.19,5.79,4.42,4.01,7.78,8.11,76.64,13.59,114.28,71.57,97.86,36.46
P011,2026-05-27,51.18,78.47,7.75,7.05,5.31,3.75,2.94,8.38,8.33,76.63,13.58,113.45,71.15,97.94,36.47
P011,2026-05-28,52.86,75.54,7.52,7.02,5.06,3.92,3.07,8.23,8.02,76.63,13.58,113.54,71.2,97.72,36.49
P011,2026-05-29,54.81,72.14,7.27,7.0,4.74,4.1,3.2,8.08,7.66,76.63,13.58,113.64,71.24,97.46,36.51
P011,2026-05-30,55.88,70.3,7.12,6.97,4.64,4.29,3.34,7.92,7.49,76.63,13.58,113.74,71.3,97.34,36.54
P011,2026-05-31,55.59,70.86,7.14,6.95,4.88,4.48,3.48,7.76,7.62,76.63,13.58,113.86,71.35,97.45,36.56
P011,2026-06-01,53.7,74.17,7.39,7.13,5.21,4.48,3.35,7.77,7.99,76.63,13.58,113.77,71.31,97.72,36.58
P011,2026-06-02,52.16,76.85,7.6,7.31,5.45,4.48,3.22,7.77,8.28,76.64,13.59,113.69,71.27,97.93,36.6
P011,2026-06-03,51.87,77.32,7.66,7.48,4.38,4.47,3.1,7.8,8.3,76.64,13.59,113.62,71.23,97.93,36.62
P011,2026-06-04,52.78,75.65,7.56,7.64,4.01,4.45,2.98,7.82,8.05,76.65,13.6,113.55,71.2,97.73,36.64
P011,2026-06-05,53.95,73.52,7.44,7.79,3.58,4.42,2.87,7.85,7.74,76.66,13.6,113.49,71.17,97.49,36.65
P011,2026-06-06,54.25,72.96,7.42,7.91,3.37,4.38,2.76,7.89,7.63,76.67,13.61,113.44,71.14,97.4,36.66
P011,2026-06-07,53.19,74.78,7.57,8.02,3.49,4.31,2.65,7.95,7.82,76.68,13.62,113.4,71.12,97.53,36.67
P011,2026-06-08,51.73,77.38,7.75,8.02,3.88,4.33,2.68,7.94,8.16,76.69,13.63,113.47,71.15,97.78,36.67
P011,2026-06-09,50.62,79.36,7.88,7.99,4.19,4.32,2.72,7.93,8.42,76.71,13.64,113.54,71.18,97.98,36.67
P011,2026-06-10,50.76,79.12,7.87,7.95,4.18,4.3,2.75,7.95,8.4,76.72,13.65,113.62,71.22,97.97,36.66
P011,2026-06-11,52.09,76.75,7.7,7.89,3.87,4.27,2.8,7.97,8.12,76.74,13.66,113.7,71.26,97.76,36.65
P011,2026-06-12,53.69,73.92,7.51,7.82,3.5,4.22,2.84,8.01,7.78,76.75,13.68,113.79,71.3,97.51,36.63
P011,2026-06-13,54.41,72.65,7.42,7.73,3.35,4.15,2.88,8.05,7.64,76.77,13.69,113.89,71.35,97.4,36.61
P011,2026-06-14,53.77,73.78,7.5,7.63,3.54,4.08,2.93,8.09,7.8,76.79,13.7,113.99,71.39,97.52,36.59
P011,2026-06-15,52.34,76.34,7.67,7.54,3.94,4.0,2.98,8.15,8.13,76.81,13.72,114.09,71.44,97.77,36.57
P011,2026-06-16,51.25,78.29,7.8,7.43,4.24,3.92,3.03,8.21,8.39,76.83,13.73,114.2,71.49,97.97,36.55
P011,2026-06-17,51.4,78.03,7.78,7.33,4.24,3.84,3.09,8.27,8.37,76.85,13.75,114.31,71.55,97.96,36.53
P011,2026-06-18,52.76,75.63,7.61,7.22,3.93,3.76,3.14,8.32,8.09,76.87,13.76,114.42,71.6,97.75,36.5
P011,2026-06-19,54.37,72.77,7.42,7.12,3.56,3.7,3.19,8.36,7.75,76.89,13.78,114.53,71.65,97.49,36.48
P011,2026-06-20,55.1,71.49,7.32,7.04,3.42,3.64,3.25,8.41,7.61,76.91,13.8,114.65,71.71,97.39,36.47
P011,2026-06-21,54.47,72.6,7.4,6.96,3.61,3.59,3.31,8.43,7.76,76.93,13.81,114.77,71.76,97.51,36.45
P011,2026-06-22,53.04,75.15,7.57,6.9,4.0,3.56,3.36,8.45,8.1,76.95,13.83,114.88,71.82,97.76,36.44
P011,2026-06-23,51.97,77.09,7.71,6.85,4.31,3.55,3.42,8.46,8.36,76.97,13.85,115.0,71.87,97.96,36.43
P011,2026-06-24,52.12,76.81,7.68,6.83,4.31,3.55,3.48,8.45,8.34,76.99,13.86,115.12,71.93,97.94,36.43
P011,2026-06-25,53.48,74.41,7.51,6.81,4.0,3.57,3.53,8.43,8.05,77.01,13.88,115.23,71.98,97.73,36.43
P011,2026-06-26,55.09,71.55,7.31,6.81,3.63,3.62,3.59,8.39,7.71,77.03,13.9,115.35,72.04,97.48,36.44
P011,2026-06-27,55.82,70.27,7.22,6.83,3.49,3.67,3.64,8.34,7.57,77.05,13.91,115.46,72.09,97.37,36.45
P011,2026-06-28,55.19,71.39,7.3,6.86,3.68,3.75,3.69,8.28,7.73,77.07,13.93,115.57,72.14,97.49,36.46
P011,2026-06-29,53.75,73.95,7.47,6.91,4.07,3.83,3.74,8.21,8.06,77.09,13.94,115.68,72.19,97.75,36.48
P011,2026-06-30,52.66,75.91,7.61,6.97,4.38,3.93,3.79,8.13,8.32,77.11,13.96,115.78,72.24,97.94,36.5
P011,2026-07-01,52.82,75.65,7.58,7.02,4.37,4.03,3.84,8.04,8.3,77.13,13.97,115.88,72.29,97.93,36.52
P011,2026-07-02,54.16,73.27,7.42,7.1,4.06,4.14,3.89,7.96,8.02,77.15,13.98,115.98,72.33,97.72,36.54
P011,2026-07-03,55.75,70.43,7.22,7.16,3.7,4.25,3.93,7.87,7.68,77.16,14.0,116.07,72.37,97.47,36.57
P011,2026-07-04,56.47,69.18,7.13,7.24,3.55,4.35,3.97,7.79,7.54,77.18,14.01,116.15,72.41,97.36,36.59
P011,2026-07-05,55.82,70.33,7.22,7.3,3.73,4.45,4.01,7.71,7.7,77.19,14.02,116.23,72.45,97.48,36.61
P011,2026-07-06,54.36,72.92,7.39,7.35,4.12,4.54,4.04,7.63,8.03,77.21,14.03,116.3,72.49,97.74,36.63
P011,2026-07-07,53.65,74.25,7.46,7.3,4.48,4.71,4.21,7.49,8.26,77.22,14.04,116.47,72.57,97.92,36.64
P011,2026-07-08,54.17,73.36,7.37,7.23,4.54,4.86,4.38,7.36,8.22,77.23,14.05,116.64,72.65,97.9,36.66
P011,2026-07-09,55.9,70.37,7.15,7.15,4.28,5.0,4.54,7.24,7.91,77.24,14.06,116.79,72.73,97.68,36.67
P011,2026-07-10,57.88,66.91,6.88,7.05,3.97,5.12,4.7,7.13,7.54,77.25,14.06,116.94,72.8,97.41,36.67
P011,2026-07-11,58.96,65.04,6.74,6.94,3.88,5.22,4.86,7.04,7.37,77.26,14.07,117.09,72.87,97.3,36.67
P011,2026-07-12,58.69,65.58,6.75,6.81,4.12,5.3,5.01,6.96,7.5,77.26,14.07,117.22,72.94,97.4,36.66
P011,2026-07-13,57.6,67.55,6.87,6.66,4.56,5.36,5.16,6.9,7.81,77.27,14.08,117.35,73.0,97.65,36.66
P011,2026-07-14,56.06,70.25,7.07,6.72,4.8,5.21,5.03,7.02,8.1,77.27,14.08,117.26,72.96,97.86,36.64
P011,2026-07-15,55.75,70.74,7.13,6.75,4.73,5.05,4.89,7.15,8.12,77.27,14.08,117.17,72.91,97.86,36.63
P011,2026-07-16,56.64,69.11,7.04,6.79,4.36,4.88,4.76,7.3,7.87,77.27,14.08,117.06,72.86,97.66,36.61
P011,2026-07-17,57.79,67.02,6.92,6.8,3.92,4.69,4.62,7.44,7.56,77.27,14.08,116.95,72.8,97.42,36.59
P011,2026-07-18,58.04,66.53,6.92,6.82,3.7,4.5,4.47,7.59,7.46,77.27,14.08,116.83,72.74,97.33,36.56
P011,2026-07-19,56.94,68.43,7.07,6.84,3.82,4.31,4.33,7.76,7.65,77.26,14.07,116.71,72.68,97.46,36.54
P011,2026-07-20,55.02,71.78,7.33,6.86,4.15,4.12,4.17,7.91,8.02,77.26,14.07,116.57,72.61,97.73,36.52
P011,2026-07-21,53.85,73.87,7.47,6.79,4.44,4.02,4.16,7.99,8.29,77.25,14.06,116.53,72.59,97.93,36.5
P011,2026-07-22,53.91,73.75,7.47,6.71,4.42,3.94,4.13,8.05,8.28,77.24,14.06,116.49,72.57,97.92,36.48
P011,2026-07-23,55.17,71.51,7.32,6.65,4.1,3.86,4.11,8.1,8.0,77.23,14.05,116.44,72.55,97.71,36.46
P011,2026-07-24,56.68,68.82,7.13,6.61,3.72,3.79,4.08,8.15,7.67,77.22,14.04,116.38,72.52,97.46,36.45
P011,2026-07-25,57.31,67.71,7.06,6.58,3.56,3.74,4.05,8.19,7.53,77.21,14.03,116.31,72.49,97.36,36.44
P011,2026-07-26,56.58,69.0,7.15,6.57,3.73,3.71,4.01,8.22,7.7,77.2,14.02,116.24,72.46,97.48,36.43
P011,2026-07-27,55.03,71.73,7.35,6.57,4.11,3.69,3.98,8.22,8.04,77.18,14.01,116.16,72.42,97.74,36.43
P011,2026-07-28,53.83,73.87,7.5,6.6,4.4,3.7,3.94,8.23,8.31,77.17,14.0,116.08,72.38,97.94,36.43
P011,2026-07-29,54.26,73.14,7.43,6.53,4.44,3.81,4.03,8.12,8.27,77.15,13.99,116.09,72.39,97.92,36.44
P011,2026-07-30,55.1,71.59,7.35,6.68,4.06,3.75,3.85,8.17,8.03,77.13,13.97,115.89,72.29,97.72,36.45
P011,2026-07-31,57.76,67.0,6.98,6.45,3.84,4.07,4.2,7.89,7.6,77.11,13.96,116.1,72.4,97.44,36.47
P011,2026-08-01,58.76,65.28,6.84,6.43,3.74,4.23,4.28,7.76,7.44,77.1,13.94,116.09,72.4,97.32,36.49
P011,2026-08-02,58.4,65.96,6.86,6.42,3.97,4.39,4.37,7.63,7.58,77.08,13.93,116.09,72.4,97.43,36.51
P011,2026-08-03,54.89,71.95,7.4,7.02,4.05,4.01,3.65,7.98,8.07,77.06,13.91,115.47,72.1,97.75,36.53
P011,2026-08-04,56.41,69.6,7.08,6.41,4.74,4.73,4.53,7.33,8.13,77.04,13.9,116.07,72.4,97.87,36.55
P011,2026-08-05,56.82,68.9,7.02,6.41,4.78,4.91,4.61,7.19,8.09,77.02,13.88,116.06,72.39,97.85,36.57
P011,2026-08-06,58.43,66.08,6.8,6.4,4.51,5.07,4.68,7.05,7.79,77.0,13.87,116.04,72.39,97.63,36.6
P011,2026-08-07,56.39,69.23,7.23,7.41,3.61,4.31,3.43,7.74,7.73,76.97,13.85,115.02,71.88,97.49,36.62
P011,2026-08-08,56.99,68.17,7.16,7.49,3.44,4.37,3.37,7.7,7.59,76.95,13.83,114.9,71.82,97.38,36.63
P011,2026-08-09,56.23,69.51,7.26,7.57,3.61,4.42,3.31,7.67,7.76,76.93,13.82,114.78,71.77,97.51,36.65
P011,2026-08-10,54.66,72.28,7.46,7.62,3.98,4.45,3.26,7.64,8.11,76.91,13.8,114.66,71.71,97.76,36.66
P011,2026-08-11,53.45,74.44,7.61,7.65,4.27,4.46,3.2,7.62,8.38,76.89,13.78,114.55,71.66,97.96,36.67
P011,2026-08-12,53.47,74.39,7.61,7.68,4.25,4.46,3.15,7.63,8.37,76.87,13.77,114.43,71.6,97.96,36.67
P011,2026-08-13,54.7,72.2,7.46,7.69,4.92,4.44,3.09,7.64,8.09,76.85,13.75,114.32,71.55,97.75,36.67
P011,2026-08-14,56.18,69.56,7.29,7.68,4.54,4.4,3.04,7.68,7.76,76.83,13.73,114.21,71.5,97.5,36.66
P011,2026-08-15,56.78,68.49,7.22,7.66,4.37,4.34,2.99,7.72,7.63,76.81,13.72,114.1,71.45,97.4,36.65
P011,2026-08-16,56.02,69.81,7.32,7.61,4.54,4.27,2.94,7.77,7.8,76.79,13.7,114.0,71.4,97.52,36.64
P011,2026-08-17,54.47,72.57,7.51,7.57,4.92,4.18,2.89,7.84,8.14,76.77,13.69,113.9,71.35,97.78,36.62
P011,2026-08-18,53.26,74.71,7.67,7.5,5.21,4.09,2.84,7.9,8.41,76.75,13.68,113.8,71.31,97.98,36.6
P011,2026-08-19,53.71,73.97,7.6,7.33,5.25,4.08,2.94,7.9,8.37,76.74,13.66,113.82,71.32,97.96,36.58
P011,2026-08-20,55.35,71.1,7.37,7.15,4.98,4.07,3.03,7.89,8.06,76.72,13.65,113.84,71.33,97.74,36.56
P011,2026-08-21,57.25,67.77,7.13,6.96,3.66,4.05,3.13,7.88,7.7,76.71,13.64,113.86,71.34,97.47,36.53
P011,2026-08-22,58.27,66.01,6.99,6.79,3.55,4.04,3.23,7.88,7.53,76.69,13.63,113.89,71.36,97.36,36.51
P011,2026-08-23,57.94,66.64,7.02,6.61,3.79,4.04,3.34,7.86,7.67,76.68,13.62,113.93,71.38,97.47,36.49
P011,2026-08-24,56.8,68.7,7.14,6.45,4.23,4.05,3.44,7.85,7.98,76.67,13.61,113.97,71.4,97.71,36.47
P011,2026-08-25,56.02,70.14,7.22,6.28,4.58,4.07,3.55,7.81,8.22,76.66,13.6,114.02,71.43,97.9,36.46
P011,2026-08-26,55.68,70.68,7.28,6.35,4.5,3.92,3.4,7.95,8.24,76.65,13.6,113.87,71.36,97.91,36.44
P011,2026-08-27,56.56,69.09,7.2,6.42,4.12,3.78,3.24,8.06,7.99,76.65,13.59,113.72,71.28,97.71,36.43
P011,2026-08-28,57.68,67.03,7.08,6.51,3.68,3.67,3.09,8.15,7.69,76.64,13.59,113.59,71.22,97.47,36.43
P011,2026-08-29,57.93,66.54,7.08,6.62,3.47,3.57,2.94,8.24,7.58,76.64,13.58,113.46,71.15,97.38,36.43
P011,2026-08-30,56.83,68.44,7.23,6.73,3.59,3.49,2.79,8.31,7.77,76.63,13.58,113.34,71.09,97.51,36.44
P011,2026-08-31,54.92,71.78,7.48,6.88,3.91,3.43,2.65,8.37,8.14,76.63,13.58,113.23,71.04,97.78,36.44
P011,2026-09-01,53.37,74.48,7.69,7.02,4.15,3.39,2.52,8.41,8.44,76.63,13.58,113.12,70.99,97.99,36.46
P011,2026-09-02,53.46,74.31,7.68,7.07,4.14,3.46,2.52,8.35,8.43,76.63,13.58,113.13,70.99,97.98,36.47
P011,2026-09-03,54.76,72.01,7.53,7.14,3.82,3.54,2.53,8.29,8.15,76.63,13.58,113.14,70.99,97.77,36.49
P011,2026-09-04,56.32,69.24,7.33,7.21,3.45,3.63,2.54,8.21,7.81,76.64,13.59,113.16,71.01,97.52,36.51
P011,2026-09-05,57.0,68.03,7.26,7.3,3.29,3.73,2.55,8.14,7.67,76.64,13.59,113.19,71.02,97.41,36.54
P011,2026-09-06,56.33,69.22,7.34,7.37,3.48,3.83,2.57,8.05,7.83,76.65,13.6,113.23,71.04,97.53,36.56
P011,2026-09-07,54.86,71.85,7.52,7.45,3.87,3.93,2.59,7.98,8.17,76.66,13.6,113.27,71.06,97.79,36.58
P011,2026-09-08,53.74,73.84,7.65,7.52,4.17,4.03,2.61,7.9,8.43,76.67,13.61,113.33,71.08,97.98,36.6
P011,2026-09-09,53.86,73.62,7.63,7.58,4.16,4.12,2.64,7.82,8.41,76.68,13.62,113.38,71.11,97.97,36.62
P011,2026-09-10,55.19,71.27,7.48,7.63,3.85,4.2,2.67,7.76,8.13,76.69,13.63,113.45,71.14,97.76,36.64
P011,2026-09-11,56.77,68.45,7.28,7.67,3.48,4.26,2.71,7.7,7.79,76.7,13.64,113.52,71.17,97.51,36.65
P011,2026-09-12,57.49,67.21,7.2,7.69,3.33,4.32,2.75,7.67,7.65,76.72,13.65,113.6,71.21,97.4,36.66
P011,2026-09-13,56.84,68.35,7.27,7.7,3.52,4.35,2.79,7.63,7.81,76.73,13.66,113.68,71.25,97.52,36.67
P011,2026-09-14,55.79,70.29,7.38,7.58,3.97,4.46,2.96,7.53,8.12,76.75,13.67,113.87,71.34,97.77,36.67
P011,2026-09-15,54.3,72.89,7.58,7.66,4.21,4.37,2.87,7.61,8.41,76.77,13.69,113.86,71.34,97.97,36.67
P011,2026-09-16,55.62,70.7,7.37,7.3,4.38,4.63,3.32,7.37,8.3,76.78,13.7,114.27,71.53,97.93,36.66
P011,2026-09-17,57.36,67.67,7.13,7.15,4.13,4.68,3.5,7.31,7.99,76.8,13.71,114.47,71.63,97.71,36.65
P011,2026-09-18,59.35,64.18,6.86,6.97,3.82,4.73,3.69,7.25,7.62,76.82,13.73,114.68,71.73,97.44,36.63
P011,2026-09-19,58.12,66.12,7.11,7.38,3.39,4.21,3.07,7.71,7.62,76.84,13.74,114.28,71.53,97.39,36.61
P011,2026-09-20,60.24,62.73,6.71,6.58,3.98,4.78,4.06,7.18,7.57,76.86,13.76,115.1,71.94,97.43,36.59
P011,2026-09-21,59.2,64.65,6.82,6.37,4.43,4.8,4.25,7.15,7.87,76.88,13.78,115.32,72.04,97.67,36.57
P011,2026-09-22,58.5,65.93,6.88,6.17,4.79,4.81,4.44,7.13,8.1,76.9,13.79,115.53,72.15,97.86,36.55
P011,2026-09-23,55.14,71.45,7.47,6.97,4.27,3.9,3.29,7.92,8.36,76.92,13.81,114.74,71.75,97.95,36.53
P011,2026-09-24,56.5,69.05,7.3,6.88,3.97,3.83,3.35,7.98,8.07,76.94,13.83,114.86,71.8,97.74,36.5
P011,2026-09-25,58.11,66.19,7.1,6.77,3.6,3.76,3.41,8.02,7.73,76.97,13.84,114.97,71.86,97.49,36.48
P011,2026-09-26,58.84,64.91,7.01,6.68,3.46,3.7,3.46,8.06,7.59,76.99,13.86,115.09,71.91,97.38,36.47
P011,2026-09-27,58.22,66.02,7.08,6.61,3.65,3.65,3.52,8.09,7.74,77.01,13.88,115.21,71.97,97.5,36.45
P011,2026-09-28,56.79,68.58,7.26,6.55,4.04,3.62,3.57,8.11,8.08,77.03,13.89,115.32,72.02,97.75,36.44
P011,2026-09-29,55.71,70.52,7.38,6.51,4.35,3.61,3.63,8.12,8.34,77.05,13.91,115.43,72.08,97.95,36.43
P011,2026-09-30,55.86,70.25,7.37,6.47,4.34,3.61,3.68,8.11,8.32,77.07,13.92,115.54,72.13,97.94,36.43
P011,2026-10-01,57.61,67.2,7.13,6.35,4.1,3.73,3.87,8.0,8.01,77.09,13.94,115.76,72.23,97.71,36.43
P011,2026-10-02,59.62,63.69,6.87,6.26,3.79,3.86,4.06,7.88,7.63,77.11,13.95,115.96,72.33,97.45,36.44
P011,2026-10-03,60.74,61.76,6.71,6.17,3.7,4.01,4.24,7.75,7.46,77.13,13.97,116.17,72.43,97.33,36.45
P011,2026-10-04,60.5,62.23,6.72,6.11,3.95,4.17,4.42,7.61,7.59,77.14,13.98,116.37,72.53,97.44,36.46
P011,2026-10-05,59.45,64.15,6.82,6.05,4.4,4.35,4.6,7.45,7.89,77.16,13.99,116.56,72.62,97.68,36.48
P011,2026-10-06,58.76,65.45,6.88,6.01,4.76,4.54,4.78,7.29,8.12,77.18,14.01,116.75,72.72,97.87,36.5
P012,2026-04-10,63.37,58.06,6.19,5.24,5.24,5.68,5.84,7.05,7.19,78.67,14.37,118.07,73.49,97.24,36.44
P012,2026-04-11,63.02,58.62,6.25,5.33,5.15,5.54,5.67,7.17,7.2,78.66,14.36,117.9,73.41,97.24,36.43
P012,2026-04-12,61.41,61.42,6.47,5.43,5.37,5.41,5.5,7.28,7.49,78.65,14.35,117.73,73.32,97.45,36.43
P012,2026-04-13,59.42,64.91,6.73,5.54,5.69,5.31,5.32,7.38,7.87,78.64,14.34,117.54,73.24,97.72,36.43
P012,2026-04-14,58.19,67.03,6.9,5.68,5.82,5.22,5.15,7.46,8.07,78.62,14.33,117.36,73.14,97.86,36.44
P012,2026-04-15,58.32,66.74,6.91,5.83,5.6,5.15,4.97,7.53,7.97,78.6,14.32,117.17,73.05,97.77,36.44
P012,2026-04-16,59.35,64.85,6.81,5.99,5.16,5.1,4.79,7.58,7.68,78.59,14.31,116.97,72.96,97.54,36.46
P012,2026-04-17,60.57,62.68,6.66,6.07,4.83,5.15,4.74,7.54,7.4,78.57,14.29,116.87,72.91,97.33,36.47
P012,2026-04-18,60.6,62.62,6.66,6.15,4.8,5.22,4.69,7.5,7.38,78.55,14.28,116.77,72.86,97.31,36.49
P012,2026-04-19,59.37,64.79,6.81,6.25,5.08,5.29,4.64,7.45,7.64,78.53,14.26,116.66,72.81,97.5,36.51
P012,2026-04-20,57.76,67.65,7.01,6.35,5.46,5.37,4.59,7.39,7.99,78.51,14.25,116.56,72.76,97.76,36.53
P012,2026-04-21,56.92,69.14,7.12,6.45,5.64,5.45,4.53,7.33,8.16,78.49,14.23,116.44,72.71,97.89,36.56
P012,2026-04-22,57.43,68.22,7.06,6.56,5.48,5.53,4.48,7.27,8.04,78.47,14.22,116.33,72.65,97.8,36.58
P012,2026-04-23,58.85,65.68,6.89,6.66,5.1,5.6,4.42,7.22,7.71,78.45,14.2,116.22,72.6,97.55,36.6
P012,2026-04-24,60.05,63.53,6.74,6.75,4.77,5.67,4.37,7.17,7.43,78.43,14.18,116.1,72.54,97.34,36.62
P012,2026-04-25,60.08,63.48,6.74,6.83,4.73,5.72,4.31,7.13,7.41,78.41,14.17,115.98,72.49,97.32,36.64
P012,2026-04-26,58.84,65.67,6.9,6.9,5.01,5.77,4.26,7.1,7.68,78.39,14.15,115.86,72.43,97.52,36.65
P012,2026-04-27,57.22,68.54,7.1,6.96,5.39,5.79,4.2,7.09,8.02,78.37,14.13,115.75,72.38,97.78,36.66
P012,2026-04-28,56.38,70.03,7.2,7.0,5.57,5.8,4.14,7.08,8.2,78.34,14.12,115.63,72.32,97.91,36.67
P012,2026-04-29,56.89,69.11,7.14,7.02,5.41,5.79,4.09,7.09,8.07,78.32,14.1,115.52,72.27,97.81,36.67
P012,2026-04-30,58.31,66.57,6.97,7.03,5.03,5.76,4.03,7.12,7.75,78.3,14.08,115.4,72.22,97.56,36.67
P012,2026-05-01,59.52,64.42,6.83,7.02,4.7,5.72,3.98,7.16,7.47,78.28,14.07,115.29,72.16,97.35,36.66
P012,2026-05-02,59.55,64.36,6.83,6.99,4.67,5.66,3.93,7.21,7.45,78.26,14.05,115.18,72.11,97.34,36.65
P012,2026-05-03,58.71,65.89,6.91,6.85,5.0,5.67,4.01,7.18,7.68,78.24,14.04,115.18,72.11,97.52,36.63
P012,2026-05-04,57.49,68.1,7.04,6.7,5.44,5.67,4.1,7.17,8.0,78.23,14.02,115.18,72.12,97.77,36.62
P012,2026-05-05,55.88,70.86,7.28,6.84,5.51,5.39,3.78,7.41,8.23,78.21,14.01,114.88,71.97,97.92,36.59
P012,2026-05-06,57.97,67.34,6.95,6.36,5.58,5.65,4.27,7.17,7.99,78.19,14.0,115.19,72.13,97.78,36.57
P012,2026-05-07,59.8,64.14,6.71,6.19,5.26,5.64,4.36,7.17,7.63,78.18,13.99,115.21,72.14,97.52,36.55
P012,2026-05-08,61.41,61.31,6.5,6.02,4.99,5.62,4.46,7.17,7.32,78.16,13.97,115.23,72.15,97.29,36.53
P012,2026-05-09,59.11,65.09,6.89,6.55,4.61,4.97,3.62,7.74,7.48,78.15,13.96,114.55,71.81,97.35,36.5
P012,2026-05-10,61.03,62.07,6.51,5.68,5.36,5.61,4.66,7.16,7.5,78.14,13.95,115.29,72.19,97.45,36.48
P012,2026-05-11,59.84,64.25,6.64,5.52,5.79,5.62,4.76,7.14,7.81,78.12,13.94,115.33,72.21,97.7,36.47
P012,2026-05-12,59.42,65.03,6.67,5.37,6.04,5.64,4.87,7.11,7.96,78.11,13.94,115.37,72.23,97.81,36.45
P012,2026-05-13,56.06,70.49,7.27,6.35,5.31,4.67,3.51,7.98,8.13,78.1,13.93,114.31,71.7,97.83,36.44
P012,2026-05-14,57.52,67.89,7.09,6.33,5.93,4.63,3.49,8.01,7.8,78.1,13.92,114.27,71.68,97.58,36.43
P012,2026-05-15,58.78,65.66,6.94,6.32,5.61,4.62,3.47,8.02,7.51,78.09,13.92,114.23,71.67,97.37,36.43
P012,2026-05-16,59.25,64.87,6.86,6.23,5.64,4.71,3.6,7.94,7.46,78.09,13.91,114.31,71.7,97.34,36.43
P012,2026-05-17,58.47,66.3,6.94,6.15,5.99,4.83,3.72,7.84,7.69,78.08,13.91,114.4,71.75,97.52,36.44
P012,2026-05-18,57.32,68.41,7.06,6.09,6.43,4.96,3.85,7.72,8.0,78.08,13.91,114.49,71.79,97.77,36.45
P012,2026-05-19,56.94,69.13,7.09,6.04,6.68,5.12,3.99,7.6,8.14,78.08,13.91,114.59,71.84,97.88,36.46
P012,2026-05-20,57.92,67.44,6.95,6.0,6.59,5.28,4.13,7.46,7.98,78.08,13.91,114.7,71.9,97.78,36.48
P012,2026-05-21,59.82,64.12,6.7,5.97,6.28,5.46,4.27,7.31,7.62,78.08,13.91,114.81,71.96,97.51,36.5
P012,2026-05-22,61.5,61.18,6.47,5.94,5.02,5.65,4.42,7.15,7.3,78.09,13.92,114.94,72.02,97.29,36.52
P012,2026-05-23,61.21,61.65,6.52,6.13,4.94,5.65,4.29,7.16,7.31,78.09,13.92,114.86,71.98,97.28,36.54
P012,2026-05-24,59.66,64.35,6.73,6.31,5.17,5.66,4.17,7.17,7.59,78.1,13.92,114.79,71.94,97.49,36.57
P012,2026-05-25,57.73,67.73,6.98,6.5,5.5,5.66,4.06,7.18,7.96,78.11,13.93,114.73,71.91,97.75,36.59
P012,2026-05-26,56.59,69.72,7.14,6.67,5.64,5.66,3.95,7.2,8.16,78.11,13.94,114.68,71.88,97.89,36.61
P012,2026-05-27,56.79,69.3,7.13,6.84,5.44,5.65,3.84,7.21,8.06,78.13,13.95,114.63,71.86,97.81,36.63
P012,2026-05-28,57.92,67.25,7.01,6.99,5.01,5.64,3.73,7.24,7.76,78.14,13.95,114.59,71.84,97.57,36.64
P012,2026-05-29,58.83,65.59,6.92,7.14,4.64,5.6,3.63,7.28,7.5,78.15,13.96,114.56,71.82,97.36,36.66
P012,2026-05-30,58.96,65.36,6.9,7.16,4.62,5.65,3.66,7.24,7.47,78.16,13.98,114.63,71.85,97.35,36.67
P012,2026-05-31,57.84,67.35,7.03,7.16,4.92,5.68,3.7,7.22,7.73,78.18,13.99,114.71,71.89,97.54,36.67
P012,2026-06-01,56.34,70.03,7.21,7.15,5.31,5.69,3.74,7.21,8.07,78.19,14.0,114.8,71.93,97.79,36.67
P012,2026-06-02,55.62,71.32,7.3,7.12,5.51,5.69,3.79,7.21,8.23,78.21,14.01,114.89,71.98,97.92,36.67
P012,2026-06-03,56.26,70.2,7.22,7.07,5.37,5.66,3.84,7.23,8.1,78.23,14.03,114.99,72.02,97.82,36.66
P012,2026-06-04,57.8,67.45,7.03,7.01,5.0,5.62,3.88,7.26,7.76,78.25,14.04,115.09,72.07,97.57,36.64
P012,2026-06-05,59.13,65.09,6.86,6.94,4.69,5.57,3.94,7.3,7.47,78.27,14.06,115.2,72.12,97.35,36.63
P012,2026-06-06,59.29,64.83,6.84,6.85,4.68,5.51,3.99,7.34,7.44,78.29,14.07,115.31,72.17,97.34,36.61
P012,2026-06-07,58.18,66.8,6.97,6.76,4.98,5.43,4.04,7.4,7.7,78.31,14.09,115.42,72.22,97.53,36.59
P012,2026-06-08,56.7,69.45,7.15,6.66,5.37,5.36,4.1,7.46,8.03,78.33,14.1,115.53,72.28,97.78,36.57
P012,2026-06-09,55.99,70.72,7.23,6.55,5.57,5.28,4.15,7.52,8.2,78.35,14.12,115.65,72.33,97.91,36.54
P012,2026-06-10,56.63,69.58,7.15,6.45,5.43,5.2,4.21,7.57,8.06,78.37,14.14,115.76,72.39,97.81,36.52
P012,2026-06-11,58.19,66.82,6.95,6.35,5.07,5.12,4.26,7.63,7.73,78.39,14.15,115.88,72.44,97.56,36.5
P012,2026-06-12,59.53,64.45,6.79,6.26,4.76,5.06,4.32,7.68,7.44,78.41,14.17,116.0,72.5,97.34,36.48
P012,2026-06-13,59.69,64.18,6.76,6.18,4.75,5.0,4.38,7.72,7.41,78.43,14.19,116.11,72.55,97.32,36.46
P012,2026-06-14,58.59,66.14,6.9,6.11,5.04,4.96,4.43,7.75,7.66,78.45,14.2,116.23,72.61,97.51,36.45
P012,2026-06-15,57.1,68.79,7.07,6.06,5.44,4.93,4.49,7.77,8.0,78.47,14.22,116.35,72.66,97.77,36.44
P012,2026-06-16,56.39,70.06,7.16,6.02,5.64,4.93,4.54,7.77,8.16,78.49,14.23,116.46,72.72,97.89,36.43
P012,2026-06-17,57.04,68.93,7.07,6.0,5.5,4.93,4.6,7.76,8.03,78.51,14.25,116.57,72.77,97.79,36.43
P012,2026-06-18,58.59,66.18,6.88,6.0,5.14,4.96,4.65,7.74,7.69,78.53,14.27,116.68,72.82,97.54,36.43
P012,2026-06-19,59.92,63.82,6.71,6.01,4.83,5.01,4.7,7.71,7.4,78.55,14.28,116.78,72.87,97.33,36.44
P012,2026-06-20,60.07,63.56,6.69,6.04,4.81,5.07,4.75,7.66,7.37,78.57,14.29,116.89,72.92,97.31,36.45
P012,2026-06-21,58.96,65.54,6.83,6.08,5.11,5.14,4.79,7.6,7.63,78.59,14.31,116.98,72.96,97.5,36.47
P012,2026-06-22,57.46,68.21,7.01,6.13,5.5,5.23,4.84,7.53,7.97,78.61,14.32,117.07,73.01,97.75,36.48
P012,2026-06-23,56.73,69.51,7.09,6.2,5.7,5.33,4.88,7.46,8.13,78.62,14.33,117.16,73.05,97.88,36.5
P012,2026-06-24,57.36,68.4,7.01,6.27,5.56,5.43,4.92,7.38,8.0,78.64,14.35,117.24,73.08,97.78,36.53
P012,2026-06-25,59.28,65.04,6.76,6.24,5.25,5.63,5.09,7.22,7.63,78.65,14.36,117.42,73.17,97.52,36.55
P012,2026-06-26,60.98,62.07,6.53,6.22,4.99,5.82,5.26,7.05,7.31,78.66,14.37,117.59,73.26,97.29,36.57
P012,2026-06-27,60.33,63.14,6.64,6.49,5.86,5.74,5.02,7.14,7.35,78.67,14.37,117.45,73.18,97.3,36.59
P012,2026-06-28,61.16,61.92,6.44,6.06,6.44,6.3,5.72,6.65,7.45,78.69,14.38,118.02,73.46,97.43,36.62
P012,2026-06-29,60.43,63.33,6.49,5.91,6.95,6.56,6.01,6.42,7.73,78.69,14.39,118.27,73.59,97.67,36.63
P012,2026-06-30,60.47,63.36,6.45,5.76,7.26,6.82,6.3,6.2,7.84,78.7,14.4,118.52,73.71,97.77,36.65
P012,2026-07-01,59.12,65.51,6.71,6.3,6.83,6.41,5.66,6.58,7.86,78.71,14.4,118.05,73.48,97.73,36.66
P012,2026-07-02,64.16,57.02,5.92,5.41,6.98,7.28,6.87,5.8,7.25,78.71,14.4,118.99,73.95,97.37,36.67
P012,2026-07-03,66.23,53.44,5.63,5.21,6.77,7.48,7.15,5.63,6.91,78.72,14.41,119.22,74.06,97.14,36.67
P012,2026-07-04,67.12,51.96,5.48,5.0,6.87,7.66,7.43,5.46,6.82,78.72,14.41,119.44,74.17,97.1,36.67
P012,2026-07-05,61.64,61.13,6.36,6.1,5.52,6.62,5.96,6.39,7.41,78.72,14.41,118.32,73.61,97.42,36.66
P012,2026-07-06,59.69,64.55,6.61,6.16,5.85,6.49,5.82,6.51,7.78,78.72,14.41,118.22,73.56,97.69,36.65
P012,2026-07-07,58.51,66.6,6.78,6.22,5.98,6.33,5.68,6.64,7.99,78.72,14.41,118.1,73.5,97.83,36.64
P012,2026-07-08,58.67,66.25,6.78,6.26,5.77,6.17,5.53,6.78,7.89,78.71,14.41,117.98,73.44,97.74,36.62
P012,2026-07-09,59.74,64.29,6.66,6.3,5.34,5.99,5.38,6.93,7.59,78.71,14.4,117.85,73.38,97.5,36.6
P012,2026-07-10,60.6,62.73,6.58,6.32,4.96,5.8,5.23,7.09,7.33,78.7,14.4,117.71,73.31,97.3,36.58
P012,2026-07-11,60.26,63.27,6.64,6.35,4.87,5.6,5.07,7.26,7.34,78.7,14.39,117.57,73.24,97.3,36.56
P012,2026-07-12,59.07,65.39,6.79,6.27,5.15,5.5,5.05,7.34,7.6,78.69,14.38,117.52,73.21,97.49,36.53
P012,2026-07-13,57.48,68.2,6.98,6.2,5.53,5.4,5.02,7.41,7.95,78.68,14.38,117.46,73.19,97.75,36.51
P012,2026-07-14,56.67,69.64,7.08,6.13,5.72,5.3,4.99,7.49,8.12,78.66,14.37,117.4,73.16,97.88,36.49
P012,2026-07-15,57.21,68.67,7.02,6.07,5.57,5.21,4.96,7.56,7.99,78.65,14.36,117.33,73.12,97.78,36.47
P012,2026-07-16,58.65,66.1,6.85,6.02,5.19,5.14,4.92,7.62,7.66,78.64,14.35,117.25,73.09,97.53,36.46
P012,2026-07-17,59.88,63.92,6.7,5.99,4.86,5.07,4.88,7.67,7.38,78.62,14.33,117.17,73.05,97.32,36.44
P012,2026-07-18,59.92,63.84,6.69,5.97,4.83,5.02,4.84,7.71,7.37,78.61,14.32,117.09,73.01,97.3,36.44
P012,2026-07-19,58.7,66.0,6.85,5.96,5.11,4.99,4.8,7.74,7.63,78.59,14.31,116.99,72.97,97.5,36.43
P012,2026-07-20,57.09,68.85,7.04,5.98,5.49,4.98,4.75,7.75,7.97,78.57,14.3,116.9,72.92,97.76,36.43
P012,2026-07-21,56.26,70.33,7.15,6.01,5.67,4.99,4.7,7.75,8.15,78.56,14.28,116.8,72.87,97.89,36.43
P012,2026-07-22,56.77,69.4,7.09,6.06,5.51,5.01,4.65,7.73,8.02,78.54,14.27,116.69,72.82,97.79,36.44
P012,2026-07-23,58.2,66.86,6.92,6.12,5.13,5.04,4.6,7.71,7.69,78.52,14.25,116.58,72.77,97.54,36.46
P012,2026-07-24,59.41,64.7,6.77,6.2,4.8,5.1,4.55,7.67,7.41,78.5,14.24,116.47,72.72,97.33,36.47
P012,2026-07-25,59.43,64.65,6.77,6.29,4.77,5.16,4.49,7.63,7.4,78.48,14.22,116.36,72.67,97.32,36.49
P012,2026-07-26,58.2,66.83,6.92,6.39,5.05,5.23,4.44,7.57,7.66,78.46,14.2,116.24,72.61,97.51,36.51
P012,2026-07-27,56.58,69.7,7.13,6.49,5.42,5.31,4.38,7.52,8.01,78.43,14.19,116.13,72.56,97.77,36.53
P012,2026-07-28,55.74,71.19,7.23,6.59,5.6,5.39,4.33,7.46,8.18,78.41,14.17,116.01,72.5,97.9,36.56
P012,2026-07-29,56.24,70.28,7.17,6.7,5.45,5.47,4.27,7.4,8.06,78.39,14.15,115.89,72.45,97.8,36.58
P012,2026-07-30,57.67,67.74,7.0,6.8,5.06,5.54,4.21,7.35,7.73,78.37,14.14,115.78,72.39,97.56,36.6
P012,2026-07-31,58.87,65.59,6.86,6.89,4.73,5.61,4.16,7.3,7.45,78.35,14.12,115.66,72.34,97.35,36.62
P012,2026-08-01,58.89,65.54,6.86,6.97,4.7,5.66,4.1,7.26,7.43,78.33,14.1,115.54,72.28,97.33,36.64
P012,2026-08-02,57.66,67.73,7.01,7.04,4.98,5.71,4.05,7.23,7.7,78.31,14.09,115.43,72.23,97.53,36.65
P012,2026-08-03,56.04,70.59,7.21,7.1,5.35,5.73,3.99,7.22,8.04,78.29,14.07,115.32,72.18,97.78,36.66
P012,2026-08-04,55.21,72.07,7.32,7.14,5.53,5.74,3.94,7.21,8.22,78.27,14.06,115.21,72.13,97.91,36.67
P012,2026-08-05,55.72,71.14,7.25,7.16,5.38,5.73,3.89,7.22,8.09,78.25,14.04,115.1,72.08,97.82,36.67
P012,2026-08-06,57.15,68.6,7.08,7.16,5.0,5.71,3.84,7.24,7.76,78.23,14.03,115.0,72.03,97.57,36.67
P012,2026-08-07,58.37,66.43,6.94,7.15,4.67,5.67,3.79,7.28,7.48,78.21,14.01,114.91,71.98,97.36,36.66
P012,2026-08-08,58.4,66.36,6.93,7.12,4.63,5.61,3.75,7.33,7.47,78.2,14.0,114.81,71.94,97.34,36.65
P012,2026-08-09,57.19,68.51,7.08,7.08,4.92,5.53,3.71,7.39,7.73,78.18,13.99,114.72,71.9,97.54,36.63
P012,2026-08-10,55.99,70.69,7.21,6.92,5.35,5.54,3.8,7.37,8.04,78.16,13.98,114.75,71.91,97.78,36.62
P012,2026-08-11,55.57,71.48,7.25,6.76,5.6,5.54,3.9,7.36,8.19,78.15,13.97,114.77,71.93,97.9,36.6
P012,2026-08-12,56.51,69.86,7.12,6.58,5.5,5.53,4.01,7.35,8.03,78.14,13.96,114.81,71.94,97.79,36.57
P012,2026-08-13,58.36,66.62,6.87,6.4,5.18,5.52,4.11,7.35,7.67,78.13,13.95,114.84,71.97,97.53,36.55
P012,2026-08-14,60.0,63.75,6.65,6.22,4.92,5.51,4.22,7.35,7.35,78.12,13.94,114.89,71.99,97.31,36.53
P012,2026-08-15,60.46,62.98,6.58,6.04,4.95,5.51,4.33,7.34,7.3,78.11,13.93,114.94,72.02,97.28,36.51
P012,2026-08-16,59.67,64.44,6.66,5.87,5.29,5.51,4.45,7.32,7.53,78.1,13.92,115.0,72.05,97.46,36.48
P012,2026-08-17,57.69,67.89,6.92,5.91,5.61,5.34,4.3,7.47,7.91,78.09,13.92,114.86,71.98,97.73,36.47
P012,2026-08-18,56.5,69.95,7.08,5.96,5.74,5.18,4.15,7.61,8.11,78.09,13.92,114.73,71.91,97.87,36.45
P012,2026-08-19,56.67,69.61,7.08,6.03,5.54,5.03,4.0,7.73,8.01,78.08,13.91,114.61,71.85,97.79,36.44
P012,2026-08-20,57.74,67.63,6.97,6.11,5.1,4.9,3.86,7.84,7.71,78.08,13.91,114.49,71.8,97.55,36.43
P012,2026-08-21,58.61,66.04,6.88,6.2,4.72,4.8,3.72,7.94,7.45,78.08,13.91,114.38,71.74,97.35,36.43
P012,2026-08-22,58.3,66.54,6.94,6.31,4.64,4.71,3.58,8.02,7.46,78.08,13.91,114.28,71.69,97.34,36.43
P012,2026-08-23,56.74,69.26,7.15,6.44,4.87,4.64,3.45,8.08,7.75,78.08,13.91,114.19,71.64,97.55,36.44
P012,2026-08-24,55.2,72.0,7.34,6.47,5.26,4.68,3.46,8.05,8.09,78.09,13.91,114.21,71.65,97.8,36.45
P012,2026-08-25,54.44,73.36,7.43,6.52,5.45,4.74,3.47,8.01,8.26,78.09,13.92,114.23,71.66,97.93,36.46
P012,2026-08-26,55.43,71.65,7.29,6.48,5.37,4.91,3.62,7.87,8.1,78.1,13.92,114.37,71.73,97.82,36.48
P012,2026-08-27,57.33,68.32,7.03,6.45,5.05,5.09,3.77,7.72,7.73,78.1,13.93,114.51,71.8,97.56,36.5
P012,2026-08-28,57.85,67.31,7.01,6.72,4.62,5.0,3.53,7.81,7.51,78.11,13.94,114.35,71.72,97.37,36.52
P012,2026-08-29,59.53,64.52,6.72,6.4,4.83,5.47,4.09,7.4,7.36,78.12,13.94,114.81,71.95,97.3,36.54
P012,2026-08-30,58.79,65.89,6.79,6.37,5.18,5.67,4.25,7.24,7.59,78.13,13.95,114.98,72.03,97.48,36.57
P012,2026-08-31,57.67,67.94,6.91,6.35,5.63,5.87,4.42,7.08,7.9,78.15,13.96,115.15,72.11,97.73,36.59
P012,2026-09-01,54.6,73.11,7.39,7.02,5.48,5.41,3.65,7.5,8.24,78.16,13.97,114.61,71.84,97.92,36.61
P012,2026-09-02,58.35,66.85,6.78,6.27,5.8,6.24,4.76,6.77,7.87,78.17,13.98,115.5,72.29,97.73,36.63
P012,2026-09-03,60.28,63.48,6.52,6.22,5.49,6.41,4.93,6.62,7.5,78.19,14.0,115.69,72.38,97.47,36.64
P012,2026-09-04,61.99,60.49,6.29,6.15,5.24,6.57,5.11,6.49,7.19,78.21,14.01,115.88,72.47,97.24,36.66
P012,2026-09-05,58.23,66.68,6.94,7.18,4.65,5.69,3.82,7.28,7.46,78.22,14.02,114.97,72.01,97.34,36.66
P012,2026-09-06,57.12,68.66,7.07,7.19,4.95,5.73,3.87,7.25,7.71,78.24,14.04,115.07,72.06,97.53,36.67
P012,2026-09-07,55.63,71.32,7.25,7.17,5.34,5.74,3.92,7.24,8.05,78.26,14.05,115.17,72.11,97.79,36.67
P012,2026-09-08,54.91,72.59,7.33,7.14,5.54,5.74,3.97,7.24,8.21,78.28,14.07,115.28,72.16,97.91,36.67
P012,2026-09-09,55.55,71.46,7.25,7.09,5.4,5.72,4.03,7.26,8.08,78.3,14.08,115.39,72.21,97.81,36.66
P012,2026-09-10,57.11,68.71,7.06,7.03,5.04,5.68,4.08,7.28,7.74,78.32,14.1,115.5,72.26,97.56,36.64
P012,2026-09-11,58.45,66.34,6.89,6.95,4.73,5.63,4.14,7.32,7.45,78.34,14.11,115.62,72.32,97.35,36.63
P012,2026-09-12,58.6,66.07,6.87,6.87,5.71,5.57,4.19,7.37,7.42,78.36,14.13,115.73,72.37,97.33,36.61
P012,2026-09-13,57.5,68.03,7.0,6.77,6.01,5.5,4.25,7.42,7.68,78.38,14.15,115.85,72.43,97.52,36.59
P012,2026-09-14,56.02,70.67,7.18,6.67,6.41,5.42,4.31,7.48,8.01,78.41,14.16,115.97,72.48,97.77,36.57
P012,2026-09-15,55.31,71.94,7.26,6.57,6.61,5.34,4.36,7.54,8.18,78.43,14.18,116.09,72.54,97.9,36.54
P012,2026-09-16,55.96,70.8,7.18,6.46,6.47,5.26,4.42,7.6,8.04,78.45,14.2,116.2,72.59,97.8,36.52
P012,2026-09-17,57.51,68.05,6.98,6.37,6.11,5.18,4.47,7.65,7.71,78.47,14.21,116.32,72.65,97.55,36.5
P012,2026-09-18,58.85,65.68,6.82,6.28,5.8,5.12,4.53,7.7,7.42,78.49,14.23,116.43,72.7,97.33,36.48
P012,2026-09-19,59.0,65.41,6.79,6.2,5.78,5.06,4.58,7.74,7.39,78.51,14.25,116.54,72.75,97.31,36.46
P012,2026-09-20,57.9,67.38,6.93,6.13,5.08,5.02,4.63,7.77,7.64,78.53,14.26,116.65,72.81,97.51,36.45
P012,2026-09-21,56.41,70.04,7.1,6.08,5.47,4.99,4.69,7.79,7.98,78.55,14.28,116.76,72.86,97.76,36.44
P012,2026-09-22,56.1,70.66,7.12,5.94,5.73,5.07,4.87,7.71,8.11,78.57,14.29,116.96,72.96,97.87,36.43
P012,2026-09-23,57.13,68.88,6.97,5.81,5.65,5.18,5.06,7.62,7.95,78.59,14.3,117.17,73.05,97.76,36.43
P012,2026-09-24,59.07,65.49,6.71,5.71,5.35,5.29,5.24,7.52,7.58,78.6,14.32,117.36,73.15,97.5,36.43
P012,2026-09-25,60.8,62.48,6.48,5.62,5.09,5.43,5.42,7.4,7.26,78.62,14.33,117.56,73.24,97.27,36.44
P012,2026-09-26,61.34,61.58,6.39,5.54,5.13,5.58,5.59,7.27,7.21,78.63,14.34,117.74,73.33,97.24,36.45
P012,2026-09-27,60.61,62.92,6.46,5.48,5.49,5.75,5.77,7.13,7.43,78.65,14.35,117.92,73.42,97.42,36.47
P012,2026-09-28,59.51,64.95,6.57,5.44,5.94,5.93,5.94,6.98,7.74,78.66,14.36,118.1,73.51,97.67,36.48
P012,2026-09-29,58.37,66.93,6.73,5.61,6.08,5.93,5.83,6.99,7.94,78.67,14.37,118.06,73.49,97.81,36.5
P012,2026-09-30,58.58,66.5,6.72,5.79,5.88,5.93,5.72,7.0,7.83,78.68,14.38,118.02,73.46,97.72,36.53
P012,2026-10-01,59.69,64.47,6.6,5.97,5.45,5.94,5.61,7.01,7.53,78.69,14.39,117.96,73.44,97.48,36.55
P012,2026-10-02,60.59,62.83,6.51,6.15,5.07,5.95,5.5,7.02,7.27,78.7,14.39,117.9,73.41,97.28,36.57
P012,2026-10-03,60.3,63.29,6.56,6.34,4.99,5.95,5.38,7.03,7.28,78.71,14.4,117.84,73.37,97.27,36.59
P012,2026-10-04,58.75,66.0,6.77,6.51,5.22,5.95,5.26,7.04,7.57,78.71,14.4,117.76,73.33,97.48,36.62
P012,2026-10-05,56.81,69.4,7.02,6.68,5.55,5.93,5.13,7.07,7.94,78.72,14.41,117.68,73.29,97.74,36.63
P012,2026-10-06,56.04,70.76,7.12,6.74,5.75,6.0,5.14,7.02,8.11,78.72,14.41,117.7,73.3,97.87,36.65
P013,2026-04-10,55.48,70.67,7.34,7.15,3.21,3.44,3.26,8.41,7.66,79.95,14.57,115.86,72.54,97.41,36.48
P013,2026-04-11,54.97,71.57,7.41,7.24,3.31,3.5,3.2,8.36,7.76,79.93,14.55,115.75,72.49,97.48,36.5
P013,2026-04-12,53.45,74.26,7.6,7.34,3.66,3.58,3.15,8.31,8.09,79.91,14.54,115.63,72.43,97.73,36.52
P013,2026-04-13,52.02,76.81,7.78,7.45,3.99,3.66,3.09,8.25,8.4,79.89,14.52,115.52,72.38,97.96,36.54
P013,2026-04-14,51.69,77.38,7.82,7.55,4.05,3.74,3.04,8.19,8.46,79.87,14.5,115.4,72.32,98.0,36.56
P013,2026-04-15,52.66,75.64,7.7,7.65,3.77,3.82,2.98,8.13,8.23,79.85,14.49,115.28,72.27,97.83,36.59
P013,2026-04-16,54.15,72.99,7.53,7.75,3.37,3.89,2.92,8.08,7.89,79.83,14.47,115.17,72.21,97.57,36.61
P013,2026-04-17,54.97,71.52,7.43,7.84,3.14,3.95,2.87,8.04,7.7,79.8,14.45,115.05,72.16,97.42,36.63
P013,2026-04-18,54.46,72.42,7.49,7.92,3.24,4.0,2.81,8.0,7.8,79.78,14.44,114.93,72.1,97.5,36.64
P013,2026-04-19,52.94,75.11,7.68,7.98,3.59,4.04,2.76,7.97,8.12,79.76,14.42,114.82,72.05,97.74,36.66
P013,2026-04-20,51.51,77.65,7.86,8.03,3.92,4.06,2.7,7.96,8.43,79.74,14.41,114.71,72.0,97.97,36.66
P013,2026-04-21,51.19,78.21,7.9,8.07,3.98,4.07,2.65,7.96,8.49,79.72,14.39,114.6,71.94,98.01,36.67
P013,2026-04-22,52.17,76.46,7.79,8.08,3.71,4.05,2.6,7.97,8.27,79.7,14.38,114.49,71.89,97.84,36.67
P013,2026-04-23,53.66,73.8,7.61,8.08,3.31,4.02,2.55,8.0,7.92,79.68,14.36,114.39,71.84,97.58,36.67
P013,2026-04-24,54.49,72.31,7.51,8.07,3.08,3.97,2.5,8.04,7.73,79.67,14.35,114.29,71.8,97.44,36.66
P013,2026-04-25,53.99,73.19,7.57,8.04,3.18,3.91,2.46,8.09,7.83,79.65,14.33,114.2,71.75,97.51,36.64
P013,2026-04-26,52.49,75.86,7.76,7.99,3.53,3.83,2.41,8.15,8.16,79.63,14.32,114.11,71.71,97.75,36.63
P013,2026-04-27,51.07,78.37,7.93,7.93,3.87,3.74,2.37,8.22,8.46,79.62,14.31,114.02,71.67,97.98,36.61
P013,2026-04-28,50.77,78.91,7.97,7.87,3.92,3.64,2.34,8.3,8.52,79.6,14.3,113.94,71.64,98.03,36.59
P013,2026-04-29,51.77,77.12,7.85,7.79,3.65,3.54,2.3,8.38,8.29,79.59,14.29,113.87,71.6,97.85,36.57
P013,2026-04-30,53.28,74.42,7.67,7.72,3.26,3.43,2.27,8.46,7.95,79.58,14.28,113.81,71.57,97.59,36.54
P013,2026-05-01,54.14,72.9,7.56,7.64,3.03,3.33,2.24,8.54,7.75,79.57,14.27,113.75,71.54,97.45,36.52
P013,2026-05-02,53.66,73.74,7.62,7.57,3.13,3.23,2.21,8.61,7.85,79.56,14.26,113.69,71.52,97.52,36.5
P013,2026-05-03,52.18,76.37,7.8,7.5,3.49,3.14,2.19,8.68,8.18,79.55,14.26,113.65,71.5,97.76,36.48
P013,2026-05-04,50.79,78.83,7.97,7.44,3.83,3.07,2.17,8.74,8.48,79.54,14.25,113.61,71.48,97.99,36.46
P013,2026-05-05,50.52,79.32,8.01,7.4,3.89,3.01,2.16,8.79,8.54,79.54,14.25,113.58,71.46,98.03,36.45
P013,2026-05-06,51.55,77.49,7.88,7.36,3.63,2.96,2.15,8.83,8.31,79.53,14.24,113.56,71.45,97.86,36.44
P013,2026-05-07,53.49,74.08,7.63,7.24,3.29,3.03,2.28,8.76,7.93,79.53,14.24,113.65,71.5,97.59,36.43
P013,2026-05-08,54.78,71.85,7.45,7.13,3.13,3.11,2.41,8.69,7.7,79.53,14.24,113.74,71.55,97.43,36.43
P013,2026-05-09,54.73,71.98,7.44,7.04,3.3,3.22,2.55,8.59,7.77,79.53,14.24,113.85,71.6,97.49,36.43
P013,2026-05-10,53.69,73.9,7.54,6.96,3.72,3.34,2.69,8.48,8.06,79.53,14.24,113.96,71.65,97.72,36.44
P013,2026-05-11,52.73,75.65,7.64,6.89,4.12,3.49,2.83,8.36,8.33,79.53,14.24,114.08,71.71,97.93,36.45
P013,2026-05-12,52.88,75.43,7.6,6.84,4.24,3.65,2.98,8.23,8.35,79.54,14.25,114.21,71.78,97.96,36.47
P013,2026-05-13,54.34,72.89,7.4,6.8,4.04,3.82,3.13,8.08,8.09,79.54,14.25,114.34,71.84,97.77,36.48
P013,2026-05-14,55.52,70.75,7.28,6.98,3.6,3.81,3.02,8.1,7.77,79.55,14.26,114.28,71.81,97.53,36.5
P013,2026-05-15,56.04,69.78,7.23,7.16,3.32,3.82,2.9,8.11,7.6,79.56,14.26,114.22,71.78,97.39,36.53
P013,2026-05-16,55.22,71.18,7.35,7.34,3.38,3.83,2.79,8.12,7.73,79.57,14.27,114.17,71.75,97.47,36.55
P013,2026-05-17,53.4,74.37,7.59,7.52,3.68,3.84,2.68,8.12,8.08,79.58,14.28,114.13,71.73,97.72,36.57
P013,2026-05-18,51.67,77.4,7.82,7.7,3.97,3.84,2.58,8.13,8.41,79.59,14.29,114.09,71.71,97.96,36.59
P013,2026-05-19,51.05,78.45,7.91,7.87,3.98,3.84,2.48,8.14,8.49,79.61,14.3,114.06,71.69,98.01,36.61
P013,2026-05-20,51.74,77.18,7.84,8.03,3.67,3.84,2.38,8.16,8.29,79.62,14.31,114.03,71.68,97.85,36.63
P013,2026-05-21,53.34,74.34,7.64,8.07,3.28,3.91,2.42,8.1,7.94,79.64,14.32,114.12,71.72,97.59,36.65
P013,2026-05-22,54.29,72.67,7.53,8.1,3.07,3.97,2.46,8.05,7.73,79.65,14.34,114.21,71.76,97.44,36.66
P013,2026-05-23,53.89,73.37,7.57,8.12,3.19,4.01,2.51,8.02,7.83,79.67,14.35,114.3,71.8,97.51,36.67
P013,2026-05-24,52.5,75.86,7.74,8.11,3.56,4.04,2.56,8.0,8.14,79.69,14.36,114.4,71.85,97.75,36.67
P013,2026-05-25,51.19,78.19,7.9,8.09,3.91,4.05,2.6,7.99,8.44,79.71,14.38,114.5,71.9,97.97,36.67
P013,2026-05-26,50.99,78.55,7.92,8.06,3.98,4.04,2.66,7.99,8.49,79.73,14.39,114.61,71.95,98.01,36.66
P013,2026-05-27,52.1,76.59,7.78,8.01,3.73,4.02,2.71,8.01,8.26,79.75,14.41,114.72,72.0,97.84,36.65
P013,2026-05-28,53.72,73.73,7.58,7.94,3.35,3.97,2.76,8.04,7.9,79.77,14.42,114.83,72.05,97.58,36.64
P013,2026-05-29,54.67,72.03,7.46,7.86,3.13,3.92,2.82,8.08,7.7,79.79,14.44,114.95,72.11,97.42,36.62
P013,2026-05-30,54.29,72.72,7.5,7.77,3.25,3.85,2.87,8.13,7.79,79.81,14.46,115.06,72.16,97.5,36.6
P013,2026-05-31,52.91,75.19,7.67,7.67,3.62,3.78,2.93,8.18,8.11,79.83,14.47,115.18,72.22,97.74,36.58
P013,2026-06-01,51.61,77.51,7.82,7.57,3.97,3.7,2.99,8.24,8.41,79.85,14.49,115.3,72.27,97.96,36.56
P013,2026-06-02,51.42,77.86,7.84,7.46,4.05,3.62,3.04,8.3,8.46,79.87,14.51,115.42,72.33,98.0,36.54
P013,2026-06-03,52.53,75.89,7.7,7.36,3.79,3.54,3.1,8.36,8.22,79.89,14.52,115.53,72.38,97.82,36.51
P013,2026-06-04,54.15,73.02,7.5,7.27,3.41,3.47,3.15,8.41,7.87,79.91,14.54,115.65,72.44,97.56,36.49
P013,2026-06-05,55.11,71.33,7.38,7.18,3.2,3.41,3.21,8.46,7.66,79.93,14.56,115.76,72.49,97.41,36.47
P013,2026-06-06,54.72,72.01,7.42,7.1,3.32,3.35,3.26,8.5,7.76,79.95,14.57,115.88,72.55,97.48,36.46
P013,2026-06-07,53.34,74.49,7.59,7.04,3.69,3.32,3.32,8.52,8.07,79.97,14.59,115.99,72.6,97.72,36.44
P013,2026-06-08,52.03,76.82,7.75,6.99,4.04,3.29,3.37,8.54,8.37,79.99,14.6,116.09,72.65,97.95,36.44
P013,2026-06-09,51.83,77.18,7.77,6.96,4.11,3.29,3.42,8.54,8.42,80.01,14.62,116.2,72.7,97.99,36.43
P013,2026-06-10,52.93,75.24,7.63,6.94,3.86,3.3,3.47,8.53,8.19,80.03,14.63,116.29,72.74,97.81,36.43
P013,2026-06-11,54.54,72.38,7.43,6.94,3.48,3.33,3.51,8.51,7.84,80.05,14.64,116.39,72.79,97.55,36.43
P013,2026-06-12,55.48,70.72,7.31,6.96,3.26,3.38,3.55,8.47,7.63,80.06,14.66,116.48,72.83,97.4,36.44
P013,2026-06-13,55.08,71.43,7.36,7.0,3.38,3.44,3.59,8.42,7.73,80.08,14.67,116.56,72.87,97.47,36.46
P013,2026-06-14,54.07,73.29,7.46,6.94,3.8,3.61,3.77,8.28,8.01,80.09,14.68,116.74,72.96,97.7,36.47
P013,2026-06-15,53.13,75.01,7.55,6.9,4.21,3.79,3.93,8.13,8.28,80.11,14.69,116.92,73.04,97.91,36.49
P013,2026-06-16,53.3,74.76,7.51,6.87,4.34,3.98,4.1,7.97,8.31,80.12,14.7,117.09,73.13,97.94,36.51
P013,2026-06-17,53.21,74.78,7.58,7.25,3.91,3.8,3.73,8.14,8.16,80.13,14.71,116.84,73.0,97.8,36.53
P013,2026-06-18,56.75,68.75,7.05,6.82,3.81,4.37,4.42,7.65,7.66,80.14,14.72,117.4,73.28,97.48,36.56
P013,2026-06-19,58.45,65.82,6.8,6.7,3.7,4.66,4.71,7.4,7.4,80.15,14.72,117.65,73.41,97.31,36.58
P013,2026-06-20,58.82,65.27,6.72,6.57,3.93,4.94,5.0,7.16,7.44,80.16,14.73,117.9,73.53,97.36,36.6
P013,2026-06-21,55.05,71.67,7.29,7.24,3.96,4.47,4.22,7.59,7.94,80.16,14.73,117.32,73.24,97.67,36.62
P013,2026-06-22,57.62,67.63,6.78,6.29,4.87,5.47,5.57,6.7,7.94,80.17,14.74,118.36,73.76,97.78,36.64
P013,2026-06-23,58.16,66.77,6.68,6.13,5.06,5.72,5.85,6.49,7.93,80.17,14.74,118.58,73.87,97.8,36.65
P013,2026-06-24,55.7,70.69,7.15,7.08,4.28,4.94,4.65,7.2,7.97,80.17,14.74,117.68,73.42,97.73,36.66
P013,2026-06-25,57.65,67.27,6.89,7.0,3.95,5.06,4.79,7.1,7.59,80.17,14.74,117.79,73.47,97.46,36.67
P013,2026-06-26,58.14,66.35,6.85,7.11,3.66,4.97,4.65,7.18,7.42,80.17,14.74,117.68,73.41,97.32,36.67
P013,2026-06-27,57.28,67.82,6.98,7.21,3.71,4.86,4.51,7.27,7.55,80.17,14.74,117.56,73.35,97.4,36.67
P013,2026-06-28,55.41,71.08,7.22,7.29,4.01,4.73,4.36,7.38,7.91,80.16,14.73,117.43,73.29,97.66,36.66
P013,2026-06-29,53.63,74.2,7.46,7.36,4.29,4.59,4.21,7.51,8.24,80.16,14.73,117.3,73.23,97.9,36.65
P013,2026-06-30,52.95,75.36,7.56,7.41,4.29,4.43,4.05,7.64,8.33,80.15,14.72,117.15,73.16,97.95,36.63
P013,2026-07-01,53.56,74.21,7.51,7.45,3.97,4.25,3.89,7.79,8.13,80.14,14.72,117.01,73.08,97.79,36.62
P013,2026-07-02,54.68,72.16,7.39,7.49,3.52,4.07,3.73,7.95,7.81,80.13,14.71,116.85,73.01,97.54,36.6
P013,2026-07-03,55.54,70.63,7.29,7.42,3.29,3.97,3.7,8.03,7.62,80.12,14.7,116.79,72.98,97.39,36.57
P013,2026-07-04,55.06,71.49,7.35,7.34,3.39,3.86,3.67,8.11,7.72,80.11,14.69,116.72,72.95,97.47,36.55
P013,2026-07-05,53.56,74.14,7.54,7.27,3.75,3.76,3.64,8.19,8.04,80.1,14.68,116.65,72.91,97.71,36.53
P013,2026-07-06,52.15,76.65,7.71,7.2,4.08,3.66,3.6,8.27,8.35,80.08,14.67,116.57,72.88,97.94,36.51
P013,2026-07-07,51.84,77.19,7.75,7.13,4.14,3.56,3.56,8.35,8.41,80.07,14.66,116.49,72.84,97.98,36.49
P013,2026-07-08,52.83,75.42,7.63,7.08,3.87,3.47,3.52,8.41,8.18,80.05,14.65,116.4,72.79,97.81,36.47
P013,2026-07-09,54.33,72.75,7.45,7.04,3.47,3.39,3.47,8.47,7.84,80.03,14.63,116.31,72.75,97.55,36.45
P013,2026-07-10,55.16,71.26,7.35,7.01,3.24,3.33,3.42,8.52,7.64,80.01,14.62,116.21,72.7,97.4,36.44
P013,2026-07-11,54.66,72.15,7.42,6.99,3.34,3.29,3.37,8.56,7.75,80.0,14.6,116.1,72.65,97.48,36.43
P013,2026-07-12,53.14,74.83,7.6,7.0,3.69,3.26,3.32,8.58,8.07,79.98,14.59,116.0,72.6,97.72,36.43
P013,2026-07-13,51.71,77.37,7.78,7.02,4.02,3.25,3.27,8.59,8.38,79.96,14.57,115.89,72.55,97.95,36.43
P013,2026-07-14,51.39,77.93,7.82,7.06,4.08,3.26,3.22,8.59,8.44,79.94,14.56,115.78,72.5,97.99,36.44
P013,2026-07-15,52.36,76.19,7.71,7.11,3.81,3.28,3.16,8.57,8.21,79.92,14.54,115.66,72.45,97.82,36.45
P013,2026-07-16,53.85,73.54,7.53,7.18,3.41,3.32,3.11,8.55,7.87,79.9,14.53,115.55,72.39,97.56,36.46
P013,2026-07-17,54.67,72.07,7.43,7.26,3.17,3.38,3.05,8.51,7.68,79.87,14.51,115.43,72.34,97.42,36.48
P013,2026-07-18,54.16,72.97,7.5,7.35,3.27,3.44,2.99,8.46,7.78,79.85,14.49,115.31,72.28,97.49,36.5
P013,2026-07-19,52.64,75.67,7.69,7.45,3.62,3.52,2.94,8.41,8.11,79.83,14.48,115.19,72.23,97.74,36.52
P013,2026-07-20,51.2,78.21,7.86,7.56,3.95,3.6,2.88,8.35,8.42,79.81,14.46,115.08,72.17,97.96,36.54
P013,2026-07-21,50.88,78.78,7.91,7.66,4.01,3.68,2.82,8.29,8.48,79.79,14.44,114.96,72.12,98.01,36.56
P013,2026-07-22,51.85,77.04,7.79,7.76,3.74,3.75,2.77,8.23,8.25,79.77,14.43,114.85,72.06,97.84,36.59
P013,2026-07-23,53.34,74.38,7.61,7.86,3.34,3.83,2.71,8.18,7.91,79.75,14.41,114.73,72.01,97.58,36.61
P013,2026-07-24,54.17,72.9,7.51,7.95,3.1,3.89,2.66,8.13,7.71,79.73,14.39,114.62,71.96,97.43,36.63
P013,2026-07-25,53.66,73.8,7.58,8.03,3.2,3.94,2.61,8.1,7.82,79.71,14.38,114.52,71.91,97.51,36.64
P013,2026-07-26,52.15,76.48,7.77,8.09,3.56,3.98,2.56,8.07,8.14,79.69,14.36,114.41,71.86,97.75,36.66
P013,2026-07-27,50.72,79.01,7.94,8.14,3.89,4.01,2.51,8.05,8.45,79.67,14.35,114.31,71.81,97.98,36.66
P013,2026-07-28,50.41,79.56,7.98,8.17,3.94,4.01,2.47,8.05,8.51,79.65,14.34,114.22,71.76,98.02,36.67
P013,2026-07-29,51.4,77.79,7.86,8.19,3.68,4.0,2.42,8.06,8.28,79.64,14.32,114.13,71.72,97.85,36.67
P013,2026-07-30,52.9,75.11,7.68,8.18,3.28,3.97,2.38,8.09,7.94,79.62,14.31,114.04,71.68,97.59,36.67
P013,2026-07-31,53.75,73.61,7.58,8.16,3.05,3.93,2.34,8.12,7.74,79.61,14.3,113.96,71.64,97.44,36.66
P013,2026-08-01,53.66,73.81,7.57,8.03,3.21,3.96,2.45,8.09,7.81,79.59,14.29,113.99,71.66,97.5,36.64
P013,2026-08-02,52.57,75.8,7.69,7.87,3.63,3.98,2.55,8.06,8.11,79.58,14.28,114.03,71.68,97.74,36.63
P013,2026-08-03,51.56,77.63,7.8,7.71,4.02,3.99,2.66,8.04,8.38,79.57,14.27,114.07,71.7,97.95,36.61
P013,2026-08-04,51.67,77.48,7.76,7.53,4.14,3.99,2.77,8.03,8.41,79.56,14.26,114.12,71.73,97.98,36.59
P013,2026-08-05,53.09,75.01,7.57,7.35,4.93,3.98,2.88,8.02,8.15,79.55,14.26,114.18,71.76,97.8,36.57
P013,2026-08-06,55.02,71.63,7.32,7.17,4.6,3.98,3.0,8.02,7.77,79.55,14.25,114.24,71.79,97.53,36.54
P013,2026-08-07,56.29,69.41,7.14,6.99,4.43,3.97,3.12,8.01,7.55,79.54,14.25,114.31,71.83,97.37,36.52
P013,2026-08-08,55.43,70.89,7.27,7.01,4.48,3.78,2.97,8.17,7.68,79.54,14.24,114.18,71.77,97.45,36.5
P013,2026-08-09,53.57,74.15,7.52,7.05,4.78,3.6,2.83,8.32,8.03,79.53,14.24,114.06,71.71,97.7,36.48
P013,2026-08-10,51.79,77.25,7.75,7.09,5.06,3.44,2.69,8.46,8.36,79.53,14.24,113.95,71.65,97.94,36.46
P013,2026-08-11,51.13,78.37,7.85,7.14,5.06,3.28,2.55,8.59,8.45,79.53,14.24,113.85,71.6,98.0,36.45
P013,2026-08-12,51.78,77.17,7.79,7.2,4.74,3.15,2.41,8.7,8.25,79.53,14.24,113.75,71.55,97.83,36.44
P013,2026-08-13,52.94,75.06,7.67,7.28,3.3,3.03,2.28,8.81,7.93,79.53,14.24,113.66,71.5,97.59,36.43
P013,2026-08-14,53.44,74.11,7.63,7.38,3.01,2.93,2.16,8.9,7.76,79.54,14.25,113.58,71.46,97.45,36.43
P013,2026-08-15,53.01,74.88,7.68,7.38,3.13,2.95,2.17,8.88,7.86,79.54,14.25,113.61,71.48,97.52,36.43
P013,2026-08-16,51.58,77.43,7.85,7.4,3.49,2.98,2.19,8.86,8.18,79.55,14.26,113.64,71.49,97.76,36.44
P013,2026-08-17,50.24,79.82,8.01,7.44,3.84,3.03,2.21,8.82,8.48,79.56,14.26,113.69,71.51,97.99,36.45
P013,2026-08-18,50.01,80.23,8.04,7.49,3.9,3.1,2.24,8.77,8.53,79.57,14.27,113.74,71.54,98.03,36.47
P013,2026-08-19,51.09,78.32,7.91,7.55,3.65,3.18,2.27,8.7,8.3,79.58,14.28,113.8,71.57,97.85,36.48
P013,2026-08-20,52.68,75.49,7.71,7.61,3.26,3.28,2.3,8.63,7.95,79.59,14.29,113.86,71.6,97.59,36.5
P013,2026-08-21,53.61,73.84,7.59,7.68,3.05,3.38,2.33,8.55,7.74,79.6,14.3,113.94,71.63,97.44,36.53
P013,2026-08-22,53.21,74.56,7.64,7.76,3.16,3.48,2.37,8.47,7.84,79.62,14.31,114.01,71.67,97.51,36.55
P013,2026-08-23,51.8,77.07,7.81,7.83,3.53,3.59,2.41,8.39,8.16,79.63,14.32,114.1,71.71,97.75,36.57
P013,2026-08-24,50.49,79.41,7.97,7.9,3.88,3.69,2.45,8.31,8.46,79.65,14.33,114.18,71.75,97.98,36.59
P013,2026-08-25,50.28,79.78,7.99,7.97,3.95,3.79,2.5,8.23,8.51,79.67,14.35,114.28,71.79,98.02,36.61
P013,2026-08-26,51.38,77.84,7.85,8.02,3.7,3.88,2.54,8.16,8.27,79.68,14.36,114.38,71.84,97.84,36.63
P013,2026-08-27,52.99,74.98,7.65,8.06,3.32,3.96,2.59,8.1,7.92,79.7,14.37,114.48,71.89,97.58,36.65
P013,2026-08-28,53.95,73.29,7.53,8.09,3.1,4.02,2.64,8.05,7.72,79.72,14.39,114.58,71.94,97.43,36.66
P013,2026-08-29,53.56,73.98,7.58,8.1,3.22,4.07,2.7,8.02,7.81,79.74,14.4,114.69,71.99,97.5,36.67
P013,2026-08-30,52.17,76.46,7.74,8.1,3.59,4.1,2.75,7.99,8.13,79.76,14.42,114.81,72.04,97.74,36.67
P013,2026-08-31,50.87,78.78,7.9,8.08,3.94,4.11,2.8,7.98,8.42,79.78,14.44,114.92,72.1,97.97,36.67
P013,2026-09-01,50.68,79.13,7.92,8.04,4.01,4.1,2.86,7.99,8.47,79.8,14.45,115.04,72.15,98.01,36.66
P013,2026-09-02,51.79,77.17,7.78,7.99,3.76,4.08,2.92,8.0,8.24,79.82,14.47,115.15,72.21,97.83,36.65
P013,2026-09-03,53.41,74.3,7.58,7.92,3.38,4.03,2.97,8.03,7.88,79.84,14.49,115.27,72.26,97.57,36.64
P013,2026-09-04,54.37,72.6,7.46,7.84,3.17,3.98,3.03,8.07,7.68,79.87,14.5,115.39,72.32,97.42,36.62
P013,2026-09-05,53.99,73.28,7.5,7.75,3.29,3.92,3.09,8.12,7.77,79.89,14.52,115.5,72.37,97.49,36.6
P013,2026-09-06,52.61,75.75,7.67,7.65,3.66,3.84,3.14,8.18,8.09,79.91,14.54,115.62,72.43,97.73,36.58
P013,2026-09-07,51.3,78.08,7.82,7.55,4.01,3.76,3.2,8.23,8.39,79.93,14.55,115.74,72.48,97.95,36.56
P013,2026-09-08,51.11,78.43,7.84,7.45,4.08,3.68,3.25,8.29,8.44,79.95,14.57,115.85,72.53,97.99,36.54
P013,2026-09-09,52.22,76.47,7.7,7.35,3.83,3.6,3.3,8.35,8.2,79.97,14.58,115.96,72.59,97.82,36.51
P013,2026-09-10,53.83,73.61,7.5,7.25,3.45,3.53,3.36,8.41,7.85,79.99,14.6,116.07,72.64,97.56,36.49
P013,2026-09-11,54.78,71.93,7.38,7.16,3.24,3.46,3.41,8.45,7.65,80.01,14.61,116.17,72.69,97.4,36.47
P013,2026-09-12,54.39,72.62,7.43,7.09,3.35,3.41,3.45,8.49,7.74,80.03,14.63,116.27,72.73,97.48,36.46
P013,2026-09-13,53.4,74.45,7.53,6.92,3.78,3.46,3.64,8.44,8.03,80.04,14.64,116.47,72.83,97.7,36.44
P013,2026-09-14,52.48,76.14,7.62,6.77,4.19,3.53,3.82,8.37,8.29,80.06,14.65,116.66,72.92,97.92,36.44
P013,2026-09-15,52.68,75.86,7.57,6.64,4.32,3.62,3.99,8.29,8.32,80.08,14.67,116.85,73.02,97.95,36.43
P013,2026-09-16,54.16,73.27,7.37,6.52,4.12,3.72,4.17,8.2,8.05,80.09,14.68,117.04,73.11,97.76,36.43
P013,2026-09-17,56.16,69.78,7.1,6.42,3.8,3.84,4.34,8.09,7.67,80.1,14.69,117.22,73.19,97.49,36.43
P013,2026-09-18,57.49,67.47,6.92,6.34,3.64,3.98,4.51,7.97,7.44,80.12,14.7,117.39,73.28,97.32,36.44
P013,2026-09-19,57.48,67.54,6.9,6.28,3.81,4.14,4.68,7.84,7.5,80.13,14.71,117.55,73.36,97.38,36.46
P013,2026-09-20,55.66,70.73,7.14,6.43,4.12,4.12,4.57,7.87,7.85,80.14,14.71,117.51,73.33,97.64,36.47
P013,2026-09-21,53.92,73.78,7.37,6.6,4.41,4.11,4.45,7.89,8.18,80.15,14.72,117.45,73.3,97.87,36.49
P013,2026-09-22,53.28,74.86,7.46,6.77,4.41,4.1,4.34,7.9,8.27,80.15,14.73,117.39,73.27,97.93,36.51
P013,2026-09-23,53.94,73.64,7.4,6.96,4.1,4.11,4.22,7.91,8.06,80.16,14.73,117.32,73.23,97.76,36.53
P013,2026-09-24,55.11,71.51,7.28,7.14,3.65,4.11,4.09,7.92,7.75,80.16,14.74,117.24,73.2,97.52,36.56
P013,2026-09-25,55.61,70.57,7.23,7.33,3.37,4.12,3.96,7.93,7.58,80.17,14.74,117.15,73.15,97.38,36.58
P013,2026-09-26,54.77,72.01,7.36,7.52,3.42,4.11,3.83,7.95,7.7,80.17,14.74,117.06,73.1,97.46,36.6
P013,2026-09-27,53.32,74.59,7.53,7.59,3.78,4.2,3.83,7.89,8.03,80.17,14.74,117.06,73.11,97.7,36.62
P013,2026-09-28,51.95,77.03,7.7,7.66,4.12,4.27,3.83,7.83,8.33,80.17,14.74,117.06,73.1,97.93,36.64
P013,2026-09-29,51.68,77.5,7.73,7.71,4.19,4.33,3.82,7.79,8.39,80.17,14.74,117.04,73.1,97.97,36.65
P013,2026-09-30,52.71,75.67,7.61,7.75,3.92,4.37,3.81,7.76,8.15,80.16,14.73,117.02,73.09,97.8,36.66
P013,2026-10-01,54.25,72.94,7.42,7.78,3.53,4.39,3.8,7.75,7.81,80.16,14.73,116.99,73.07,97.54,36.67
P013,2026-10-02,55.12,71.39,7.31,7.79,3.3,4.39,3.78,7.75,7.61,80.15,14.73,116.96,73.06,97.39,36.67
P013,2026-10-03,54.65,72.22,7.37,7.79,3.41,4.37,3.76,7.76,7.71,80.14,14.72,116.91,73.04,97.47,36.67
P013,2026-10-04,53.16,74.85,7.55,7.77,3.77,4.34,3.74,7.79,8.03,80.13,14.71,116.86,73.01,97.71,36.66
P013,2026-10-05,51.76,77.34,7.73,7.74,4.1,4.28,3.71,7.83,8.34,80.12,14.7,116.81,72.98,97.94,36.65
P013,2026-10-06,51.47,77.86,7.77,7.7,4.16,4.21,3.68,7.89,8.4,80.11,14.69,116.74,72.95,97.98,36.63
P014,2026-04-10,59.46,63.85,6.91,7.18,3.51,4.48,3.37,7.43,7.56,81.18,14.73,115.53,72.53,97.37,36.63
P014,2026-04-11,58.44,65.66,7.05,7.25,3.73,4.53,3.32,7.39,7.77,81.16,14.71,115.42,72.48,97.53,36.65
P014,2026-04-12,56.78,68.6,7.25,7.32,4.11,4.56,3.27,7.37,8.12,81.14,14.7,115.32,72.43,97.79,36.66
P014,2026-04-13,55.67,70.56,7.39,7.36,4.36,4.58,3.22,7.36,8.35,81.13,14.68,115.22,72.39,97.96,36.67
P014,2026-04-14,55.88,70.2,7.37,7.39,4.28,4.58,3.17,7.37,8.29,81.11,14.67,115.12,72.34,97.91,36.67
P014,2026-04-15,57.17,67.89,7.2,7.4,3.92,4.56,3.13,7.38,7.99,81.09,14.66,115.03,72.3,97.69,36.67
P014,2026-04-16,58.52,65.49,7.05,7.4,3.56,4.53,3.09,7.41,7.67,81.08,14.65,114.94,72.26,97.45,36.66
P014,2026-04-17,58.84,64.91,7.0,7.38,3.45,4.48,3.05,7.46,7.59,81.06,14.63,114.86,72.22,97.38,36.65
P014,2026-04-18,57.83,66.7,7.13,7.34,3.68,4.41,3.01,7.51,7.8,81.05,14.62,114.78,72.18,97.54,36.64
P014,2026-04-19,56.19,69.6,7.32,7.3,4.06,4.33,2.98,7.58,8.15,81.04,14.61,114.72,72.15,97.8,36.62
P014,2026-04-20,55.11,71.53,7.46,7.23,4.31,4.24,2.95,7.64,8.38,81.02,14.6,114.65,72.12,97.97,36.6
P014,2026-04-21,55.34,71.12,7.43,7.16,4.23,4.15,2.92,7.73,8.31,81.01,14.6,114.6,72.09,97.92,36.58
P014,2026-04-22,56.65,68.77,7.27,7.08,3.88,4.04,2.9,7.8,8.01,81.0,14.59,114.55,72.07,97.69,36.56
P014,2026-04-23,58.02,66.33,7.1,7.01,3.52,3.94,2.88,7.89,7.69,81.0,14.58,114.51,72.05,97.46,36.54
P014,2026-04-24,58.37,65.7,7.06,6.93,3.42,3.84,2.86,7.96,7.61,80.99,14.58,114.47,72.03,97.39,36.51
P014,2026-04-25,57.39,67.44,7.17,6.86,3.65,3.75,2.85,8.04,7.81,80.99,14.57,114.45,72.02,97.54,36.49
P014,2026-04-26,55.79,70.29,7.37,6.8,4.04,3.67,2.84,8.11,8.16,80.98,14.57,114.43,72.01,97.8,36.47
P014,2026-04-27,54.73,72.17,7.51,6.74,4.29,3.6,2.84,8.16,8.39,80.98,14.57,114.42,72.01,97.97,36.46
P014,2026-04-28,55.39,71.06,7.4,6.59,4.28,3.64,2.97,8.12,8.29,80.98,14.57,114.52,72.06,97.91,36.44
P014,2026-04-29,57.14,68.0,7.17,6.45,3.99,3.7,3.11,8.06,7.95,80.98,14.57,114.62,72.11,97.67,36.44
P014,2026-04-30,59.72,63.55,6.79,6.13,3.81,3.96,3.52,7.83,7.55,80.98,14.57,114.94,72.27,97.4,36.43
P014,2026-05-01,60.89,61.57,6.61,5.92,3.82,4.14,3.8,7.66,7.39,80.99,14.58,115.17,72.38,97.31,36.43
P014,2026-05-02,60.75,61.95,6.58,5.73,4.18,4.35,4.08,7.49,7.54,80.99,14.58,115.4,72.5,97.44,36.43
P014,2026-05-03,58.01,66.68,6.98,6.07,4.4,4.12,3.7,7.71,7.97,81.0,14.58,115.13,72.36,97.73,36.44
P014,2026-05-04,59.72,63.98,6.63,5.39,5.06,4.82,4.66,7.08,7.99,81.01,14.59,115.89,72.74,97.82,36.45
P014,2026-05-05,60.0,63.49,6.6,5.45,4.99,4.89,4.68,7.03,7.92,81.01,14.6,115.93,72.76,97.77,36.47
P014,2026-05-06,61.37,61.06,6.42,5.51,4.65,4.97,4.7,6.97,7.61,81.03,14.61,115.99,72.79,97.54,36.49
P014,2026-05-07,59.27,64.33,6.85,6.5,3.78,4.24,3.53,7.65,7.56,81.04,14.61,115.14,72.36,97.41,36.51
P014,2026-05-08,63.2,57.82,6.19,5.66,4.2,5.17,4.76,6.82,7.2,81.05,14.62,116.12,72.85,97.23,36.53
P014,2026-05-09,57.97,66.56,7.04,6.86,3.8,4.26,3.33,7.66,7.73,81.06,14.64,115.08,72.33,97.51,36.56
P014,2026-05-10,56.02,69.98,7.29,7.04,4.14,4.27,3.23,7.66,8.11,81.08,14.65,115.06,72.31,97.78,36.58
P014,2026-05-11,54.61,72.42,7.48,7.22,4.34,4.28,3.14,7.67,8.36,81.09,14.66,115.04,72.3,97.96,36.6
P014,2026-05-12,54.92,71.88,7.43,7.28,4.28,4.37,3.18,7.6,8.29,81.11,14.67,115.13,72.35,97.91,36.62
P014,2026-05-13,56.32,69.39,7.26,7.33,3.94,4.46,3.23,7.53,7.98,81.13,14.69,115.23,72.39,97.68,36.64
P014,2026-05-14,57.79,66.81,7.08,7.38,3.59,4.53,3.28,7.48,7.66,81.15,14.7,115.33,72.44,97.44,36.65
P014,2026-05-15,58.22,66.05,7.02,7.4,3.5,4.59,3.33,7.44,7.56,81.17,14.72,115.44,72.49,97.37,36.66
P014,2026-05-16,57.32,67.66,7.13,7.41,3.74,4.63,3.38,7.41,7.76,81.19,14.73,115.54,72.54,97.53,36.67
P014,2026-05-17,55.78,70.39,7.31,7.4,5.14,4.65,3.43,7.39,8.11,81.21,14.75,115.66,72.59,97.78,36.67
P014,2026-05-18,54.79,72.16,7.43,7.38,5.41,4.66,3.49,7.39,8.33,81.23,14.76,115.77,72.65,97.95,36.67
P014,2026-05-19,55.12,71.59,7.38,7.35,5.34,4.65,3.54,7.4,8.26,81.25,14.78,115.88,72.7,97.9,36.66
P014,2026-05-20,56.53,69.08,7.21,7.28,5.01,4.62,3.6,7.42,7.95,81.27,14.8,116.0,72.76,97.67,36.65
P014,2026-05-21,58.0,66.48,7.02,7.22,4.66,4.57,3.65,7.46,7.62,81.29,14.81,116.12,72.81,97.43,36.64
P014,2026-05-22,58.44,65.72,6.96,7.13,4.57,4.51,3.71,7.5,7.53,81.31,14.83,116.24,72.87,97.36,36.62
P014,2026-05-23,57.54,67.31,7.06,7.05,4.81,4.45,3.77,7.56,7.73,81.33,14.85,116.35,72.92,97.51,36.6
P014,2026-05-24,56.01,70.04,7.25,6.94,5.21,4.37,3.82,7.61,8.07,81.35,14.86,116.47,72.98,97.77,36.58
P014,2026-05-25,55.03,71.8,7.36,6.85,4.47,4.29,3.88,7.67,8.29,81.37,14.88,116.58,73.03,97.94,36.55
P014,2026-05-26,55.35,71.23,7.32,6.75,4.41,4.21,3.93,7.74,8.22,81.39,14.89,116.7,73.08,97.89,36.53
P014,2026-05-27,56.77,68.73,7.14,6.65,4.08,4.13,3.99,7.79,7.91,81.41,14.91,116.81,73.14,97.66,36.51
P014,2026-05-28,58.22,66.14,6.96,6.56,3.73,4.06,4.04,7.85,7.59,81.43,14.93,116.92,73.19,97.41,36.49
P014,2026-05-29,58.65,65.38,6.9,6.48,3.63,4.0,4.09,7.9,7.49,81.45,14.94,117.02,73.24,97.35,36.47
P014,2026-05-30,57.75,67.0,7.01,6.41,3.88,3.95,4.14,7.94,7.69,81.47,14.95,117.12,73.28,97.5,36.45
P014,2026-05-31,56.21,69.74,7.2,6.35,4.27,3.91,4.18,7.96,8.04,81.49,14.97,117.22,73.33,97.76,36.44
P014,2026-06-01,55.21,71.52,7.31,6.31,4.54,3.89,4.23,7.98,8.26,81.51,14.98,117.31,73.37,97.93,36.43
P014,2026-06-02,55.52,70.99,7.27,6.28,4.47,3.89,4.27,7.98,8.19,81.52,14.99,117.4,73.42,97.88,36.43
P014,2026-06-03,56.92,68.52,7.09,6.28,4.13,3.91,4.31,7.97,7.88,81.54,15.01,117.48,73.45,97.64,36.43
P014,2026-06-04,58.35,65.96,6.92,6.3,3.78,3.94,4.35,7.95,7.56,81.55,15.02,117.56,73.49,97.4,36.44
P014,2026-06-05,58.76,65.23,6.86,6.32,3.69,3.99,4.38,7.91,7.47,81.56,15.03,117.63,73.52,97.34,36.45
P014,2026-06-06,57.84,66.88,6.97,6.37,3.92,4.05,4.41,7.87,7.67,81.57,15.03,117.69,73.55,97.49,36.46
P014,2026-06-07,56.27,69.66,7.16,6.42,4.32,4.13,4.44,7.81,8.01,81.59,15.04,117.75,73.58,97.75,36.48
P014,2026-06-08,55.26,71.49,7.28,6.49,4.58,4.22,4.46,7.75,8.24,81.59,15.05,117.8,73.6,97.92,36.5
P014,2026-06-09,55.54,70.99,7.24,6.56,4.51,4.31,4.48,7.67,8.17,81.6,15.06,117.84,73.62,97.87,36.52
P014,2026-06-10,57.3,67.9,7.01,6.55,4.23,4.51,4.64,7.52,7.83,81.61,15.06,117.98,73.69,97.63,36.54
P014,2026-06-11,59.12,64.73,6.76,6.53,3.93,4.7,4.79,7.36,7.48,81.61,15.06,118.11,73.76,97.37,36.56
P014,2026-06-12,59.89,63.39,6.65,6.51,3.89,4.89,4.93,7.2,7.36,81.62,15.07,118.23,73.82,97.3,36.59
P014,2026-06-13,59.34,64.43,6.69,6.49,4.18,5.08,5.07,7.05,7.54,81.62,15.07,118.35,73.88,97.44,36.61
P014,2026-06-14,58.16,66.6,6.82,6.45,4.63,5.25,5.21,6.9,7.85,81.62,15.07,118.46,73.93,97.69,36.63
P014,2026-06-15,57.5,67.81,6.88,6.42,4.94,5.41,5.35,6.78,8.05,81.62,15.07,118.56,73.98,97.84,36.64
P014,2026-06-16,58.15,66.71,6.77,6.36,4.93,5.56,5.48,6.65,7.95,81.62,15.07,118.65,74.03,97.78,36.66
P014,2026-06-17,59.08,65.0,6.68,6.51,4.52,5.5,5.33,6.71,7.68,81.61,15.07,118.53,73.97,97.57,36.66
P014,2026-06-18,60.06,63.2,6.58,6.64,4.1,5.42,5.18,6.78,7.39,81.61,15.06,118.4,73.9,97.34,36.67
P014,2026-06-19,60.01,63.23,6.61,6.75,3.94,5.33,5.03,6.88,7.33,81.6,15.06,118.26,73.83,97.28,36.67
P014,2026-06-20,58.63,65.64,6.79,6.86,4.11,5.21,4.87,6.99,7.57,81.6,15.05,118.11,73.76,97.45,36.67
P014,2026-06-21,56.6,69.18,7.06,6.93,4.44,5.08,4.71,7.1,7.95,81.59,15.04,117.96,73.69,97.72,36.66
P014,2026-06-22,55.12,71.77,7.26,7.01,4.63,4.92,4.55,7.24,8.21,81.58,15.04,117.8,73.61,97.91,36.65
P014,2026-06-23,54.94,72.03,7.3,7.06,4.49,4.75,4.38,7.38,8.18,81.56,15.03,117.64,73.53,97.87,36.63
P014,2026-06-24,56.24,69.7,7.14,7.01,4.14,4.67,4.35,7.45,7.88,81.55,15.02,117.57,73.49,97.64,36.61
P014,2026-06-25,57.59,67.29,6.98,6.94,3.78,4.57,4.31,7.53,7.56,81.54,15.01,117.49,73.46,97.41,36.59
P014,2026-06-26,57.91,66.71,6.93,6.87,3.67,4.47,4.28,7.61,7.48,81.52,14.99,117.41,73.42,97.34,36.57
P014,2026-06-27,56.91,68.5,7.06,6.81,3.89,4.36,4.23,7.7,7.69,81.51,14.98,117.32,73.38,97.5,36.54
P014,2026-06-28,55.26,71.42,7.26,6.73,4.27,4.25,4.19,7.78,8.04,81.49,14.97,117.23,73.34,97.76,36.52
P014,2026-06-29,54.15,73.38,7.4,6.67,4.52,4.15,4.14,7.87,8.27,81.47,14.96,117.13,73.29,97.93,36.5
P014,2026-06-30,54.35,73.02,7.37,6.61,4.44,4.05,4.09,7.95,8.21,81.46,14.94,117.03,73.24,97.88,36.48
P014,2026-07-01,55.63,70.72,7.22,6.57,4.09,3.96,4.04,8.02,7.9,81.44,14.93,116.93,73.19,97.65,36.46
P014,2026-07-02,56.97,68.35,7.07,6.53,3.72,3.89,3.99,8.08,7.59,81.42,14.91,116.82,73.14,97.42,36.45
P014,2026-07-03,57.28,67.8,7.02,6.51,3.61,3.83,3.94,8.13,7.51,81.4,14.9,116.71,73.09,97.35,36.44
P014,2026-07-04,56.25,69.62,7.16,6.5,3.83,3.79,3.88,8.16,7.72,81.38,14.88,116.6,73.04,97.51,36.43
P014,2026-07-05,54.59,72.56,7.36,6.52,4.21,3.77,3.83,8.19,8.07,81.36,14.86,116.48,72.98,97.77,36.43
P014,2026-07-06,53.47,74.54,7.5,6.55,4.46,3.76,3.77,8.2,8.3,81.33,14.85,116.37,72.93,97.94,36.43
P014,2026-07-07,53.65,74.19,7.47,6.59,4.37,3.77,3.72,8.19,8.24,81.31,14.83,116.25,72.87,97.9,36.44
P014,2026-07-08,54.93,71.91,7.32,6.66,4.02,3.8,3.66,8.18,7.94,81.29,14.81,116.13,72.82,97.67,36.45
P014,2026-07-09,56.27,69.54,7.16,6.73,3.65,3.85,3.6,8.14,7.63,81.27,14.8,116.01,72.76,97.43,36.46
P014,2026-07-10,56.57,68.99,7.13,6.82,3.54,3.9,3.55,8.11,7.54,81.25,14.78,115.9,72.71,97.37,36.48
P014,2026-07-11,55.54,70.81,7.25,6.91,3.76,3.97,3.49,8.06,7.75,81.23,14.76,115.78,72.65,97.52,36.5
P014,2026-07-12,53.88,73.75,7.46,7.01,4.14,4.05,3.44,8.01,8.11,81.21,14.75,115.67,72.6,97.78,36.52
P014,2026-07-13,52.76,75.73,7.59,7.12,4.39,4.13,3.38,7.96,8.34,81.19,14.73,115.56,72.55,97.96,36.55
P014,2026-07-14,52.95,75.37,7.57,7.22,4.31,4.21,3.33,7.9,8.28,81.17,14.72,115.45,72.49,97.91,36.57
P014,2026-07-15,54.24,73.08,7.41,7.33,3.95,4.29,3.28,7.85,7.97,81.15,14.7,115.34,72.44,97.68,36.59
P014,2026-07-16,55.58,70.7,7.25,7.42,3.58,4.36,3.23,7.79,7.66,81.13,14.69,115.24,72.4,97.44,36.61
P014,2026-07-17,55.89,70.14,7.22,7.51,3.48,4.42,3.19,7.75,7.58,81.11,14.67,115.14,72.35,97.38,36.63
P014,2026-07-18,54.87,71.94,7.34,7.58,3.7,4.47,3.14,7.71,7.79,81.1,14.66,115.05,72.31,97.53,36.65
P014,2026-07-19,53.23,74.85,7.55,7.64,4.08,4.51,3.1,7.69,8.14,81.08,14.65,114.96,72.27,97.8,36.66
P014,2026-07-20,52.12,76.8,7.68,7.68,4.33,4.53,3.06,7.67,8.37,81.06,14.64,114.88,72.23,97.97,36.67
P014,2026-07-21,52.35,76.42,7.66,7.71,4.25,4.54,3.02,7.68,8.31,81.05,14.63,114.8,72.19,97.92,36.67
P014,2026-07-22,53.65,74.09,7.49,7.73,3.9,4.52,2.99,7.7,8.0,81.04,14.62,114.73,72.16,97.69,36.67
P014,2026-07-23,55.41,71.0,7.26,7.61,3.59,4.59,3.09,7.64,7.66,81.03,14.61,114.77,72.18,97.44,36.66
P014,2026-07-24,56.14,69.74,7.15,7.49,3.55,4.63,3.2,7.6,7.54,81.02,14.6,114.82,72.2,97.36,36.65
P014,2026-07-25,55.55,70.84,7.21,7.34,3.83,4.66,3.32,7.56,7.72,81.01,14.59,114.87,72.23,97.51,36.64
P014,2026-07-26,54.33,73.06,7.33,7.19,4.28,4.68,3.43,7.54,8.03,81.0,14.58,114.93,72.26,97.76,36.62
P014,2026-07-27,53.66,74.3,7.4,7.01,4.59,4.69,3.55,7.51,8.23,80.99,14.58,115.0,72.3,97.91,36.6
P014,2026-07-28,54.31,73.21,7.29,6.84,4.57,4.69,3.67,7.51,8.14,80.99,14.58,115.07,72.34,97.85,36.58
P014,2026-07-29,56.04,70.17,7.07,6.66,4.29,4.69,3.8,7.51,7.8,80.98,14.57,115.16,72.38,97.61,36.56
P014,2026-07-30,57.03,68.36,6.96,6.68,3.87,4.5,3.66,7.66,7.51,80.98,14.57,115.04,72.32,97.39,36.54
P014,2026-07-31,56.99,68.38,6.99,6.7,3.71,4.31,3.52,7.83,7.45,80.98,14.57,114.93,72.27,97.33,36.51
P014,2026-08-01,55.63,70.75,7.16,6.72,3.88,4.13,3.38,7.97,7.69,80.98,14.57,114.83,72.21,97.5,36.49
P014,2026-08-02,53.64,74.23,7.43,6.76,4.21,3.95,3.25,8.13,8.07,80.98,14.57,114.74,72.17,97.77,36.47
P014,2026-08-03,52.2,76.74,7.63,6.8,4.41,3.79,3.12,8.26,8.32,80.99,14.57,114.65,72.12,97.95,36.46
P014,2026-08-04,52.07,76.92,7.66,6.86,4.28,3.65,3.0,8.39,8.29,80.99,14.58,114.57,72.08,97.91,36.44
P014,2026-08-05,53.04,75.15,7.56,6.92,3.88,3.52,2.88,8.5,8.01,81.0,14.58,114.5,72.05,97.69,36.44
P014,2026-08-06,54.46,72.63,7.38,6.9,3.52,3.51,2.9,8.51,7.69,81.0,14.59,114.54,72.07,97.46,36.43
P014,2026-08-07,54.85,71.93,7.33,6.9,3.43,3.51,2.92,8.52,7.6,81.01,14.6,114.59,72.09,97.39,36.43
P014,2026-08-08,53.92,73.58,7.44,6.9,3.66,3.53,2.95,8.49,7.8,81.02,14.6,114.65,72.12,97.54,36.43
P014,2026-08-09,52.37,76.36,7.63,6.93,4.06,3.58,2.98,8.47,8.15,81.03,14.61,114.71,72.15,97.8,36.44
P014,2026-08-10,51.35,78.16,7.74,6.96,4.32,3.64,3.01,8.42,8.37,81.05,14.62,114.78,72.18,97.97,36.45
P014,2026-08-11,51.65,77.63,7.71,7.02,4.25,3.71,3.05,8.37,8.3,81.06,14.63,114.85,72.21,97.92,36.47
P014,2026-08-12,53.04,75.16,7.53,7.07,3.92,3.8,3.08,8.3,7.99,81.07,14.64,114.93,72.25,97.69,36.49
P014,2026-08-13,54.49,72.59,7.35,7.15,3.57,3.9,3.13,8.23,7.67,81.09,14.66,115.02,72.29,97.45,36.51
P014,2026-08-14,54.91,71.85,7.29,7.22,3.47,4.0,3.17,8.15,7.58,81.11,14.67,115.11,72.33,97.38,36.53
P014,2026-08-15,54.01,73.48,7.4,7.29,3.71,4.11,3.22,8.06,7.78,81.12,14.68,115.21,72.38,97.53,36.55
P014,2026-08-16,52.47,76.22,7.58,7.37,4.11,4.22,3.26,7.99,8.12,81.14,14.7,115.31,72.43,97.79,36.58
P014,2026-08-17,51.48,77.99,7.7,7.43,4.37,4.33,3.31,7.9,8.34,81.16,14.71,115.41,72.48,97.96,36.6
P014,2026-08-18,51.8,77.43,7.66,7.5,4.31,4.42,3.37,7.83,8.27,81.18,14.73,115.52,72.53,97.91,36.62
P014,2026-08-19,53.21,74.93,7.48,7.55,3.97,4.51,3.42,7.76,7.96,81.2,14.74,115.63,72.58,97.68,36.64
P014,2026-08-20,54.67,72.33,7.3,7.59,3.63,4.59,3.47,7.71,7.64,81.22,14.76,115.74,72.63,97.43,36.65
P014,2026-08-21,55.11,71.57,7.24,7.61,3.54,4.65,3.53,7.66,7.54,81.24,14.77,115.86,72.69,97.37,36.66
P014,2026-08-22,54.21,73.17,7.35,7.62,3.78,4.69,3.58,7.63,7.75,81.26,14.79,115.97,72.74,97.52,36.67
P014,2026-08-23,52.68,75.89,7.52,7.62,4.18,4.71,3.64,7.62,8.09,81.28,14.81,116.09,72.8,97.78,36.67
P014,2026-08-24,51.7,77.65,7.65,7.59,4.44,4.72,3.7,7.61,8.31,81.31,14.82,116.21,72.85,97.94,36.67
P014,2026-08-25,52.02,77.08,7.6,7.55,4.38,4.71,3.75,7.62,8.24,81.33,14.84,116.32,72.91,97.89,36.66
P014,2026-08-26,53.43,74.57,7.42,7.49,4.04,4.68,3.81,7.64,7.93,81.35,14.86,116.44,72.96,97.66,36.65
P014,2026-08-27,54.91,71.97,7.23,7.43,3.7,4.63,3.86,7.68,7.6,81.37,14.87,116.56,73.02,97.42,36.64
P014,2026-08-28,55.34,71.21,7.18,7.34,3.6,4.57,3.92,7.72,7.51,81.39,14.89,116.67,73.07,97.35,36.62
P014,2026-08-29,54.44,72.81,7.28,7.26,3.85,4.51,3.97,7.78,7.71,81.41,14.91,116.78,73.12,97.5,36.6
P014,2026-08-30,52.91,75.55,7.47,7.17,4.25,4.43,4.03,7.84,8.05,81.43,14.92,116.89,73.18,97.76,36.58
P014,2026-08-31,51.91,77.32,7.58,7.06,4.51,4.35,4.08,7.9,8.27,81.45,14.94,117.0,73.22,97.93,36.55
P014,2026-09-01,52.23,76.77,7.54,6.97,4.45,4.27,4.13,7.96,8.2,81.47,14.95,117.1,73.27,97.88,36.53
P014,2026-09-02,53.63,74.28,7.36,6.87,4.11,4.19,4.17,8.02,7.89,81.49,14.96,117.2,73.32,97.65,36.51
P014,2026-09-03,55.09,71.7,7.18,6.78,3.76,4.11,4.22,8.08,7.57,81.5,14.98,117.29,73.36,97.41,36.49
P014,2026-09-04,55.91,70.3,7.06,6.59,3.72,4.14,4.4,8.04,7.45,81.52,14.99,117.48,73.46,97.33,36.47
P014,2026-09-05,55.4,71.27,7.1,6.43,4.02,4.18,4.57,8.0,7.62,81.53,15.0,117.67,73.55,97.47,36.45
P014,2026-09-06,54.24,73.37,7.22,6.27,4.48,4.24,4.75,7.95,7.93,81.55,15.01,117.85,73.64,97.72,36.44
P014,2026-09-07,53.63,74.51,7.27,6.13,4.8,4.31,4.92,7.88,8.12,81.56,15.02,118.03,73.72,97.87,36.43
P014,2026-09-08,54.33,73.33,7.16,6.01,4.79,4.4,5.09,7.8,8.03,81.57,15.03,118.2,73.8,97.81,36.43
P014,2026-09-09,56.12,70.22,6.92,5.9,4.51,4.51,5.25,7.71,7.68,81.58,15.04,118.36,73.88,97.57,36.43
P014,2026-09-10,57.94,67.03,6.68,5.81,4.21,4.63,5.41,7.61,7.33,81.59,15.05,118.51,73.96,97.32,36.44
P014,2026-09-11,57.93,66.99,6.69,5.94,4.06,4.58,5.3,7.65,7.27,81.6,15.05,118.45,73.93,97.26,36.45
P014,2026-09-12,56.59,69.32,6.87,6.1,4.23,4.55,5.18,7.7,7.51,81.61,15.06,118.39,73.9,97.43,36.46
P014,2026-09-13,54.61,72.79,7.13,6.26,4.57,4.53,5.06,7.72,7.88,81.61,15.06,118.31,73.86,97.7,36.48
P014,2026-09-14,53.17,75.31,7.33,6.44,4.76,4.52,4.93,7.75,8.14,81.62,15.07,118.23,73.82,97.88,36.5
P014,2026-09-15,53.04,75.5,7.35,6.63,4.63,4.51,4.8,7.77,8.11,81.62,15.07,118.14,73.77,97.84,36.52
P014,2026-09-16,53.99,73.75,7.26,6.81,4.23,4.51,4.67,7.78,7.83,81.62,15.07,118.04,73.72,97.62,36.54
P014,2026-09-17,54.98,71.93,7.15,7.01,3.81,4.52,4.53,7.8,7.54,81.62,15.07,117.94,73.67,97.4,36.56
P014,2026-09-18,55.35,71.28,7.11,7.09,3.71,4.61,4.52,7.73,7.45,81.62,15.07,117.93,73.66,97.33,36.59
P014,2026-09-19,54.37,73.01,7.22,7.18,3.94,4.69,4.52,7.67,7.66,81.61,15.07,117.91,73.66,97.49,36.61
P014,2026-09-20,52.76,75.87,7.42,7.25,4.33,4.77,4.5,7.61,8.01,81.61,15.06,117.89,73.64,97.75,36.63
P014,2026-09-21,51.7,77.77,7.56,7.33,4.58,4.84,4.49,7.57,8.24,81.6,15.06,117.85,73.63,97.92,36.64
P014,2026-09-22,51.93,77.35,7.52,7.39,4.51,4.88,4.47,7.54,8.17,81.6,15.05,117.81,73.61,97.87,36.65
P014,2026-09-23,53.25,75.0,7.37,7.43,4.16,4.92,4.45,7.51,7.87,81.59,15.05,117.77,73.59,97.64,36.66
P014,2026-09-24,54.61,72.56,7.19,7.46,3.79,4.93,4.42,7.51,7.55,81.58,15.04,117.71,73.56,97.4,36.67
P014,2026-09-25,54.95,71.96,7.16,7.47,3.69,4.92,4.39,7.52,7.46,81.57,15.03,117.65,73.53,97.34,36.67
P014,2026-09-26,53.94,73.74,7.28,7.47,3.91,4.9,4.36,7.54,7.67,81.56,15.02,117.58,73.5,97.49,36.67
P014,2026-09-27,52.31,76.64,7.48,7.45,4.3,4.85,4.32,7.57,8.02,81.54,15.01,117.51,73.47,97.75,36.66
P014,2026-09-28,51.21,78.59,7.61,7.43,4.55,4.79,4.29,7.63,8.25,81.53,15.0,117.43,73.43,97.92,36.65
P014,2026-09-29,51.42,78.22,7.59,7.38,4.47,4.72,4.24,7.69,8.19,81.51,14.99,117.35,73.39,97.88,36.63
P014,2026-09-30,52.71,75.91,7.43,7.33,4.11,4.63,4.2,7.76,7.89,81.5,14.97,117.25,73.35,97.65,36.61
P014,2026-10-01,54.05,73.52,7.27,7.27,3.75,4.53,4.15,7.85,7.58,81.48,14.96,117.16,73.3,97.41,36.59
P014,2026-10-02,54.36,72.96,7.23,7.2,3.64,4.42,4.11,7.93,7.49,81.46,14.95,117.06,73.25,97.35,36.57
P014,2026-10-03,53.35,74.76,7.36,7.14,3.86,4.31,4.06,8.02,7.7,81.44,14.93,116.96,73.21,97.5,36.55
P014,2026-10-04,51.69,77.7,7.56,7.06,4.24,4.2,4.01,8.1,8.05,81.42,14.92,116.85,73.16,97.76,36.52
P014,2026-10-05,50.57,79.68,7.7,7.01,4.49,4.09,3.95,8.19,8.28,81.4,14.9,116.74,73.1,97.94,36.5
P014,2026-10-06,50.76,79.33,7.68,6.94,4.41,4.0,3.9,8.27,8.22,81.38,14.88,116.63,73.05,97.89,36.48
P015,2026-04-10,52.82,75.4,7.88,8.56,3.55,4.05,1.69,8.48,7.93,82.47,14.93,114.03,71.93,97.53,36.65
P015,2026-04-11,51.48,77.77,8.04,8.52,3.87,3.98,1.66,8.54,8.22,82.46,14.92,113.98,71.91,97.75,36.64
P015,2026-04-12,49.97,80.46,8.23,8.46,4.24,3.9,1.64,8.6,8.55,82.45,14.92,113.93,71.89,98.0,36.62
P015,2026-04-13,49.39,81.48,8.3,8.39,4.37,3.82,1.62,8.67,8.68,82.44,14.91,113.89,71.87,98.09,36.6
P015,2026-04-14,50.17,80.09,8.21,8.31,4.17,3.72,1.61,8.74,8.5,82.44,14.91,113.86,71.85,97.96,36.58
P015,2026-04-15,51.7,77.37,8.02,8.23,3.78,3.62,1.6,8.82,8.16,82.43,14.9,113.84,71.84,97.7,36.55
P015,2026-04-16,52.82,75.38,7.88,8.14,3.5,3.52,1.59,8.89,7.91,82.43,14.9,113.82,71.84,97.51,36.53
P015,2026-04-17,52.68,75.64,7.9,8.06,3.53,3.43,1.59,8.96,7.94,82.43,14.9,113.82,71.83,97.53,36.51
P015,2026-04-18,51.37,77.95,8.06,7.98,3.86,3.34,1.59,9.03,8.23,82.43,14.9,113.82,71.83,97.75,36.49
P015,2026-04-19,50.29,79.93,8.17,7.81,4.29,3.36,1.73,9.0,8.53,82.43,14.9,113.93,71.89,97.99,36.47
P015,2026-04-20,50.15,80.24,8.17,7.65,4.49,3.39,1.87,8.96,8.62,82.43,14.9,114.05,71.95,98.07,36.45
P015,2026-04-21,51.36,78.14,8.0,7.49,4.35,3.44,2.02,8.91,8.41,82.44,14.91,114.18,72.01,97.92,36.44
P015,2026-04-22,53.32,74.7,7.74,7.36,4.02,3.51,2.17,8.85,8.03,82.44,14.91,114.31,72.08,97.65,36.43
P015,2026-04-23,54.87,72.0,7.53,7.23,3.8,3.59,2.33,8.77,7.75,82.45,14.92,114.45,72.15,97.45,36.43
P015,2026-04-24,55.16,71.55,7.48,7.13,3.9,3.7,2.49,8.68,7.75,82.46,14.92,114.6,72.22,97.46,36.43
P015,2026-04-25,54.29,73.16,7.56,7.03,4.29,3.82,2.65,8.57,8.0,82.47,14.93,114.76,72.3,97.67,36.44
P015,2026-04-26,52.43,76.4,7.81,7.16,4.61,3.77,2.54,8.62,8.36,82.48,14.94,114.72,72.28,97.92,36.45
P015,2026-04-27,51.52,77.98,7.94,7.31,4.69,3.74,2.44,8.65,8.51,82.49,14.95,114.68,72.26,98.03,36.46
P015,2026-04-28,51.96,77.16,7.9,7.46,4.44,3.73,2.34,8.68,8.36,82.51,14.96,114.65,72.24,97.9,36.48
P015,2026-04-29,53.15,74.99,7.77,7.63,4.0,3.72,2.24,8.69,8.04,82.52,14.97,114.63,72.22,97.66,36.49
P015,2026-04-30,53.92,73.57,7.69,7.8,3.66,3.73,2.14,8.7,7.82,82.54,14.98,114.61,72.21,97.48,36.52
P015,2026-05-01,53.43,74.39,7.77,7.97,3.65,3.74,2.05,8.7,7.88,82.55,15.0,114.59,72.2,97.51,36.54
P015,2026-05-02,51.78,77.28,7.99,8.15,3.92,3.76,1.96,8.7,8.19,82.57,15.01,114.58,72.2,97.74,36.56
P015,2026-05-03,50.35,79.83,8.16,8.22,4.3,3.87,2.0,8.62,8.52,82.59,15.02,114.68,72.24,97.98,36.58
P015,2026-05-04,49.86,80.72,8.22,8.28,4.45,3.97,2.05,8.54,8.64,82.61,15.04,114.79,72.29,98.07,36.61
P015,2026-05-05,50.72,79.2,8.11,8.34,4.26,4.06,2.11,8.46,8.45,82.63,15.05,114.89,72.34,97.94,36.62
P015,2026-05-06,52.33,76.35,7.91,8.39,3.88,4.15,2.16,8.4,8.1,82.65,15.07,115.0,72.39,97.68,36.64
P015,2026-05-07,53.52,74.24,7.76,8.42,3.61,4.22,2.21,8.34,7.85,82.67,15.08,115.12,72.45,97.49,36.65
P015,2026-05-08,53.44,74.38,7.77,8.44,3.65,4.27,2.27,8.3,7.87,82.69,15.1,115.23,72.5,97.51,36.66
P015,2026-05-09,52.21,76.59,7.91,8.44,3.99,4.31,2.32,8.27,8.16,82.71,15.12,115.35,72.55,97.73,36.67
P015,2026-05-10,50.79,79.12,8.08,8.42,4.37,4.33,2.38,8.25,8.48,82.73,15.13,115.46,72.61,97.97,36.67
P015,2026-05-11,50.3,79.99,8.14,8.39,4.52,4.33,2.44,8.25,8.6,82.75,15.15,115.58,72.67,98.06,36.67
P015,2026-05-12,51.17,78.46,8.03,8.35,4.33,4.31,2.49,8.26,8.42,82.77,15.17,115.7,72.72,97.93,36.66
P015,2026-05-13,52.78,75.6,7.83,8.28,3.95,4.28,2.55,8.29,8.07,82.79,15.18,115.82,72.78,97.67,36.65
P015,2026-05-14,53.97,73.49,7.68,8.21,3.68,4.23,2.6,8.32,7.81,82.81,15.2,115.93,72.83,97.48,36.63
P015,2026-05-15,53.9,73.63,7.69,8.12,3.72,4.17,2.66,8.37,7.84,82.83,15.22,116.05,72.88,97.5,36.61
P015,2026-05-16,52.66,75.84,7.84,8.03,4.06,4.09,2.71,8.42,8.12,82.85,15.23,116.16,72.94,97.71,36.59
P015,2026-05-17,51.23,78.38,8.01,7.93,4.44,4.02,2.77,8.48,8.45,82.87,15.25,116.27,72.99,97.96,36.57
P015,2026-05-18,50.74,79.27,8.06,7.83,4.58,3.94,2.82,8.54,8.57,82.89,15.26,116.37,73.04,98.05,36.55
P015,2026-05-19,51.6,77.75,7.96,7.73,4.39,3.85,2.87,8.6,8.38,82.91,15.28,116.48,73.09,97.91,36.52
P015,2026-05-20,53.2,74.91,7.76,7.63,4.01,3.78,2.91,8.65,8.04,82.93,15.29,116.58,73.13,97.65,36.5
P015,2026-05-21,54.39,72.81,7.61,7.54,3.74,3.71,2.96,8.7,7.78,82.95,15.3,116.67,73.18,97.46,36.48
P015,2026-05-22,54.3,72.98,7.62,7.46,3.78,3.65,3.0,8.75,7.81,82.96,15.32,116.76,73.22,97.48,36.46
P015,2026-05-23,53.04,75.22,7.77,7.39,4.11,3.6,3.04,8.78,8.09,82.98,15.33,116.85,73.26,97.7,36.45
P015,2026-05-24,51.6,77.79,7.94,7.34,4.49,3.56,3.08,8.81,8.42,82.99,15.34,116.92,73.3,97.95,36.44
P015,2026-05-25,51.09,78.7,8.0,7.31,4.64,3.55,3.12,8.82,8.54,83.01,15.35,117.0,73.33,98.04,36.43
P015,2026-05-26,51.92,77.22,7.9,7.29,4.44,3.55,3.15,8.82,8.36,83.02,15.36,117.06,73.37,97.9,36.43
P015,2026-05-27,53.5,74.41,7.7,7.29,4.06,3.56,3.18,8.81,8.01,83.03,15.37,117.12,73.39,97.64,36.43
P015,2026-05-28,54.66,72.36,7.56,7.31,3.78,3.6,3.2,8.78,7.76,83.04,15.38,117.18,73.42,97.45,36.44
P015,2026-05-29,54.55,72.57,7.57,7.34,3.82,3.65,3.23,8.74,7.79,83.05,15.38,117.22,73.44,97.48,36.45
P015,2026-05-30,53.27,74.85,7.73,7.39,4.15,3.71,3.24,8.69,8.07,83.06,15.39,117.26,73.46,97.69,36.46
P015,2026-05-31,51.8,77.46,7.91,7.45,4.52,3.79,3.26,8.63,8.4,83.06,15.39,117.29,73.47,97.94,36.48
P015,2026-06-01,51.66,77.76,7.9,7.42,4.72,3.97,3.41,8.48,8.49,83.07,15.4,117.42,73.54,98.02,36.5
P015,2026-06-02,52.86,75.67,7.74,7.39,4.58,4.16,3.55,8.32,8.28,83.07,15.4,117.54,73.6,97.87,36.52
P015,2026-06-03,54.82,72.26,7.48,7.37,4.26,4.35,3.69,8.16,7.91,83.07,15.4,117.65,73.65,97.6,36.55
P015,2026-06-04,56.34,69.59,7.27,7.36,4.03,4.54,3.83,8.01,7.63,83.07,15.4,117.76,73.7,97.4,36.57
P015,2026-06-05,56.6,69.19,7.22,7.34,4.12,4.73,3.96,7.85,7.63,83.07,15.4,117.85,73.75,97.42,36.59
P015,2026-06-06,55.69,70.86,7.31,7.31,4.51,4.91,4.09,7.7,7.89,83.07,15.4,117.94,73.8,97.62,36.61
P015,2026-06-07,54.59,72.87,7.43,7.28,4.94,5.07,4.22,7.56,8.19,83.06,15.39,118.02,73.84,97.86,36.63
P015,2026-06-08,53.61,74.54,7.57,7.45,5.01,5.04,4.07,7.6,8.34,83.06,15.39,117.89,73.77,97.96,36.65
P015,2026-06-09,53.99,73.82,7.54,7.6,4.75,4.99,3.91,7.66,8.2,83.05,15.38,117.75,73.7,97.84,36.66
P015,2026-06-10,55.11,71.78,7.43,7.74,4.3,4.92,3.75,7.72,7.89,83.04,15.38,117.6,73.63,97.6,36.67
P015,2026-06-11,55.8,70.48,7.36,7.87,3.96,4.84,3.59,7.8,7.67,83.03,15.37,117.44,73.55,97.42,36.67
P015,2026-06-12,55.23,71.45,7.45,7.98,3.93,4.73,3.43,7.9,7.73,83.02,15.36,117.28,73.47,97.46,36.67
P015,2026-06-13,53.48,74.49,7.69,8.07,4.19,4.61,3.26,8.0,8.05,83.01,15.35,117.11,73.39,97.69,36.66
P015,2026-06-14,51.55,77.87,7.95,8.15,4.49,4.46,3.09,8.13,8.42,83.0,15.34,116.93,73.3,97.95,36.65
P015,2026-06-15,50.96,78.92,8.02,8.12,4.62,4.4,3.05,8.18,8.54,82.98,15.33,116.86,73.27,98.04,36.64
P015,2026-06-16,51.7,77.59,7.93,8.07,4.42,4.32,3.01,8.24,8.37,82.97,15.32,116.77,73.23,97.91,36.62
P015,2026-06-17,53.2,74.92,7.75,8.01,4.02,4.23,2.96,8.32,8.03,82.95,15.31,116.68,73.18,97.65,36.61
P015,2026-06-18,54.27,73.01,7.62,7.94,3.73,4.12,2.92,8.39,7.78,82.93,15.29,116.59,73.14,97.46,36.58
P015,2026-06-19,54.07,73.35,7.65,7.87,3.76,4.02,2.87,8.48,7.82,82.91,15.28,116.49,73.09,97.49,36.56
P015,2026-06-20,52.71,75.77,7.82,7.8,4.08,3.91,2.82,8.56,8.11,82.9,15.26,116.39,73.05,97.71,36.54
P015,2026-06-21,51.16,78.52,8.01,7.73,4.44,3.8,2.77,8.65,8.45,82.88,15.25,116.28,73.0,97.96,36.52
P015,2026-06-22,50.54,79.61,8.09,7.67,4.57,3.69,2.72,8.73,8.57,82.86,15.23,116.17,72.94,98.05,36.49
P015,2026-06-23,51.28,78.29,8.0,7.61,4.36,3.6,2.66,8.81,8.4,82.84,15.22,116.06,72.89,97.92,36.48
P015,2026-06-24,52.75,75.66,7.83,7.57,3.96,3.51,2.61,8.87,8.06,82.82,15.2,115.94,72.84,97.66,36.46
P015,2026-06-25,53.82,73.76,7.7,7.54,3.67,3.44,2.55,8.93,7.82,82.8,15.19,115.83,72.78,97.48,36.45
P015,2026-06-26,53.61,74.12,7.73,7.52,3.69,3.39,2.5,8.97,7.85,82.77,15.17,115.71,72.73,97.5,36.44
P015,2026-06-27,52.23,76.56,7.9,7.52,4.01,3.35,2.44,9.0,8.15,82.75,15.15,115.59,72.67,97.72,36.43
P015,2026-06-28,50.68,79.31,8.09,7.53,4.37,3.33,2.39,9.02,8.48,82.73,15.14,115.48,72.62,97.97,36.43
P015,2026-06-29,50.06,80.41,8.17,7.57,4.5,3.33,2.33,9.02,8.61,82.71,15.12,115.36,72.56,98.07,36.43
P015,2026-06-30,50.79,79.1,8.09,7.61,4.29,3.35,2.27,9.01,8.44,82.69,15.1,115.24,72.51,97.93,36.44
P015,2026-07-01,52.66,75.82,7.84,7.57,3.95,3.47,2.35,8.91,8.07,82.67,15.09,115.23,72.5,97.67,36.45
P015,2026-07-02,53.33,74.56,7.78,7.75,3.6,3.43,2.16,8.95,7.85,82.65,15.07,115.02,72.4,97.49,36.47
P015,2026-07-03,54.3,72.99,7.61,7.53,3.8,3.77,2.51,8.66,7.8,82.63,15.05,115.21,72.5,97.48,36.49
P015,2026-07-04,53.32,74.77,7.71,7.53,4.17,3.93,2.59,8.52,8.06,82.61,15.04,115.2,72.5,97.69,36.51
P015,2026-07-05,52.16,76.87,7.84,7.52,4.59,4.1,2.68,8.38,8.37,82.59,15.02,115.2,72.5,97.93,36.53
P015,2026-07-06,49.6,81.16,8.25,8.13,4.43,3.73,1.96,8.74,8.64,82.57,15.01,114.6,72.2,98.08,36.55
P015,2026-07-07,53.08,75.33,7.69,7.52,4.63,4.45,2.85,8.1,8.26,82.55,15.0,115.21,72.51,97.87,36.58
P015,2026-07-08,54.96,72.02,7.45,7.52,5.29,4.62,2.94,7.96,7.89,82.54,14.98,115.22,72.52,97.6,36.6
P015,2026-07-09,56.43,69.46,7.25,7.5,5.06,4.79,3.03,7.82,7.61,82.52,14.97,115.24,72.53,97.4,36.62
P015,2026-07-10,52.73,75.58,7.88,8.49,4.57,4.02,1.79,8.52,7.92,82.51,14.96,114.24,72.04,97.53,36.64
P015,2026-07-11,51.38,77.97,8.04,8.56,4.89,4.07,1.76,8.48,8.21,82.49,14.95,114.17,72.0,97.75,36.65
P015,2026-07-12,49.85,80.68,8.23,8.61,5.25,4.11,1.73,8.46,8.54,82.48,14.94,114.1,71.97,97.99,36.66
P015,2026-07-13,49.26,81.72,8.3,8.64,5.38,4.13,1.7,8.45,8.67,82.47,14.93,114.04,71.94,98.09,36.67
P015,2026-07-14,50.43,79.69,8.14,8.56,5.24,4.22,1.81,8.36,8.46,82.46,14.92,114.09,71.97,97.94,36.67
P015,2026-07-15,52.35,76.33,7.89,8.45,4.91,4.3,1.92,8.29,8.09,82.45,14.92,114.15,72.0,97.67,36.67
P015,2026-07-16,53.85,73.71,7.69,8.33,3.68,4.36,2.04,8.23,7.81,82.45,14.91,114.21,72.03,97.47,36.66
P015,2026-07-17,54.09,73.33,7.64,8.19,3.77,4.41,2.16,8.18,7.81,82.44,14.91,114.28,72.07,97.49,36.65
P015,2026-07-18,53.18,75.01,7.73,8.04,4.15,4.44,2.28,8.15,8.07,82.44,14.9,114.36,72.11,97.69,36.64
P015,2026-07-19,52.08,77.01,7.85,7.87,4.58,4.46,2.41,8.12,8.37,82.43,14.9,114.45,72.15,97.93,36.62
P015,2026-07-20,51.92,77.34,7.85,7.69,4.78,4.47,2.54,8.1,8.46,82.43,14.9,114.54,72.2,98.01,36.6
P015,2026-07-21,52.32,76.59,7.82,7.71,4.52,4.28,2.41,8.25,8.32,82.43,14.9,114.44,72.14,97.89,36.58
P015,2026-07-22,53.47,74.49,7.7,7.73,4.07,4.09,2.27,8.41,8.0,82.43,14.9,114.34,72.1,97.64,36.55
P015,2026-07-23,54.2,73.14,7.63,7.75,3.73,3.9,2.14,8.57,7.78,82.43,14.9,114.25,72.05,97.46,36.53
P015,2026-07-24,53.67,74.03,7.71,7.76,3.71,3.72,2.02,8.72,7.84,82.44,14.91,114.17,72.01,97.5,36.51
P015,2026-07-25,51.98,76.98,7.94,7.79,3.98,3.54,1.9,8.87,8.16,82.44,14.91,114.1,71.97,97.73,36.49
P015,2026-07-26,50.11,80.25,8.18,7.82,4.3,3.38,1.78,9.01,8.52,82.45,14.92,114.03,71.94,97.99,36.47
P015,2026-07-27,49.19,81.85,8.31,7.85,4.38,3.22,1.66,9.14,8.67,82.46,14.92,113.97,71.91,98.09,36.45
P015,2026-07-28,50.01,80.38,8.21,7.8,4.18,3.18,1.69,9.17,8.49,82.47,14.93,114.02,71.93,97.95,36.44
P015,2026-07-29,51.59,77.58,8.02,7.76,3.8,3.16,1.71,9.19,8.15,82.48,14.94,114.08,71.96,97.7,36.43
P015,2026-07-30,52.76,75.51,7.87,7.74,3.52,3.15,1.75,9.19,7.89,82.49,14.95,114.15,71.99,97.51,36.43
P015,2026-07-31,52.66,75.69,7.88,7.73,3.57,3.16,1.78,9.18,7.92,82.5,14.96,114.22,72.02,97.53,36.43
P015,2026-08-01,51.4,77.94,8.03,7.74,3.9,3.19,1.82,9.15,8.21,82.52,14.97,114.29,72.06,97.74,36.44
P015,2026-08-02,49.96,80.51,8.21,7.76,4.28,3.24,1.86,9.11,8.53,82.53,14.98,114.38,72.1,97.99,36.45
P015,2026-08-03,49.46,81.4,8.27,7.8,4.42,3.31,1.9,9.06,8.65,82.55,14.99,114.47,72.14,98.08,36.46
P015,2026-08-04,50.31,79.9,8.16,7.85,4.23,3.39,1.94,9.0,8.47,82.57,15.01,114.56,72.18,97.95,36.48
P015,2026-08-05,51.91,77.06,7.96,7.9,3.85,3.49,1.99,8.92,8.12,82.58,15.02,114.66,72.23,97.69,36.49
P015,2026-08-06,53.1,74.95,7.81,7.97,3.58,3.59,2.04,8.84,7.86,82.6,15.03,114.76,72.28,97.5,36.52
P015,2026-08-07,53.02,75.1,7.82,8.04,3.62,3.7,2.09,8.76,7.89,82.62,15.05,114.87,72.33,97.52,36.54
P015,2026-08-08,51.78,77.32,7.97,8.11,3.96,3.81,2.14,8.67,8.18,82.64,15.06,114.98,72.38,97.73,36.56
P015,2026-08-09,50.35,79.86,8.14,8.18,4.34,3.92,2.2,8.59,8.5,82.66,15.08,115.09,72.43,97.98,36.58
P015,2026-08-10,49.87,80.73,8.19,8.24,4.48,4.02,2.25,8.51,8.62,82.68,15.1,115.2,72.49,98.07,36.61
P015,2026-08-11,50.73,79.21,8.09,8.3,4.29,4.12,2.31,8.43,8.43,82.7,15.11,115.32,72.54,97.93,36.62
P015,2026-08-12,52.34,76.35,7.89,8.34,3.92,4.2,2.36,8.37,8.09,82.72,15.13,115.43,72.6,97.67,36.64
P015,2026-08-13,53.54,74.23,7.74,8.37,3.64,4.28,2.42,8.31,7.83,82.74,15.15,115.55,72.65,97.48,36.65
P015,2026-08-14,53.47,74.37,7.74,8.39,3.69,4.33,2.48,8.27,7.85,82.77,15.16,115.67,72.71,97.5,36.66
P015,2026-08-15,52.23,76.58,7.89,8.39,4.02,4.37,2.53,8.24,8.14,82.79,15.18,115.79,72.76,97.72,36.67
P015,2026-08-16,50.81,79.11,8.06,8.38,4.41,4.39,2.59,8.22,8.46,82.81,15.2,115.9,72.82,97.96,36.67
P015,2026-08-17,50.32,79.99,8.12,8.35,4.55,4.39,2.65,8.22,8.58,82.83,15.21,116.02,72.87,98.05,36.67
P015,2026-08-18,51.18,78.46,8.01,8.3,4.36,4.37,2.7,8.23,8.4,82.85,15.23,116.13,72.92,97.92,36.66
P015,2026-08-19,52.79,75.61,7.81,8.24,3.99,4.34,2.75,8.25,8.05,82.87,15.24,116.24,72.98,97.66,36.65
P015,2026-08-20,53.98,73.5,7.66,8.17,3.71,4.29,2.8,8.29,7.79,82.89,15.26,116.35,73.03,97.47,36.63
P015,2026-08-21,53.9,73.65,7.67,8.08,3.76,4.22,2.85,8.33,7.82,82.91,15.27,116.45,73.08,97.49,36.61
P015,2026-08-22,52.65,75.88,7.82,7.99,4.09,4.15,2.9,8.39,8.11,82.93,15.29,116.55,73.12,97.71,36.59
P015,2026-08-23,51.22,78.43,7.99,7.89,4.47,4.07,2.95,8.45,8.43,82.94,15.3,116.65,73.17,97.95,36.57
P015,2026-08-24,50.72,79.33,8.05,7.79,4.61,3.99,2.99,8.51,8.55,82.96,15.31,116.74,73.21,98.04,36.55
P015,2026-08-25,51.57,77.83,7.94,7.69,4.42,3.9,3.03,8.57,8.37,82.98,15.33,116.83,73.25,97.91,36.52
P015,2026-08-26,53.56,74.34,7.67,7.5,4.1,3.92,3.21,8.55,7.99,82.99,15.34,117.01,73.34,97.64,36.5
P015,2026-08-27,55.13,71.61,7.46,7.31,3.88,3.94,3.38,8.52,7.7,83.0,15.35,117.19,73.43,97.43,36.48
P015,2026-08-28,55.43,71.13,7.4,7.13,3.98,3.97,3.55,8.48,7.7,83.02,15.36,117.36,73.51,97.44,36.46
P015,2026-08-29,54.56,72.74,7.49,6.96,4.37,4.01,3.72,8.43,7.96,83.03,15.37,117.53,73.59,97.65,36.45
P015,2026-08-30,53.51,74.67,7.6,6.81,4.81,4.07,3.88,8.37,8.26,83.04,15.37,117.68,73.67,97.88,36.44
P015,2026-08-31,53.38,74.95,7.59,6.67,5.01,4.14,4.04,8.3,8.34,83.05,15.38,117.84,73.75,97.96,36.43
P015,2026-09-01,54.61,72.83,7.42,6.55,4.87,4.23,4.2,8.22,8.13,83.05,15.39,117.98,73.82,97.82,36.43
P015,2026-09-02,55.77,70.71,7.3,6.66,4.43,4.15,4.08,8.3,7.82,83.06,15.39,117.91,73.78,97.57,36.43
P015,2026-09-03,56.51,69.34,7.22,6.79,4.09,4.09,3.95,8.36,7.6,83.06,15.4,117.83,73.74,97.39,36.44
P015,2026-09-04,55.98,70.23,7.31,6.93,4.07,4.04,3.82,8.41,7.66,83.07,15.4,117.75,73.7,97.43,36.45
P015,2026-09-05,54.28,73.2,7.53,7.08,4.33,4.01,3.69,8.44,7.98,83.07,15.4,117.65,73.65,97.66,36.46
P015,2026-09-06,52.39,76.51,7.78,7.25,4.65,3.99,3.56,8.47,8.34,83.07,15.4,117.55,73.6,97.92,36.48
P015,2026-09-07,51.83,77.51,7.85,7.33,4.78,4.07,3.55,8.41,8.46,83.07,15.4,117.54,73.6,98.01,36.5
P015,2026-09-08,51.83,77.41,7.89,7.62,4.46,3.97,3.27,8.51,8.35,83.07,15.4,117.33,73.49,97.9,36.52
P015,2026-09-09,54.53,72.75,7.51,7.4,4.25,4.34,3.66,8.2,7.91,83.06,15.39,117.61,73.63,97.61,36.55
P015,2026-09-10,56.03,70.13,7.3,7.39,4.02,4.52,3.78,8.04,7.63,83.06,15.39,117.68,73.67,97.41,36.57
P015,2026-09-11,56.26,69.77,7.26,7.38,4.11,4.7,3.9,7.9,7.64,83.05,15.39,117.75,73.7,97.42,36.59
P015,2026-09-12,52.98,75.35,7.76,7.97,4.14,4.32,3.21,8.25,8.08,83.04,15.38,117.2,73.43,97.69,36.61
P015,2026-09-13,54.2,73.54,7.48,7.34,4.91,5.04,4.12,7.62,8.2,83.03,15.37,117.85,73.76,97.86,36.63
P015,2026-09-14,54.0,73.93,7.48,7.31,5.1,5.18,4.23,7.49,8.3,83.02,15.36,117.9,73.78,97.94,36.65
P015,2026-09-15,55.15,71.93,7.32,7.26,4.96,5.32,4.33,7.38,8.09,83.01,15.35,117.93,73.8,97.8,36.66
P015,2026-09-16,53.14,75.05,7.74,8.21,4.05,4.51,3.09,8.11,8.02,83.0,15.34,116.95,73.31,97.65,36.67
P015,2026-09-17,54.22,73.12,7.61,8.24,3.76,4.52,3.06,8.11,7.77,82.98,15.33,116.88,73.28,97.46,36.67
P015,2026-09-18,54.03,73.45,7.64,8.25,3.78,4.51,3.02,8.12,7.81,82.97,15.32,116.79,73.24,97.48,36.67
P015,2026-09-19,52.68,75.85,7.81,8.24,4.1,4.47,2.98,8.15,8.1,82.95,15.31,116.7,73.2,97.7,36.66
P015,2026-09-20,51.13,78.58,8.0,8.22,4.47,4.42,2.93,8.19,8.43,82.94,15.3,116.61,73.15,97.95,36.65
P015,2026-09-21,50.53,79.66,8.07,8.19,4.6,4.35,2.88,8.24,8.56,82.92,15.28,116.51,73.11,98.05,36.64
P015,2026-09-22,51.26,78.34,7.99,8.14,4.39,4.27,2.83,8.31,8.39,82.9,15.27,116.41,73.06,97.91,36.63
P015,2026-09-23,52.75,75.69,7.81,8.09,4.99,4.18,2.78,8.38,8.05,82.88,15.25,116.31,73.01,97.66,36.61
P015,2026-09-24,53.81,73.79,7.68,8.02,4.7,4.07,2.73,8.46,7.8,82.86,15.24,116.2,72.96,97.47,36.58
P015,2026-09-25,53.61,74.15,7.71,7.95,4.72,3.96,2.68,8.55,7.84,82.84,15.22,116.09,72.9,97.5,36.56
P015,2026-09-26,52.24,76.58,7.88,7.89,5.04,3.85,2.62,8.63,8.13,82.82,15.21,115.97,72.85,97.72,36.54
P015,2026-09-27,50.68,79.33,8.07,7.82,5.4,3.74,2.57,8.72,8.47,82.8,15.19,115.86,72.8,97.96,36.52
P015,2026-09-28,50.06,80.43,8.15,7.76,5.53,3.64,2.51,8.8,8.59,82.78,15.17,115.74,72.74,98.06,36.49
P015,2026-09-29,50.79,79.12,8.06,7.7,5.32,3.54,2.46,8.88,8.42,82.76,15.16,115.62,72.69,97.93,36.48
P015,2026-09-30,52.27,76.48,7.89,7.66,4.92,3.45,2.4,8.94,8.08,82.74,15.14,115.51,72.63,97.67,36.46
P015,2026-10-01,53.33,74.59,7.76,7.62,3.63,3.38,2.34,9.0,7.84,82.72,15.12,115.39,72.57,97.48,36.45
P015,2026-10-02,53.12,74.95,7.79,7.61,3.65,3.33,2.29,9.04,7.87,82.69,15.11,115.27,72.52,97.51,36.44
P015,2026-10-03,51.75,77.38,7.96,7.6,3.97,3.29,2.23,9.08,8.17,82.67,15.09,115.16,72.47,97.73,36.43
P015,2026-10-04,50.19,80.14,8.15,7.62,4.33,3.27,2.18,9.09,8.5,82.65,15.07,115.04,72.41,97.98,36.43
P015,2026-10-05,49.58,81.22,8.23,7.65,4.46,3.27,2.12,9.09,8.63,82.63,15.06,114.93,72.36,98.07,36.43
P015,2026-10-06,50.31,79.91,8.14,7.69,4.25,3.29,2.07,9.08,8.46,82.61,15.04,114.83,72.31,97.94,36.44
P016,2026-04-10,51.42,77.27,7.87,7.92,2.47,2.53,1.77,8.88,7.99,83.89,15.24,114.33,72.21,97.59,36.5
P016,2026-04-11,50.32,79.29,7.99,7.73,2.91,2.55,1.92,8.86,8.29,83.89,15.24,114.46,72.28,97.83,36.48
P016,2026-04-12,49.51,80.79,8.07,7.56,3.28,2.57,2.07,8.83,8.54,83.9,15.24,114.6,72.35,98.02,36.46
P016,2026-04-13,49.92,80.12,8.0,7.39,3.35,2.61,2.23,8.78,8.51,83.91,15.25,114.75,72.42,98.01,36.45
P016,2026-04-14,51.56,77.26,7.78,7.24,3.11,2.67,2.39,8.72,8.21,83.91,15.26,114.9,72.49,97.8,36.44
P016,2026-04-15,53.52,73.83,7.52,7.1,2.79,2.74,2.56,8.65,7.83,83.93,15.27,115.06,72.57,97.53,36.43
P016,2026-04-16,54.64,71.88,7.36,6.98,2.68,2.83,2.72,8.57,7.65,83.94,15.27,115.23,72.65,97.4,36.43
P016,2026-04-17,53.62,73.66,7.5,7.08,2.79,2.76,2.62,8.64,7.82,83.95,15.28,115.19,72.64,97.52,36.43
P016,2026-04-18,51.74,76.95,7.75,7.2,3.12,2.7,2.52,8.69,8.19,83.96,15.3,115.17,72.62,97.79,36.44
P016,2026-04-19,50.16,79.72,7.96,7.33,3.38,2.66,2.42,8.74,8.49,83.98,15.31,115.14,72.61,98.0,36.45
P016,2026-04-20,49.79,80.33,8.02,7.47,3.33,2.64,2.33,8.77,8.52,83.99,15.32,115.13,72.6,98.02,36.46
P016,2026-04-21,50.65,78.75,7.93,7.63,2.97,2.63,2.24,8.78,8.27,84.01,15.33,115.12,72.59,97.82,36.48
P016,2026-04-22,51.84,76.6,7.8,7.79,2.54,2.63,2.15,8.79,7.96,84.03,15.35,115.11,72.58,97.58,36.5
P016,2026-04-23,52.18,75.94,7.78,7.96,2.32,2.64,2.06,8.8,7.83,84.05,15.36,115.11,72.58,97.47,36.52
P016,2026-04-24,51.58,77.02,7.85,8.03,2.49,2.75,2.11,8.71,7.98,84.07,15.38,115.21,72.63,97.58,36.55
P016,2026-04-25,50.12,79.62,8.02,8.1,2.88,2.86,2.16,8.63,8.31,84.09,15.39,115.32,72.68,97.83,36.57
P016,2026-04-26,48.95,81.7,8.16,8.17,3.2,2.97,2.21,8.54,8.58,84.11,15.41,115.43,72.73,98.04,36.59
P016,2026-04-27,49.0,81.62,8.15,8.23,3.21,3.07,2.27,8.46,8.58,84.13,15.42,115.54,72.78,98.04,36.61
P016,2026-04-28,50.28,79.36,7.99,8.29,2.92,3.17,2.32,8.39,8.3,84.15,15.44,115.66,72.84,97.83,36.63
P016,2026-04-29,51.87,76.54,7.79,8.33,2.55,3.25,2.38,8.33,7.96,84.17,15.46,115.78,72.89,97.58,36.65
P016,2026-04-30,52.63,75.2,7.7,8.36,2.39,3.31,2.44,8.27,7.8,84.19,15.47,115.89,72.95,97.46,36.66
P016,2026-05-01,52.04,76.27,7.77,8.37,2.56,3.36,2.49,8.23,7.94,84.21,15.49,116.01,73.0,97.57,36.67
P016,2026-05-02,50.58,78.86,7.94,8.37,2.95,3.39,2.55,8.21,8.27,84.23,15.51,116.13,73.06,97.82,36.67
P016,2026-05-03,49.42,80.94,8.08,8.35,3.27,3.41,2.6,8.19,8.54,84.25,15.52,116.25,73.11,98.02,36.67
P016,2026-05-04,49.47,80.86,8.07,8.31,3.28,3.4,2.66,8.2,8.54,84.27,15.54,116.36,73.17,98.02,36.66
P016,2026-05-05,50.74,78.6,7.91,8.26,2.99,3.38,2.71,8.21,8.27,84.29,15.55,116.47,73.22,97.82,36.66
P016,2026-05-06,52.33,75.78,7.72,8.19,2.62,3.34,2.77,8.24,7.92,84.31,15.57,116.58,73.27,97.56,36.64
P016,2026-05-07,53.09,74.45,7.62,8.12,2.45,3.29,2.82,8.28,7.76,84.33,15.59,116.69,73.33,97.45,36.63
P016,2026-05-08,52.48,75.53,7.69,8.03,2.63,3.22,2.87,8.32,7.91,84.35,15.6,116.8,73.38,97.56,36.61
P016,2026-05-09,51.02,78.14,7.87,7.93,3.02,3.15,2.92,8.38,8.24,84.37,15.61,116.9,73.42,97.81,36.59
P016,2026-05-10,49.85,80.23,8.01,7.83,3.33,3.07,2.97,8.44,8.51,84.39,15.63,117.0,73.47,98.01,36.56
P016,2026-05-11,49.88,80.18,8.0,7.73,3.34,2.98,3.01,8.5,8.51,84.41,15.64,117.09,73.51,98.01,36.54
P016,2026-05-12,51.14,77.94,7.84,7.64,3.05,2.9,3.05,8.56,8.23,84.42,15.65,117.18,73.55,97.81,36.52
P016,2026-05-13,52.72,75.15,7.65,7.54,2.67,2.82,3.09,8.62,7.89,84.44,15.67,117.26,73.59,97.55,36.5
P016,2026-05-14,53.45,73.85,7.56,7.46,2.51,2.75,3.13,8.67,7.73,84.45,15.68,117.33,73.63,97.44,36.48
P016,2026-05-15,52.83,74.97,7.63,7.39,2.68,2.69,3.16,8.72,7.88,84.46,15.69,117.4,73.66,97.55,36.46
P016,2026-05-16,51.34,77.61,7.81,7.33,3.06,2.64,3.19,8.75,8.21,84.47,15.69,117.47,73.69,97.8,36.45
P016,2026-05-17,50.15,79.74,7.96,7.28,3.38,2.61,3.22,8.77,8.49,84.49,15.7,117.52,73.72,98.0,36.44
P016,2026-05-18,50.16,79.73,7.95,7.26,3.39,2.6,3.24,8.79,8.49,84.49,15.71,117.57,73.74,98.0,36.43
P016,2026-05-19,51.39,77.53,7.8,7.25,3.09,2.6,3.26,8.78,8.22,84.5,15.72,117.62,73.76,97.8,36.43
P016,2026-05-20,52.94,74.79,7.61,7.25,2.71,2.62,3.28,8.77,7.87,84.51,15.72,117.65,73.78,97.55,36.43
P016,2026-05-21,53.64,73.53,7.52,7.28,2.54,2.65,3.29,8.74,7.72,84.51,15.72,117.68,73.79,97.43,36.44
P016,2026-05-22,52.99,74.7,7.6,7.32,2.7,2.71,3.3,8.7,7.87,84.52,15.73,117.7,73.8,97.54,36.45
P016,2026-05-23,51.88,76.73,7.72,7.27,3.14,2.87,3.45,8.57,8.17,84.52,15.73,117.82,73.86,97.78,36.47
P016,2026-05-24,51.05,78.25,7.8,7.24,3.51,3.04,3.59,8.42,8.42,84.52,15.73,117.92,73.91,97.98,36.49
P016,2026-05-25,51.43,77.63,7.74,7.21,3.57,3.22,3.72,8.27,8.39,84.52,15.73,118.02,73.96,97.97,36.51
P016,2026-05-26,53.04,74.82,7.52,7.19,3.33,3.4,3.85,8.12,8.09,84.52,15.73,118.12,74.01,97.75,36.53
P016,2026-05-27,54.95,71.47,7.27,7.18,3.0,3.59,3.98,7.96,7.72,84.51,15.73,118.2,74.05,97.49,36.55
P016,2026-05-28,56.03,69.61,7.12,7.16,2.89,3.78,4.1,7.81,7.54,84.51,15.72,118.28,74.09,97.36,36.58
P016,2026-05-29,55.74,70.16,7.13,7.15,3.11,3.96,4.22,7.66,7.66,84.5,15.72,118.35,74.13,97.46,36.6
P016,2026-05-30,53.8,73.56,7.39,7.33,3.43,3.94,4.07,7.69,8.03,84.5,15.71,118.2,74.05,97.73,36.62
P016,2026-05-31,52.14,76.46,7.61,7.51,3.67,3.91,3.91,7.72,8.33,84.49,15.7,118.05,73.98,97.94,36.64
P016,2026-06-01,51.69,77.2,7.69,7.68,3.61,3.87,3.74,7.77,8.37,84.48,15.7,117.89,73.9,97.96,36.65
P016,2026-06-02,52.46,75.77,7.62,7.83,3.25,3.82,3.58,7.83,8.13,84.46,15.69,117.72,73.82,97.77,36.66
P016,2026-06-03,53.55,73.79,7.51,7.97,2.8,3.74,3.41,7.9,7.83,84.45,15.68,117.55,73.74,97.53,36.67
P016,2026-06-04,53.79,73.29,7.5,8.09,2.56,3.65,3.23,7.98,7.71,84.44,15.67,117.37,73.65,97.43,36.67
P016,2026-06-05,52.68,75.21,7.65,8.2,2.66,3.53,3.06,8.08,7.89,84.42,15.65,117.19,73.56,97.55,36.67
P016,2026-06-06,51.11,77.99,7.85,8.19,3.03,3.49,3.02,8.12,8.23,84.41,15.64,117.1,73.52,97.8,36.66
P016,2026-06-07,49.83,80.27,8.01,8.17,3.33,3.44,2.97,8.16,8.51,84.39,15.63,117.01,73.47,98.01,36.65
P016,2026-06-08,49.75,80.39,8.02,8.13,3.33,3.37,2.92,8.22,8.52,84.37,15.62,116.91,73.43,98.02,36.64
P016,2026-06-09,50.91,78.34,7.88,8.08,3.02,3.28,2.88,8.28,8.25,84.36,15.6,116.81,73.38,97.82,36.62
P016,2026-06-10,52.37,75.72,7.71,8.02,2.63,3.18,2.83,8.36,7.92,84.34,15.59,116.71,73.33,97.56,36.6
P016,2026-06-11,53.0,74.6,7.63,7.95,2.44,3.08,2.77,8.44,7.77,84.32,15.57,116.6,73.28,97.45,36.58
P016,2026-06-12,52.27,75.89,7.72,7.88,2.6,2.97,2.72,8.53,7.92,84.3,15.56,116.49,73.23,97.56,36.56
P016,2026-06-13,50.68,78.7,7.92,7.82,2.97,2.85,2.67,8.62,8.26,84.28,15.54,116.37,73.17,97.82,36.53
P016,2026-06-14,49.39,81.0,8.08,7.75,3.27,2.75,2.61,8.7,8.54,84.26,15.52,116.26,73.12,98.02,36.51
P016,2026-06-15,49.3,81.14,8.1,7.69,3.26,2.64,2.56,8.78,8.55,84.23,15.51,116.14,73.07,98.03,36.49
P016,2026-06-16,50.45,79.1,7.96,7.64,2.95,2.55,2.5,8.85,8.29,84.21,15.49,116.02,73.01,97.83,36.47
P016,2026-06-17,51.9,76.5,7.79,7.6,2.56,2.47,2.44,8.92,7.95,84.19,15.47,115.91,72.95,97.58,36.45
P016,2026-06-18,52.53,75.38,7.71,7.57,2.38,2.4,2.39,8.97,7.8,84.17,15.46,115.79,72.9,97.46,36.44
P016,2026-06-19,51.79,76.67,7.81,7.55,2.53,2.35,2.33,9.01,7.96,84.15,15.44,115.67,72.84,97.58,36.43
P016,2026-06-20,50.21,79.49,8.0,7.56,2.9,2.32,2.27,9.04,8.3,84.13,15.42,115.56,72.79,97.83,36.43
P016,2026-06-21,48.91,81.78,8.16,7.58,3.2,2.31,2.22,9.05,8.58,84.11,15.41,115.44,72.74,98.04,36.43
P016,2026-06-22,48.83,81.92,8.18,7.61,3.19,2.31,2.17,9.05,8.59,84.09,15.39,115.33,72.68,98.04,36.44
P016,2026-06-23,49.98,79.87,8.04,7.66,2.88,2.33,2.11,9.03,8.32,84.07,15.38,115.22,72.63,97.84,36.44
P016,2026-06-24,51.44,77.26,7.86,7.73,2.49,2.37,2.06,9.0,7.99,84.05,15.36,115.12,72.58,97.59,36.46
P016,2026-06-25,52.07,76.13,7.79,7.8,2.31,2.43,2.01,8.97,7.84,84.03,15.35,115.02,72.53,97.48,36.47
P016,2026-06-26,51.35,77.4,7.88,7.89,2.47,2.5,1.97,8.92,7.99,84.01,15.33,114.92,72.49,97.59,36.49
P016,2026-06-27,49.78,80.19,8.07,7.98,2.84,2.57,1.92,8.86,8.33,84.0,15.32,114.83,72.45,97.84,36.51
P016,2026-06-28,48.49,82.47,8.23,8.08,3.14,2.65,1.88,8.8,8.61,83.98,15.31,114.74,72.4,98.05,36.54
P016,2026-06-29,48.43,82.58,8.24,8.18,3.14,2.74,1.84,8.74,8.62,83.96,15.3,114.66,72.36,98.05,36.56
P016,2026-06-30,49.6,80.5,8.1,8.28,2.83,2.82,1.8,8.68,8.35,83.95,15.29,114.58,72.33,97.85,36.58
P016,2026-07-01,51.08,77.85,7.92,8.37,2.44,2.9,1.77,8.62,8.01,83.94,15.28,114.51,72.3,97.6,36.6
P016,2026-07-02,51.73,76.69,7.85,8.45,2.26,2.97,1.74,8.56,7.86,83.93,15.27,114.44,72.26,97.49,36.62
P016,2026-07-03,51.04,77.92,7.93,8.52,2.42,3.04,1.71,8.52,8.01,83.92,15.26,114.39,72.24,97.6,36.64
P016,2026-07-04,49.49,80.67,8.12,8.58,2.8,3.09,1.69,8.48,8.35,83.91,15.25,114.34,72.21,97.85,36.65
P016,2026-07-05,48.63,82.24,8.21,8.52,3.16,3.21,1.8,8.37,8.6,83.9,15.24,114.4,72.25,98.05,36.66
P016,2026-07-06,48.99,81.65,8.15,8.44,3.22,3.33,1.92,8.27,8.57,83.89,15.24,114.46,72.28,98.04,36.67
P016,2026-07-07,50.59,78.86,7.93,8.34,2.97,3.42,2.05,8.19,8.27,83.89,15.24,114.54,72.32,97.82,36.67
P016,2026-07-08,52.5,75.51,7.68,8.23,2.65,3.5,2.17,8.12,7.9,83.88,15.23,114.62,72.36,97.56,36.67
P016,2026-07-09,53.59,73.64,7.53,8.1,2.54,3.56,2.3,8.06,7.72,83.88,15.23,114.71,72.41,97.43,36.66
P016,2026-07-10,53.32,74.16,7.54,7.95,2.76,3.6,2.44,8.01,7.84,83.88,15.23,114.81,72.46,97.53,36.65
P016,2026-07-11,52.2,76.2,7.66,7.79,3.2,3.63,2.57,7.98,8.14,83.88,15.23,114.92,72.51,97.77,36.63
P016,2026-07-12,50.57,79.04,7.88,7.83,3.45,3.46,2.44,8.12,8.45,83.88,15.23,114.82,72.46,97.99,36.61
P016,2026-07-13,50.17,79.71,7.95,7.85,3.39,3.29,2.31,8.27,8.48,83.89,15.23,114.74,72.42,98.0,36.59
P016,2026-07-14,50.99,78.2,7.86,7.87,3.04,3.1,2.19,8.42,8.24,83.89,15.24,114.66,72.38,97.81,36.57
P016,2026-07-15,52.14,76.11,7.74,7.88,2.6,2.92,2.07,8.57,7.93,83.9,15.24,114.59,72.34,97.57,36.55
P016,2026-07-16,52.45,75.51,7.72,7.89,2.37,2.73,1.95,8.72,7.81,83.9,15.25,114.53,72.31,97.46,36.52
P016,2026-07-17,51.41,77.3,7.87,7.9,2.48,2.55,1.84,8.87,7.98,83.91,15.26,114.47,72.28,97.59,36.5
P016,2026-07-18,49.52,80.61,8.12,7.92,2.81,2.38,1.73,9.01,8.35,83.92,15.26,114.42,72.25,97.85,36.48
P016,2026-07-19,48.33,82.74,8.26,7.85,3.12,2.32,1.76,9.06,8.62,83.93,15.27,114.48,72.28,98.05,36.46
P016,2026-07-20,48.35,82.71,8.26,7.78,3.13,2.27,1.79,9.1,8.62,83.95,15.28,114.55,72.32,98.06,36.45
P016,2026-07-21,49.6,80.49,8.1,7.73,2.83,2.23,1.83,9.13,8.35,83.96,15.29,114.63,72.35,97.85,36.44
P016,2026-07-22,51.18,77.7,7.91,7.69,2.46,2.21,1.87,9.14,8.0,83.97,15.3,114.71,72.39,97.6,36.43
P016,2026-07-23,51.92,76.39,7.81,7.67,2.29,2.21,1.91,9.13,7.85,83.99,15.32,114.79,72.43,97.48,36.43
P016,2026-07-24,51.3,77.48,7.89,7.67,2.47,2.23,1.95,9.12,7.99,84.01,15.33,114.89,72.47,97.59,36.43
P016,2026-07-25,49.84,80.09,8.06,7.68,2.85,2.27,2.0,9.09,8.32,84.02,15.34,114.98,72.52,97.84,36.44
P016,2026-07-26,48.67,82.19,8.2,7.7,3.17,2.33,2.05,9.04,8.59,84.04,15.36,115.08,72.57,98.04,36.45
P016,2026-07-27,48.71,82.12,8.19,7.74,3.18,2.4,2.1,8.98,8.59,84.06,15.37,115.19,72.61,98.04,36.46
P016,2026-07-28,49.98,79.86,8.04,7.79,2.89,2.49,2.15,8.92,8.32,84.08,15.39,115.29,72.67,97.84,36.48
P016,2026-07-29,51.57,77.05,7.84,7.84,2.52,2.59,2.2,8.84,7.97,84.1,15.4,115.4,72.72,97.58,36.5
P016,2026-07-30,52.33,75.71,7.74,7.91,2.35,2.7,2.25,8.76,7.82,84.12,15.42,115.52,72.77,97.47,36.52
P016,2026-07-31,51.73,76.78,7.81,7.98,2.53,2.81,2.31,8.67,7.96,84.14,15.43,115.63,72.82,97.58,36.54
P016,2026-08-01,50.28,79.38,7.99,8.05,2.92,2.92,2.37,8.58,8.29,84.16,15.45,115.75,72.88,97.83,36.57
P016,2026-08-02,49.11,81.45,8.13,8.11,3.24,3.03,2.42,8.5,8.56,84.18,15.47,115.86,72.93,98.03,36.59
P016,2026-08-03,49.16,81.37,8.12,8.17,3.25,3.13,2.48,8.42,8.56,84.21,15.48,115.98,72.99,98.03,36.61
P016,2026-08-04,50.44,79.11,7.96,8.23,2.96,3.22,2.53,8.34,8.28,84.23,15.5,116.1,73.05,97.83,36.63
P016,2026-08-05,52.03,76.28,7.76,8.27,2.59,3.31,2.59,8.28,7.94,84.25,15.52,116.22,73.1,97.57,36.65
P016,2026-08-06,52.79,74.95,7.66,8.3,2.42,3.37,2.65,8.23,7.78,84.27,15.53,116.33,73.16,97.45,36.66
P016,2026-08-07,52.19,76.02,7.73,8.31,2.6,3.42,2.7,8.19,7.92,84.29,15.55,116.45,73.21,97.56,36.67
P016,2026-08-08,50.74,78.62,7.91,8.31,2.99,3.45,2.76,8.16,8.25,84.31,15.57,116.56,73.26,97.81,36.67
P016,2026-08-09,49.57,80.7,8.05,8.29,3.3,3.47,2.81,8.15,8.52,84.33,15.58,116.67,73.31,98.02,36.67
P016,2026-08-10,49.61,80.63,8.04,8.26,3.32,3.46,2.86,8.15,8.52,84.35,15.6,116.77,73.36,98.02,36.66
P016,2026-08-11,50.88,78.38,7.88,8.21,3.02,3.44,2.91,8.17,8.25,84.37,15.61,116.87,73.41,97.81,36.66
P016,2026-08-12,52.47,75.58,7.68,8.14,2.65,3.4,2.95,8.2,7.9,84.39,15.62,116.97,73.46,97.56,36.64
P016,2026-08-13,53.21,74.26,7.59,8.07,2.48,3.34,3.0,8.24,7.75,84.4,15.64,117.07,73.5,97.44,36.63
P016,2026-08-14,52.6,75.36,7.66,7.98,2.66,3.27,3.04,8.29,7.89,84.42,15.65,117.15,73.54,97.55,36.61
P016,2026-08-15,51.13,77.98,7.84,7.89,3.05,3.2,3.08,8.34,8.22,84.43,15.66,117.24,73.58,97.8,36.59
P016,2026-08-16,49.94,80.09,7.98,7.8,3.36,3.11,3.12,8.41,8.49,84.45,15.67,117.32,73.62,98.01,36.56
P016,2026-08-17,50.36,79.4,7.91,7.59,3.43,3.12,3.29,8.39,8.46,84.46,15.68,117.49,73.7,98.0,36.54
P016,2026-08-18,52.01,76.52,7.69,7.4,3.19,3.13,3.46,8.37,8.16,84.47,15.69,117.66,73.79,97.78,36.52
P016,2026-08-19,53.97,73.09,7.43,7.2,2.87,3.14,3.62,8.34,7.79,84.48,15.7,117.82,73.87,97.51,36.5
P016,2026-08-20,55.09,71.16,7.27,7.02,2.76,3.16,3.79,8.31,7.6,84.49,15.71,117.98,73.94,97.39,36.48
P016,2026-08-21,54.86,71.64,7.28,6.85,2.99,3.19,3.94,8.27,7.72,84.5,15.71,118.13,74.02,97.48,36.46
P016,2026-08-22,53.76,73.64,7.39,6.69,3.43,3.24,4.1,8.23,8.02,84.51,15.72,118.27,74.09,97.72,36.45
P016,2026-08-23,52.94,75.15,7.47,6.54,3.8,3.29,4.25,8.17,8.26,84.51,15.72,118.4,74.15,97.92,36.44
P016,2026-08-24,52.54,75.81,7.54,6.62,3.75,3.18,4.12,8.27,8.3,84.52,15.73,118.32,74.11,97.93,36.43
P016,2026-08-25,53.36,74.31,7.46,6.72,3.39,3.08,3.99,8.36,8.06,84.52,15.73,118.23,74.06,97.74,36.43
P016,2026-08-26,54.48,72.25,7.34,6.84,2.95,3.0,3.86,8.43,7.75,84.52,15.73,118.13,74.02,97.5,36.43
P016,2026-08-27,54.77,71.68,7.32,6.97,2.72,2.94,3.72,8.49,7.63,84.52,15.73,118.03,73.96,97.39,36.44
P016,2026-08-28,53.7,73.54,7.47,7.12,2.82,2.89,3.58,8.54,7.8,84.52,15.73,117.91,73.91,97.52,36.45
P016,2026-08-29,51.77,76.91,7.73,7.28,3.14,2.86,3.44,8.58,8.17,84.51,15.73,117.79,73.85,97.78,36.47
P016,2026-08-30,50.13,79.79,7.95,7.46,3.39,2.84,3.29,8.61,8.48,84.51,15.72,117.66,73.78,98.0,36.49
P016,2026-08-31,50.09,79.85,7.96,7.54,3.39,2.92,3.27,8.55,8.48,84.5,15.72,117.63,73.77,98.0,36.51
P016,2026-09-01,51.28,77.73,7.81,7.63,3.08,3.01,3.25,8.48,8.22,84.5,15.71,117.59,73.75,97.8,36.53
P016,2026-09-02,52.78,75.07,7.63,7.72,2.7,3.1,3.23,8.41,7.88,84.49,15.71,117.54,73.73,97.55,36.55
P016,2026-09-03,53.43,73.89,7.55,7.82,2.52,3.19,3.2,8.35,7.73,84.48,15.7,117.49,73.7,97.43,36.58
P016,2026-09-04,52.74,75.13,7.64,7.91,2.68,3.27,3.17,8.29,7.88,84.47,15.69,117.43,73.67,97.55,36.6
P016,2026-09-05,51.18,77.9,7.83,7.99,3.06,3.34,3.14,8.23,8.22,84.46,15.68,117.36,73.64,97.8,36.62
P016,2026-09-06,49.9,80.16,7.99,8.07,3.36,3.41,3.11,8.18,8.5,84.44,15.67,117.29,73.61,98.01,36.64
P016,2026-09-07,49.84,80.26,8.0,8.14,3.35,3.46,3.07,8.15,8.5,84.43,15.66,117.21,73.57,98.01,36.65
P016,2026-09-08,51.0,78.19,7.86,8.19,3.04,3.49,3.03,8.12,8.24,84.41,15.65,117.12,73.53,97.81,36.66
P016,2026-09-09,52.47,75.57,7.68,8.23,2.65,3.51,2.98,8.11,7.9,84.4,15.63,117.03,73.48,97.56,36.67
P016,2026-09-10,53.11,74.43,7.61,8.26,2.47,3.51,2.94,8.12,7.75,84.38,15.62,116.94,73.44,97.44,36.67
P016,2026-09-11,52.39,75.71,7.7,8.26,2.63,3.48,2.89,8.13,7.9,84.36,15.61,116.84,73.39,97.56,36.67
P016,2026-09-12,50.81,78.51,7.89,8.26,3.0,3.44,2.84,8.17,8.25,84.34,15.59,116.73,73.34,97.81,36.66
P016,2026-09-13,49.51,80.8,8.05,8.23,3.3,3.39,2.79,8.21,8.52,84.32,15.58,116.62,73.29,98.02,36.65
P016,2026-09-14,49.43,80.93,8.07,8.2,3.3,3.31,2.73,8.27,8.53,84.3,15.56,116.51,73.24,98.02,36.64
P016,2026-09-15,50.58,78.89,7.93,8.15,2.98,3.22,2.68,8.34,8.27,84.28,15.54,116.4,73.19,97.82,36.62
P016,2026-09-16,52.04,76.29,7.75,8.09,2.59,3.13,2.63,8.42,7.93,84.26,15.53,116.29,73.13,97.57,36.6
P016,2026-09-17,52.66,75.17,7.68,8.03,2.41,3.02,2.57,8.5,7.79,84.24,15.51,116.17,73.08,97.46,36.58
P016,2026-09-18,51.93,76.46,7.77,7.96,2.56,2.91,2.51,8.59,7.94,84.22,15.49,116.05,73.02,97.57,36.56
P016,2026-09-19,50.34,79.28,7.97,7.89,2.93,2.8,2.46,8.68,8.28,84.2,15.48,115.94,72.97,97.82,36.53
P016,2026-09-20,49.04,81.58,8.13,7.82,3.23,2.69,2.4,8.76,8.56,84.18,15.46,115.82,72.91,98.03,36.51
P016,2026-09-21,48.96,81.72,8.15,7.76,3.23,2.58,2.34,8.84,8.57,84.15,15.44,115.7,72.86,98.04,36.49
P016,2026-09-22,50.1,79.68,8.01,7.71,2.91,2.49,2.29,8.91,8.31,84.13,15.43,115.59,72.8,97.84,36.47
P016,2026-09-23,51.56,77.08,7.84,7.67,2.52,2.41,2.23,8.98,7.97,84.11,15.41,115.47,72.75,97.58,36.45
P016,2026-09-24,52.18,75.95,7.76,7.64,2.34,2.34,2.18,9.03,7.82,84.09,15.4,115.36,72.7,97.47,36.44
P016,2026-09-25,51.46,77.24,7.85,7.63,2.5,2.29,2.13,9.07,7.97,84.07,15.38,115.25,72.65,97.58,36.43
P016,2026-09-26,49.87,80.04,8.05,7.63,2.87,2.26,2.08,9.1,8.32,84.05,15.37,115.14,72.6,97.84,36.43
P016,2026-09-27,48.58,82.33,8.21,7.64,3.17,2.25,2.03,9.11,8.59,84.03,15.35,115.04,72.55,98.04,36.43
P016,2026-09-28,48.51,82.45,8.22,7.68,3.16,2.26,1.98,9.1,8.6,84.02,15.34,114.94,72.5,98.05,36.44
P016,2026-09-29,50.07,79.73,8.02,7.62,2.91,2.38,2.07,9.0,8.31,84.0,15.32,114.95,72.51,97.84,36.44
P016,2026-09-30,51.94,76.45,7.77,7.58,2.58,2.51,2.16,8.89,7.94,83.98,15.31,114.97,72.52,97.57,36.46
P016,2026-10-01,52.98,74.64,7.63,7.55,2.46,2.66,2.26,8.76,7.76,83.97,15.3,114.99,72.53,97.45,36.47
P016,2026-10-02,52.67,75.23,7.65,7.53,2.68,2.83,2.36,8.63,7.88,83.95,15.29,115.01,72.54,97.55,36.49
P016,2026-10-03,51.51,77.34,7.77,7.52,3.11,3.0,2.46,8.48,8.19,83.94,15.28,115.04,72.56,97.79,36.51
P016,2026-10-04,50.64,78.94,7.86,7.51,3.47,3.18,2.57,8.33,8.44,83.93,15.27,115.08,72.58,97.98,36.54
P016,2026-10-05,50.99,78.36,7.8,7.5,3.53,3.36,2.67,8.18,8.41,83.92,15.26,115.13,72.61,97.98,36.56
P016,2026-10-06,51.77,76.92,7.72,7.69,3.16,3.35,2.51,8.2,8.18,83.91,15.25,114.97,72.53,97.79,36.58
P017,2026-04-10,53.08,75.37,7.36,6.65,4.15,4.07,3.68,8.33,7.72,85.45,15.66,116.53,73.42,97.53,36.43
P017,2026-04-11,51.22,78.63,7.61,6.76,4.49,4.02,3.58,8.38,8.1,85.47,15.67,116.52,73.41,97.8,36.44
P017,2026-04-12,50.09,80.6,7.76,6.89,4.64,3.99,3.5,8.41,8.31,85.49,15.68,116.52,73.41,97.95,36.45
P017,2026-04-13,50.31,80.16,7.76,7.04,4.46,3.98,3.41,8.43,8.22,85.51,15.7,116.51,73.4,97.87,36.47
P017,2026-04-14,51.49,78.03,7.63,7.19,4.04,3.97,3.32,8.44,7.91,85.53,15.71,116.52,73.4,97.63,36.49
P017,2026-04-15,52.91,75.51,7.45,7.25,3.72,4.07,3.38,8.36,7.62,85.55,15.73,116.63,73.46,97.41,36.51
P017,2026-04-16,53.18,75.03,7.42,7.31,3.69,4.18,3.43,8.27,7.57,85.57,15.74,116.74,73.51,97.38,36.53
P017,2026-04-17,52.18,76.81,7.54,7.37,3.98,4.29,3.48,8.18,7.81,85.59,15.76,116.85,73.56,97.57,36.55
P017,2026-04-18,50.74,79.39,7.71,7.45,4.37,4.4,3.54,8.1,8.15,85.61,15.78,116.97,73.62,97.82,36.57
P017,2026-04-19,50.02,80.68,7.8,7.5,4.59,4.51,3.6,8.01,8.33,85.63,15.79,117.09,73.67,97.96,36.6
P017,2026-04-20,50.65,79.57,7.72,7.56,4.47,4.61,3.65,7.92,8.21,85.65,15.81,117.2,73.73,97.87,36.62
P017,2026-04-21,52.23,76.76,7.53,7.61,4.11,4.7,3.71,7.85,7.88,85.67,15.83,117.32,73.78,97.62,36.63
P017,2026-04-22,53.66,74.24,7.35,7.64,3.79,4.78,3.77,7.79,7.58,85.69,15.84,117.44,73.84,97.4,36.65
P017,2026-04-23,53.94,73.75,7.31,7.66,3.76,4.84,3.82,7.73,7.54,85.71,15.86,117.55,73.89,97.37,36.66
P017,2026-04-24,52.93,75.55,7.44,7.67,4.04,4.88,3.88,7.7,7.78,85.73,15.88,117.67,73.95,97.55,36.67
P017,2026-04-25,51.49,78.13,7.61,7.65,4.44,4.91,3.93,7.67,8.12,85.75,15.89,117.78,74.0,97.81,36.67
P017,2026-04-26,50.76,79.42,7.71,7.62,4.66,4.92,3.98,7.65,8.3,85.77,15.91,117.89,74.05,97.94,36.67
P017,2026-04-27,51.39,78.33,7.63,7.59,4.54,4.91,4.03,7.66,8.18,85.79,15.92,118.0,74.1,97.86,36.66
P017,2026-04-28,52.96,75.53,7.43,7.53,4.18,4.88,4.08,7.68,7.84,85.81,15.94,118.1,74.15,97.61,36.65
P017,2026-04-29,54.38,73.02,7.26,7.45,3.86,4.83,4.13,7.7,7.55,85.83,15.95,118.2,74.2,97.39,36.64
P017,2026-04-30,54.65,72.55,7.22,7.38,3.82,4.77,4.18,7.75,7.5,85.85,15.96,118.3,74.24,97.36,36.62
P017,2026-05-01,53.63,74.37,7.34,7.28,4.11,4.7,4.22,7.79,7.75,85.86,15.98,118.39,74.28,97.54,36.6
P017,2026-05-02,52.17,76.97,7.53,7.18,4.5,4.62,4.26,7.85,8.09,85.88,15.99,118.47,74.32,97.8,36.58
P017,2026-05-03,51.42,78.3,7.61,7.09,4.71,4.54,4.3,7.91,8.27,85.89,16.0,118.55,74.36,97.93,36.56
P017,2026-05-04,52.02,77.23,7.55,6.99,4.59,4.45,4.33,7.97,8.15,85.91,16.01,118.62,74.4,97.84,36.53
P017,2026-05-05,53.57,74.48,7.35,6.88,4.23,4.37,4.37,8.02,7.82,85.92,16.02,118.69,74.43,97.6,36.51
P017,2026-05-06,54.97,72.0,7.18,6.8,3.9,4.29,4.4,8.09,7.52,85.93,16.03,118.75,74.46,97.38,36.49
P017,2026-05-07,55.21,71.58,7.15,6.72,3.86,4.22,4.42,8.13,7.48,85.94,16.04,118.8,74.48,97.35,36.47
P017,2026-05-08,54.17,73.44,7.28,6.64,4.15,4.16,4.44,8.17,7.73,85.95,16.04,118.85,74.5,97.53,36.46
P017,2026-05-09,52.68,76.09,7.46,6.59,4.54,4.11,4.46,8.21,8.07,85.96,16.05,118.89,74.52,97.79,36.44
P017,2026-05-10,51.91,77.46,7.56,6.55,4.75,4.08,4.48,8.22,8.25,85.96,16.05,118.92,74.54,97.93,36.43
P017,2026-05-11,52.49,76.44,7.49,6.53,4.62,4.07,4.49,8.23,8.13,85.97,16.06,118.94,74.55,97.84,36.43
P017,2026-05-12,54.01,73.72,7.31,6.53,4.25,4.07,4.5,8.23,7.81,85.97,16.06,118.96,74.55,97.59,36.43
P017,2026-05-13,55.38,71.3,7.14,6.54,3.92,4.09,4.5,8.21,7.51,85.97,16.06,118.97,74.56,97.37,36.44
P017,2026-05-14,55.99,70.27,7.04,6.46,3.94,4.23,4.64,8.09,7.44,85.97,16.06,119.07,74.61,97.33,36.44
P017,2026-05-15,55.31,71.51,7.11,6.41,4.27,4.37,4.77,7.96,7.66,85.97,16.06,119.17,74.66,97.51,36.46
P017,2026-05-16,54.19,73.56,7.23,6.36,4.72,4.53,4.9,7.82,7.97,85.97,16.06,119.26,74.7,97.75,36.47
P017,2026-05-17,53.8,74.32,7.27,6.33,4.98,4.7,5.03,7.67,8.13,85.96,16.05,119.34,74.74,97.88,36.49
P017,2026-05-18,54.74,72.69,7.13,6.31,4.91,4.88,5.15,7.53,7.98,85.96,16.05,119.41,74.78,97.78,36.51
P017,2026-05-19,56.63,69.38,6.88,6.29,4.59,5.06,5.27,7.37,7.63,85.95,16.04,119.48,74.82,97.52,36.54
P017,2026-05-20,58.37,66.34,6.66,6.28,4.32,5.25,5.38,7.22,7.3,85.94,16.04,119.53,74.85,97.29,36.56
P017,2026-05-21,58.15,66.68,6.7,6.47,4.21,5.24,5.22,7.23,7.3,85.93,16.03,119.38,74.77,97.28,36.58
P017,2026-05-22,56.64,69.3,6.91,6.66,4.43,5.23,5.05,7.25,7.58,85.92,16.02,119.21,74.69,97.48,36.6
P017,2026-05-23,54.69,72.71,7.17,6.85,4.75,5.21,4.89,7.29,7.96,85.91,16.01,119.04,74.61,97.75,36.62
P017,2026-05-24,53.47,74.84,7.34,7.02,4.89,5.17,4.71,7.32,8.18,85.9,16.0,118.87,74.52,97.9,36.64
P017,2026-05-25,53.58,74.57,7.36,7.18,4.7,5.12,4.54,7.36,8.09,85.88,15.99,118.69,74.43,97.82,36.65
P017,2026-05-26,55.04,71.97,7.18,7.23,4.32,5.15,4.5,7.35,7.77,85.87,15.98,118.6,74.39,97.58,36.66
P017,2026-05-27,56.34,69.66,7.02,7.26,3.98,5.16,4.45,7.34,7.48,85.85,15.97,118.51,74.35,97.36,36.67
P017,2026-05-28,56.88,68.73,6.95,7.17,3.99,5.24,4.54,7.26,7.42,85.83,15.95,118.52,74.35,97.32,36.67
P017,2026-05-29,54.58,72.66,7.29,7.48,4.08,4.94,4.09,7.53,7.76,85.81,15.94,118.11,74.16,97.54,36.67
P017,2026-05-30,54.97,72.22,7.15,6.96,4.75,5.36,4.71,7.15,7.96,85.8,15.92,118.52,74.36,97.75,36.66
P017,2026-05-31,54.51,73.08,7.19,6.82,5.0,5.39,4.79,7.11,8.12,85.78,15.91,118.51,74.36,97.87,36.65
P017,2026-06-01,55.4,71.55,7.07,6.69,4.92,5.4,4.87,7.09,7.98,85.76,15.89,118.5,74.36,97.78,36.63
P017,2026-06-02,54.12,73.47,7.37,7.34,4.14,4.66,3.88,7.73,7.86,85.74,15.88,117.68,73.95,97.61,36.61
P017,2026-06-03,58.93,65.36,6.61,6.36,4.32,5.39,5.03,7.06,7.3,85.72,15.86,118.48,74.35,97.29,36.59
P017,2026-06-04,59.46,64.46,6.53,6.19,4.32,5.38,5.11,7.06,7.24,85.7,15.85,118.46,74.35,97.26,36.57
P017,2026-06-05,54.42,72.91,7.34,7.13,4.02,4.34,3.72,7.97,7.79,85.67,15.83,117.34,73.79,97.56,36.55
P017,2026-06-06,52.84,75.71,7.54,7.06,4.39,4.23,3.66,8.05,8.14,85.65,15.81,117.22,73.73,97.82,36.53
P017,2026-06-07,51.98,77.21,7.65,6.99,4.59,4.12,3.6,8.14,8.33,85.63,15.8,117.1,73.68,97.96,36.5
P017,2026-06-08,52.48,76.33,7.6,6.93,5.45,4.02,3.55,8.21,8.22,85.61,15.78,116.98,73.62,97.87,36.48
P017,2026-06-09,53.92,73.74,7.42,6.87,5.07,3.93,3.49,8.28,7.9,85.59,15.76,116.87,73.57,97.63,36.47
P017,2026-06-10,55.22,71.44,7.27,6.84,4.73,3.86,3.44,8.34,7.61,85.57,15.75,116.75,73.51,97.41,36.45
P017,2026-06-11,55.36,71.17,7.26,6.81,4.68,3.8,3.38,8.38,7.58,85.55,15.73,116.64,73.46,97.38,36.44
P017,2026-06-12,54.23,73.18,7.4,6.79,4.95,3.75,3.33,8.41,7.83,85.53,15.71,116.53,73.41,97.57,36.43
P017,2026-06-13,52.66,75.97,7.6,6.8,5.33,3.73,3.28,8.44,8.18,85.51,15.7,116.42,73.36,97.83,36.43
P017,2026-06-14,51.81,77.47,7.7,6.81,5.52,3.72,3.23,8.44,8.37,85.49,15.68,116.32,73.31,97.97,36.43
P017,2026-06-15,52.31,76.57,7.65,6.85,5.39,3.73,3.18,8.42,8.25,85.47,15.67,116.22,73.26,97.89,36.44
P017,2026-06-16,53.78,73.97,7.47,6.9,4.01,3.76,3.13,8.41,7.93,85.45,15.66,116.12,73.22,97.64,36.45
P017,2026-06-17,55.07,71.64,7.32,6.96,3.67,3.81,3.09,8.37,7.64,85.44,15.64,116.03,73.18,97.42,36.46
P017,2026-06-18,55.23,71.35,7.31,7.03,3.62,3.87,3.05,8.31,7.61,85.42,15.63,115.95,73.13,97.4,36.48
P017,2026-06-19,54.12,73.32,7.44,7.12,3.89,3.94,3.01,8.26,7.86,85.41,15.62,115.87,73.1,97.58,36.5
P017,2026-06-20,52.57,76.07,7.63,7.21,4.27,4.02,2.98,8.2,8.21,85.39,15.61,115.79,73.06,97.84,36.52
P017,2026-06-21,51.74,77.54,7.74,7.3,4.47,4.1,2.94,8.13,8.39,85.38,15.6,115.73,73.03,97.98,36.54
P017,2026-06-22,52.27,76.6,7.68,7.39,4.34,4.19,2.91,8.07,8.28,85.37,15.59,115.67,73.0,97.9,36.57
P017,2026-06-23,53.75,73.96,7.51,7.48,3.97,4.28,2.89,7.99,7.95,85.36,15.58,115.61,72.98,97.65,36.59
P017,2026-06-24,55.08,71.58,7.34,7.57,3.63,4.36,2.87,7.94,7.66,85.35,15.58,115.57,72.95,97.43,36.61
P017,2026-06-25,55.27,71.25,7.32,7.64,3.59,4.43,2.85,7.88,7.63,85.35,15.57,115.53,72.94,97.4,36.63
P017,2026-06-26,54.58,72.52,7.39,7.59,3.92,4.59,2.97,7.74,7.84,85.34,15.57,115.6,72.97,97.58,36.64
P017,2026-06-27,53.46,74.58,7.51,7.54,4.36,4.73,3.09,7.62,8.16,85.34,15.56,115.68,73.01,97.82,36.66
P017,2026-06-28,53.06,75.33,7.55,7.47,4.63,4.86,3.22,7.5,8.31,85.33,15.56,115.76,73.06,97.95,36.67
P017,2026-06-29,54.02,73.68,7.41,7.37,4.56,4.97,3.35,7.4,8.17,85.33,15.56,115.86,73.1,97.85,36.67
P017,2026-06-30,55.94,70.33,7.15,7.27,4.25,5.06,3.49,7.32,7.81,85.33,15.56,115.96,73.15,97.59,36.67
P017,2026-07-01,57.7,67.25,6.93,7.14,3.97,5.14,3.63,7.24,7.48,85.33,15.56,116.07,73.21,97.36,36.66
P017,2026-07-02,58.32,66.21,6.83,7.0,3.99,5.2,3.77,7.18,7.41,85.33,15.56,116.19,73.27,97.32,36.66
P017,2026-07-03,56.86,68.74,7.02,7.05,4.21,5.05,3.65,7.3,7.69,85.34,15.57,116.11,73.23,97.52,36.64
P017,2026-07-04,54.97,72.06,7.28,7.08,4.54,4.89,3.52,7.43,8.07,85.34,15.57,116.03,73.19,97.79,36.63
P017,2026-07-05,53.8,74.08,7.44,7.1,4.69,4.72,3.4,7.56,8.28,85.35,15.58,115.96,73.15,97.94,36.61
P017,2026-07-06,53.99,73.7,7.44,7.12,4.51,4.55,3.29,7.71,8.19,85.36,15.58,115.91,73.12,97.86,36.59
P017,2026-07-07,55.13,71.62,7.32,7.13,4.09,4.37,3.18,7.86,7.89,85.37,15.59,115.85,73.1,97.63,36.56
P017,2026-07-08,56.13,69.81,7.21,7.13,3.7,4.18,3.07,8.0,7.63,85.38,15.6,115.81,73.07,97.42,36.54
P017,2026-07-09,55.97,70.03,7.26,7.14,3.61,4.0,2.96,8.15,7.62,85.39,15.61,115.77,73.05,97.4,36.52
P017,2026-07-10,54.95,71.87,7.38,7.05,3.89,3.92,3.0,8.2,7.86,85.4,15.62,115.84,73.08,97.58,36.5
P017,2026-07-11,53.48,74.48,7.56,6.95,4.28,3.85,3.04,8.25,8.2,85.42,15.63,115.92,73.12,97.84,36.48
P017,2026-07-12,52.74,75.8,7.65,6.88,4.5,3.79,3.08,8.3,8.38,85.43,15.64,116.0,73.16,97.98,36.46
P017,2026-07-13,53.35,74.72,7.57,6.81,4.37,3.75,3.12,8.32,8.26,85.45,15.65,116.09,73.2,97.89,36.45
P017,2026-07-14,54.92,71.94,7.39,6.75,4.01,3.72,3.16,8.33,7.93,85.47,15.67,116.18,73.25,97.64,36.44
P017,2026-07-15,56.34,69.42,7.21,6.72,3.69,3.71,3.21,8.34,7.63,85.48,15.68,116.28,73.29,97.42,36.43
P017,2026-07-16,56.61,68.95,7.17,6.69,3.66,3.72,3.26,8.33,7.59,85.5,15.69,116.38,73.34,97.39,36.43
P017,2026-07-17,55.6,70.75,7.3,6.68,3.94,3.75,3.31,8.3,7.83,85.52,15.71,116.49,73.39,97.57,36.43
P017,2026-07-18,54.15,73.34,7.47,6.7,4.34,3.79,3.36,8.27,8.17,85.54,15.72,116.6,73.44,97.83,36.44
P017,2026-07-19,53.43,74.63,7.55,6.72,4.56,3.86,3.42,8.21,8.35,85.56,15.74,116.71,73.49,97.96,36.45
P017,2026-07-20,54.06,73.52,7.48,6.75,4.44,3.94,3.47,8.14,8.23,85.58,15.76,116.83,73.55,97.88,36.47
P017,2026-07-21,55.64,70.72,7.28,6.8,4.08,4.03,3.53,8.07,7.89,85.6,15.77,116.94,73.6,97.63,36.49
P017,2026-07-22,57.07,68.19,7.11,6.86,3.76,4.13,3.58,7.99,7.6,85.62,15.79,117.06,73.66,97.41,36.51
P017,2026-07-23,57.35,67.71,7.07,6.92,3.73,4.24,3.64,7.89,7.55,85.64,15.81,117.18,73.71,97.38,36.53
P017,2026-07-24,56.35,69.5,7.19,6.99,4.01,4.35,3.7,7.81,7.79,85.67,15.82,117.29,73.77,97.56,36.55
P017,2026-07-25,54.9,72.08,7.37,7.05,4.41,4.46,3.75,7.72,8.13,85.69,15.84,117.41,73.82,97.81,36.57
P017,2026-07-26,54.18,73.37,7.45,7.12,4.63,4.57,3.81,7.64,8.31,85.71,15.86,117.53,73.88,97.95,36.6
P017,2026-07-27,54.81,72.26,7.38,7.17,4.51,4.67,3.86,7.55,8.19,85.73,15.87,117.64,73.93,97.86,36.62
P017,2026-07-28,56.39,69.45,7.18,7.21,4.15,4.76,3.92,7.47,7.86,85.75,15.89,117.75,73.99,97.61,36.63
P017,2026-07-29,57.82,66.93,7.01,7.26,3.83,4.83,3.97,7.42,7.56,85.77,15.9,117.86,74.04,97.39,36.65
P017,2026-07-30,58.09,66.46,6.98,7.27,3.79,4.9,4.02,7.36,7.52,85.79,15.92,117.97,74.09,97.36,36.66
P017,2026-07-31,57.07,68.26,7.1,7.28,4.08,4.94,4.07,7.32,7.76,85.81,15.93,118.08,74.14,97.54,36.67
P017,2026-08-01,55.62,70.85,7.27,7.28,4.48,4.96,4.12,7.3,8.1,85.83,15.95,118.18,74.19,97.8,36.67
P017,2026-08-02,54.89,72.16,7.36,7.25,4.69,4.97,4.17,7.29,8.28,85.84,15.96,118.27,74.23,97.94,36.67
P017,2026-08-03,55.5,71.08,7.28,7.21,4.57,4.96,4.21,7.29,8.16,85.86,15.97,118.36,74.27,97.85,36.66
P017,2026-08-04,57.07,68.3,7.1,7.16,4.21,4.93,4.25,7.32,7.83,85.88,15.99,118.45,74.31,97.6,36.65
P017,2026-08-05,58.47,65.81,6.92,7.09,3.88,4.88,4.29,7.34,7.53,85.89,16.0,118.53,74.35,97.38,36.64
P017,2026-08-06,58.72,65.37,6.89,7.01,3.85,4.82,4.33,7.38,7.49,85.9,16.01,118.6,74.39,97.35,36.62
P017,2026-08-07,57.7,67.2,7.02,6.92,4.13,4.74,4.36,7.44,7.73,85.92,16.02,118.67,74.42,97.53,36.6
P017,2026-08-08,56.62,69.17,7.13,6.72,4.58,4.76,4.53,7.41,8.05,85.93,16.03,118.84,74.5,97.78,36.58
P017,2026-08-09,56.27,69.86,7.15,6.52,4.85,4.76,4.69,7.38,8.2,85.94,16.03,119.0,74.58,97.91,36.56
P017,2026-08-10,57.65,67.5,6.95,6.22,4.84,4.86,4.98,7.29,8.02,85.95,16.04,119.25,74.7,97.79,36.53
P017,2026-08-11,59.98,63.47,6.62,5.92,4.59,4.96,5.27,7.18,7.63,85.95,16.05,119.5,74.83,97.52,36.51
P017,2026-08-12,62.15,59.71,6.32,5.63,4.38,5.06,5.56,7.07,7.27,85.96,16.05,119.73,74.94,97.28,36.49
P017,2026-08-13,61.6,60.59,6.42,5.76,4.23,4.81,5.31,7.29,7.29,85.96,16.06,119.56,74.86,97.27,36.47
P017,2026-08-14,62.9,58.59,6.15,5.08,4.85,5.3,6.12,6.83,7.36,85.97,16.06,120.19,75.17,97.39,36.46
P017,2026-08-15,61.39,61.29,6.34,5.03,5.24,5.24,6.12,6.86,7.7,85.97,16.06,120.19,75.17,97.65,36.44
P017,2026-08-16,60.59,62.7,6.44,5.0,5.45,5.21,6.12,6.9,7.89,85.97,16.06,120.19,75.17,97.79,36.43
P017,2026-08-17,58.01,66.88,6.91,5.79,4.85,4.45,5.05,7.57,8.01,85.97,16.06,119.38,74.76,97.79,36.43
P017,2026-08-18,62.64,59.06,6.2,4.98,4.94,5.18,6.1,6.9,7.45,85.97,16.06,120.17,75.16,97.45,36.43
P017,2026-08-19,63.98,56.68,6.03,5.0,4.61,5.2,6.09,6.89,7.15,85.96,16.05,120.15,75.15,97.24,36.44
P017,2026-08-20,59.86,63.44,6.75,6.15,3.93,4.22,4.6,7.78,7.45,85.96,16.05,119.0,74.58,97.33,36.44
P017,2026-08-21,58.37,66.04,6.95,6.3,4.15,4.17,4.45,7.82,7.73,85.95,16.05,118.86,74.51,97.53,36.46
P017,2026-08-22,56.83,68.77,7.14,6.37,4.53,4.23,4.43,7.78,8.07,85.94,16.04,118.82,74.49,97.79,36.47
P017,2026-08-23,56.02,70.2,7.25,6.44,4.73,4.3,4.41,7.72,8.26,85.93,16.03,118.77,74.47,97.93,36.49
P017,2026-08-24,56.54,69.26,7.18,6.53,4.6,4.38,4.38,7.65,8.14,85.92,16.02,118.71,74.44,97.84,36.51
P017,2026-08-25,58.02,66.63,7.01,6.62,4.22,4.47,4.35,7.59,7.82,85.91,16.01,118.65,74.41,97.6,36.54
P017,2026-08-26,59.34,64.28,6.85,6.71,4.89,4.56,4.31,7.52,7.53,85.9,16.0,118.58,74.37,97.38,36.56
P017,2026-08-27,59.51,63.98,6.83,6.8,4.84,4.64,4.28,7.45,7.5,85.88,15.99,118.5,74.34,97.35,36.58
P017,2026-08-28,58.39,65.96,6.98,6.9,5.11,4.72,4.24,7.39,7.75,85.87,15.98,118.42,74.3,97.54,36.6
P017,2026-08-29,56.83,68.74,7.17,6.98,5.49,4.79,4.19,7.34,8.09,85.85,15.97,118.33,74.26,97.8,36.62
P017,2026-08-30,55.99,70.22,7.27,7.06,5.69,4.85,4.15,7.3,8.28,85.84,15.96,118.24,74.21,97.94,36.64
P017,2026-08-31,56.49,69.32,7.22,7.12,5.55,4.89,4.1,7.26,8.17,85.82,15.94,118.14,74.17,97.85,36.65
P017,2026-09-01,57.95,66.72,7.04,7.16,5.17,4.92,4.05,7.23,7.85,85.8,15.93,118.04,74.12,97.61,36.66
P017,2026-09-02,59.25,64.41,6.9,7.2,4.83,4.93,4.0,7.23,7.56,85.78,15.91,117.93,74.07,97.39,36.67
P017,2026-09-03,59.4,64.14,6.88,7.22,3.78,4.92,3.95,7.23,7.53,85.76,15.9,117.82,74.02,97.36,36.67
P017,2026-09-04,58.26,66.15,7.02,7.22,4.05,4.89,3.9,7.25,7.78,85.74,15.88,117.71,73.97,97.55,36.67
P017,2026-09-05,56.69,68.94,7.22,7.21,4.43,4.84,3.84,7.29,8.13,85.72,15.87,117.6,73.91,97.81,36.66
P017,2026-09-06,55.83,70.45,7.33,7.18,4.62,4.78,3.79,7.34,8.31,85.7,15.85,117.48,73.86,97.95,36.65
P017,2026-09-07,56.33,69.56,7.28,7.13,4.48,4.7,3.73,7.39,8.2,85.68,15.83,117.36,73.8,97.87,36.63
P017,2026-09-08,57.77,66.98,7.1,7.08,4.1,4.61,3.67,7.47,7.88,85.66,15.82,117.25,73.75,97.62,36.61
P017,2026-09-09,59.07,64.67,6.95,7.02,3.76,4.51,3.62,7.54,7.59,85.64,15.8,117.13,73.69,97.4,36.59
P017,2026-09-10,59.21,64.42,6.94,6.95,3.71,4.4,3.56,7.62,7.56,85.62,15.78,117.01,73.64,97.38,36.57
P017,2026-09-11,58.07,66.43,7.08,6.88,3.98,4.29,3.5,7.71,7.81,85.59,15.77,116.9,73.58,97.56,36.55
P017,2026-09-12,56.49,69.23,7.28,6.8,4.36,4.17,3.45,7.79,8.16,85.57,15.75,116.78,73.53,97.83,36.53
P017,2026-09-13,55.64,70.73,7.39,6.73,4.55,4.07,3.4,7.86,8.35,85.55,15.73,116.67,73.47,97.96,36.5
P017,2026-09-14,56.13,69.84,7.33,6.68,4.41,3.97,3.34,7.94,8.24,85.53,15.72,116.56,73.42,97.88,36.48
P017,2026-09-15,57.58,67.25,7.16,6.62,4.04,3.88,3.29,8.01,7.92,85.51,15.7,116.45,73.37,97.64,36.47
P017,2026-09-16,58.88,64.94,7.01,6.57,3.7,3.8,3.24,8.06,7.63,85.49,15.69,116.34,73.32,97.42,36.45
P017,2026-09-17,59.03,64.65,6.99,6.55,3.65,3.74,3.19,8.11,7.59,85.48,15.67,116.24,73.27,97.39,36.44
P017,2026-09-18,57.91,66.64,7.14,6.53,3.92,3.7,3.15,8.14,7.85,85.46,15.66,116.15,73.23,97.58,36.43
P017,2026-09-19,56.35,69.42,7.33,6.53,4.3,3.68,3.1,8.15,8.19,85.44,15.65,116.06,73.19,97.84,36.43
P017,2026-09-20,55.91,70.24,7.36,6.44,4.55,3.77,3.2,8.08,8.35,85.43,15.63,116.07,73.2,97.96,36.43
P017,2026-09-21,56.83,68.66,7.24,6.37,4.48,3.87,3.29,7.98,8.21,85.41,15.62,116.1,73.21,97.87,36.44
P017,2026-09-22,58.7,65.38,6.99,6.31,4.16,4.0,3.39,7.86,7.85,85.4,15.61,116.12,73.23,97.61,36.45
P017,2026-09-23,60.42,62.37,6.77,6.27,3.88,4.14,3.5,7.74,7.53,85.39,15.6,116.16,73.25,97.38,36.46
P017,2026-09-24,60.99,61.4,6.68,6.23,3.89,4.3,3.6,7.61,7.47,85.37,15.59,116.2,73.27,97.34,36.48
P017,2026-09-25,60.29,62.69,6.75,6.21,4.22,4.47,3.71,7.46,7.68,85.36,15.59,116.25,73.29,97.52,36.5
P017,2026-09-26,59.15,64.77,6.88,6.19,4.67,4.65,3.83,7.31,8.0,85.35,15.58,116.3,73.32,97.76,36.52
P017,2026-09-27,57.94,66.87,7.05,6.38,4.81,4.64,3.67,7.33,8.22,85.35,15.57,116.16,73.25,97.91,36.54
P017,2026-09-28,58.08,66.56,7.06,6.57,4.62,4.64,3.52,7.33,8.13,85.34,15.57,116.02,73.18,97.84,36.57
P017,2026-09-29,59.18,64.56,6.94,6.77,4.19,4.63,3.37,7.35,7.84,85.34,15.56,115.89,73.12,97.61,36.59
P017,2026-09-30,60.13,62.81,6.84,6.94,3.8,4.63,3.22,7.37,7.58,85.33,15.56,115.77,73.06,97.4,36.61
P017,2026-10-01,59.93,63.11,6.89,7.11,3.7,4.61,3.08,7.39,7.57,85.33,15.56,115.65,73.0,97.38,36.63
P017,2026-10-02,58.46,65.67,7.09,7.28,3.91,4.58,2.94,7.43,7.85,85.33,15.56,115.54,72.95,97.58,36.64
P017,2026-10-03,56.55,69.02,7.34,7.42,4.24,4.54,2.81,7.47,8.22,85.33,15.56,115.44,72.9,97.85,36.66
P017,2026-10-04,55.78,70.4,7.45,7.46,4.45,4.57,2.81,7.44,8.4,85.33,15.56,115.46,72.9,97.99,36.67
P017,2026-10-05,56.35,69.39,7.37,7.46,4.32,4.6,2.82,7.42,8.29,85.34,15.57,115.48,72.91,97.9,36.67
P017,2026-10-06,57.88,66.67,7.19,7.45,3.96,4.6,2.84,7.41,7.96,85.34,15.57,115.5,72.93,97.65,36.67
P018,2026-04-10,54.74,72.3,7.48,7.33,4.14,4.2,3.25,8.05,8.03,87.11,16.15,117.28,73.89,97.7,36.56
P018,2026-04-11,53.4,76.3,7.64,7.4,4.5,4.31,3.3,7.96,8.34,87.13,16.17,117.4,73.95,97.93,36.58
P018,2026-04-12,53.14,77.15,7.67,7.47,4.59,4.42,3.36,7.88,8.4,87.15,16.18,117.52,74.0,97.98,36.6
P018,2026-04-13,54.19,74.14,7.54,7.52,4.35,4.52,3.41,7.8,8.18,87.17,16.2,117.63,74.05,97.81,36.62
P018,2026-04-14,55.81,69.46,7.33,7.57,3.97,4.6,3.47,7.74,7.82,87.19,16.21,117.75,74.11,97.55,36.64
P018,2026-04-15,56.82,66.58,7.21,7.61,3.74,4.67,3.52,7.68,7.61,87.21,16.23,117.86,74.16,97.39,36.65
P018,2026-04-16,56.5,67.58,7.24,7.63,3.84,4.73,3.57,7.64,7.69,87.23,16.25,117.97,74.21,97.45,36.66
P018,2026-04-17,55.13,71.66,7.41,7.64,4.2,4.77,3.62,7.61,8.0,87.25,16.26,118.07,74.26,97.69,36.67
P018,2026-04-18,53.79,75.67,7.57,7.63,4.56,4.79,3.67,7.59,8.3,87.27,16.27,118.17,74.31,97.92,36.67
P018,2026-04-19,53.51,76.54,7.6,7.6,4.65,4.79,3.72,7.59,8.37,87.29,16.29,118.27,74.35,97.97,36.67
P018,2026-04-20,54.55,73.55,7.47,7.56,4.41,4.77,3.76,7.6,8.14,87.31,16.3,118.36,74.4,97.8,36.66
P018,2026-04-21,56.16,68.9,7.27,7.51,4.03,4.74,3.81,7.63,7.79,87.32,16.31,118.45,74.44,97.54,36.65
P018,2026-04-22,57.15,66.04,7.15,7.44,3.8,4.68,3.85,7.67,7.58,87.34,16.33,118.53,74.48,97.38,36.63
P018,2026-04-23,56.81,67.08,7.18,7.36,3.9,4.62,3.88,7.71,7.66,87.35,16.34,118.61,74.51,97.44,36.62
P018,2026-04-24,55.42,71.19,7.35,7.27,4.26,4.54,3.92,7.77,7.97,87.36,16.35,118.68,74.55,97.68,36.59
P018,2026-04-25,54.06,75.24,7.52,7.18,4.61,4.46,3.95,7.83,8.28,87.37,16.35,118.74,74.58,97.91,36.57
P018,2026-04-26,53.76,76.14,7.55,7.09,4.7,4.37,3.97,7.9,8.35,87.39,16.36,118.8,74.6,97.96,36.55
P018,2026-04-27,54.77,73.19,7.42,7.0,4.45,4.28,4.0,7.97,8.12,87.39,16.37,118.85,74.63,97.79,36.53
P018,2026-04-28,56.35,68.59,7.23,6.91,4.06,4.2,4.02,8.03,7.77,87.4,16.38,118.89,74.65,97.53,36.5
P018,2026-04-29,57.32,65.77,7.11,6.83,3.83,4.12,4.04,8.09,7.56,87.41,16.38,118.92,74.66,97.37,36.48
P018,2026-04-30,56.95,66.85,7.15,6.75,3.92,4.05,4.05,8.15,7.64,87.41,16.38,118.95,74.68,97.43,36.47
P018,2026-05-01,55.54,71.01,7.33,6.7,4.28,3.99,4.06,8.19,7.96,87.42,16.39,118.97,74.69,97.67,36.45
P018,2026-05-02,54.14,75.11,7.5,6.65,4.63,3.94,4.06,8.23,8.27,87.42,16.39,118.98,74.69,97.9,36.44
P018,2026-05-03,53.81,76.06,7.54,6.63,4.71,3.91,4.07,8.25,8.34,87.42,16.39,118.99,74.69,97.96,36.43
P018,2026-05-04,54.79,73.17,7.42,6.62,4.46,3.9,4.06,8.26,8.12,87.42,16.39,118.98,74.69,97.79,36.43
P018,2026-05-05,56.74,67.95,7.16,6.52,4.13,4.0,4.2,8.17,7.74,87.42,16.39,119.08,74.74,97.52,36.43
P018,2026-05-06,58.08,64.53,6.98,6.44,3.95,4.12,4.32,8.07,7.5,87.41,16.39,119.16,74.78,97.35,36.44
P018,2026-05-07,58.08,65.0,6.96,6.38,4.1,4.25,4.45,7.96,7.55,87.41,16.38,119.24,74.82,97.4,36.45
P018,2026-05-08,57.03,68.55,7.07,6.34,4.51,4.39,4.57,7.84,7.84,87.4,16.38,119.31,74.86,97.62,36.46
P018,2026-05-09,56.01,72.04,7.17,6.3,4.91,4.55,4.68,7.7,8.12,87.4,16.37,119.37,74.89,97.85,36.48
P018,2026-05-10,56.05,72.39,7.15,6.28,5.05,4.72,4.8,7.56,8.16,87.39,16.36,119.42,74.92,97.89,36.5
P018,2026-05-11,57.4,68.88,6.97,6.27,4.86,4.9,4.91,7.42,7.91,87.38,16.36,119.47,74.94,97.71,36.52
P018,2026-05-12,58.52,65.03,6.85,6.47,4.4,4.89,4.74,7.44,7.6,87.36,16.35,119.31,74.86,97.46,36.54
P018,2026-05-13,59.02,62.98,6.81,6.67,4.1,4.89,4.57,7.46,7.42,87.35,16.34,119.13,74.78,97.32,36.57
P018,2026-05-14,58.2,64.82,6.93,6.87,4.13,4.87,4.4,7.48,7.54,87.34,16.33,118.95,74.69,97.39,36.59
P018,2026-05-15,56.32,69.73,7.18,7.06,4.41,4.86,4.22,7.51,7.89,87.32,16.31,118.77,74.6,97.64,36.61
P018,2026-05-16,54.47,74.58,7.43,7.25,4.7,4.83,4.04,7.55,8.23,87.31,16.3,118.58,74.51,97.89,36.63
P018,2026-05-17,53.68,76.29,7.55,7.43,4.71,4.79,3.86,7.6,8.34,87.29,16.29,118.38,74.41,97.96,36.64
P018,2026-05-18,54.21,74.14,7.5,7.6,4.39,4.73,3.68,7.65,8.15,87.27,16.28,118.18,74.31,97.8,36.66
P018,2026-05-19,55.71,69.67,7.32,7.64,4.0,4.76,3.63,7.64,7.81,87.26,16.26,118.08,74.27,97.55,36.67
P018,2026-05-20,56.59,66.99,7.22,7.68,3.75,4.76,3.58,7.64,7.6,87.24,16.25,117.98,74.22,97.39,36.67
P018,2026-05-21,56.15,68.2,7.28,7.69,3.83,4.75,3.53,7.65,7.69,87.22,16.23,117.87,74.17,97.45,36.67
P018,2026-05-22,54.65,72.48,7.46,7.69,4.18,4.71,3.48,7.68,8.01,87.2,16.22,117.76,74.11,97.69,36.66
P018,2026-05-23,53.19,76.7,7.64,7.68,4.52,4.66,3.42,7.72,8.33,87.18,16.2,117.65,74.06,97.93,36.66
P018,2026-05-24,52.79,77.77,7.69,7.65,4.59,4.59,3.37,7.78,8.4,87.16,16.18,117.53,74.01,97.98,36.64
P018,2026-05-25,53.71,74.98,7.58,7.61,4.33,4.51,3.31,7.84,8.19,87.13,16.17,117.41,73.95,97.82,36.63
P018,2026-05-26,55.19,70.52,7.41,7.55,3.93,4.41,3.25,7.92,7.84,87.11,16.15,117.3,73.9,97.56,36.61
P018,2026-05-27,56.07,67.85,7.3,7.49,3.68,4.31,3.2,8.0,7.64,87.09,16.13,117.18,73.84,97.4,36.59
P018,2026-05-28,55.62,69.08,7.36,7.43,3.76,4.2,3.14,8.09,7.73,87.07,16.12,117.06,73.79,97.47,36.57
P018,2026-05-29,54.12,73.36,7.55,7.36,4.11,4.09,3.08,8.17,8.05,87.05,16.1,116.95,73.73,97.7,36.54
P018,2026-05-30,52.65,77.58,7.73,7.29,4.45,3.98,3.03,8.26,8.36,87.03,16.08,116.83,73.68,97.94,36.52
P018,2026-05-31,52.26,78.65,7.78,7.23,4.52,3.87,2.97,8.34,8.44,87.01,16.07,116.72,73.62,97.99,36.5
P018,2026-06-01,53.18,75.85,7.67,7.17,4.26,3.78,2.92,8.42,8.22,86.99,16.05,116.6,73.57,97.83,36.48
P018,2026-06-02,54.67,71.39,7.49,7.13,3.86,3.69,2.87,8.49,7.88,86.97,16.04,116.5,73.52,97.57,36.46
P018,2026-06-03,55.55,68.71,7.38,7.09,3.61,3.62,2.82,8.55,7.67,86.95,16.02,116.39,73.47,97.42,36.45
P018,2026-06-04,55.11,69.92,7.44,7.07,3.7,3.56,2.77,8.59,7.76,86.93,16.01,116.29,73.42,97.48,36.44
P018,2026-06-05,53.63,74.19,7.62,7.06,4.04,3.53,2.72,8.62,8.08,86.91,15.99,116.19,73.37,97.72,36.43
P018,2026-06-06,52.17,78.38,7.8,7.07,4.39,3.51,2.68,8.64,8.39,86.9,15.98,116.1,73.33,97.95,36.43
P018,2026-06-07,51.79,79.43,7.85,7.1,4.46,3.51,2.63,8.64,8.47,86.88,15.97,116.01,73.29,98.01,36.43
P018,2026-06-08,52.73,76.61,7.74,7.14,4.2,3.53,2.59,8.63,8.25,86.86,15.96,115.93,73.25,97.84,36.44
P018,2026-06-09,54.24,72.11,7.56,7.19,3.81,3.56,2.56,8.6,7.91,86.85,15.95,115.85,73.21,97.58,36.45
P018,2026-06-10,55.14,69.4,7.45,7.26,3.56,3.62,2.52,8.56,7.7,86.84,15.94,115.78,73.18,97.43,36.47
P018,2026-06-11,54.72,70.57,7.5,7.34,3.65,3.68,2.49,8.52,7.79,86.83,15.93,115.72,73.15,97.49,36.48
P018,2026-06-12,53.26,74.8,7.68,7.42,4.0,3.76,2.47,8.46,8.1,86.82,15.92,115.66,73.12,97.73,36.51
P018,2026-06-13,51.83,78.96,7.86,7.51,4.34,3.84,2.44,8.4,8.42,86.81,15.91,115.61,73.1,97.96,36.53
P018,2026-06-14,51.47,79.96,7.9,7.61,4.42,3.93,2.42,8.33,8.49,86.8,15.9,115.56,73.08,98.01,36.55
P018,2026-06-15,52.44,77.09,7.78,7.7,4.17,4.03,2.4,8.26,8.27,86.79,15.9,115.53,73.06,97.85,36.57
P018,2026-06-16,53.97,72.55,7.6,7.79,3.78,4.11,2.39,8.2,7.92,86.79,15.9,115.5,73.05,97.59,36.6
P018,2026-06-17,55.31,69.13,7.42,7.76,3.6,4.29,2.52,8.05,7.68,86.78,15.89,115.58,73.09,97.42,36.62
P018,2026-06-18,55.32,69.59,7.39,7.73,3.75,4.46,2.65,7.91,7.73,86.78,15.89,115.67,73.14,97.47,36.63
P018,2026-06-19,54.29,73.11,7.5,7.68,4.16,4.61,2.78,7.78,8.02,86.78,15.89,115.77,73.19,97.69,36.65
P018,2026-06-20,53.29,76.56,7.6,7.62,4.57,4.75,2.92,7.66,8.3,86.78,15.89,115.88,73.24,97.92,36.66
P018,2026-06-21,53.36,76.85,7.57,7.55,4.71,4.88,3.06,7.55,8.34,86.78,15.89,115.99,73.3,97.96,36.67
P018,2026-06-22,54.76,73.27,7.38,7.45,4.52,4.99,3.21,7.46,8.09,86.79,15.89,116.11,73.36,97.78,36.67
P018,2026-06-23,56.73,68.02,7.12,7.34,4.19,5.08,3.35,7.37,7.71,86.79,15.9,116.24,73.42,97.51,36.67
P018,2026-06-24,57.29,65.87,7.07,7.42,3.9,4.97,3.23,7.47,7.53,86.8,15.9,116.17,73.38,97.36,36.66
P018,2026-06-25,56.53,67.6,7.18,7.48,3.93,4.84,3.12,7.59,7.64,86.8,15.91,116.11,73.35,97.43,36.65
P018,2026-06-26,54.73,72.39,7.42,7.52,4.23,4.69,3.0,7.71,7.98,86.81,15.92,116.05,73.32,97.68,36.64
P018,2026-06-27,52.96,77.11,7.65,7.55,4.53,4.53,2.89,7.84,8.32,86.82,15.92,116.01,73.3,97.92,36.62
P018,2026-06-28,52.26,78.67,7.76,7.58,4.56,4.37,2.79,7.98,8.42,86.83,15.93,115.96,73.27,97.99,36.6
P018,2026-06-29,52.89,76.36,7.7,7.59,4.25,4.19,2.68,8.13,8.23,86.85,15.94,115.93,73.25,97.83,36.58
P018,2026-06-30,54.08,72.38,7.57,7.6,3.81,4.01,2.58,8.28,7.91,86.86,15.95,115.9,73.24,97.58,36.56
P018,2026-07-01,55.08,69.53,7.44,7.5,3.58,3.93,2.62,8.34,7.69,86.87,15.96,115.98,73.28,97.42,36.53
P018,2026-07-02,54.74,70.55,7.48,7.4,3.68,3.84,2.66,8.4,7.77,86.89,15.98,116.07,73.32,97.48,36.51
P018,2026-07-03,53.37,74.64,7.65,7.31,4.04,3.77,2.71,8.46,8.08,86.91,15.99,116.16,73.36,97.72,36.49
P018,2026-07-04,52.02,78.66,7.81,7.23,4.4,3.7,2.75,8.51,8.39,86.92,16.0,116.25,73.4,97.95,36.47
P018,2026-07-05,51.75,79.52,7.84,7.15,4.49,3.65,2.8,8.55,8.45,86.94,16.02,116.35,73.45,98.0,36.46
P018,2026-07-06,52.79,76.52,7.71,7.09,4.25,3.61,2.85,8.57,8.23,86.96,16.03,116.46,73.5,97.83,36.44
P018,2026-07-07,54.41,71.85,7.51,7.04,3.87,3.59,2.9,8.59,7.88,86.98,16.05,116.56,73.55,97.57,36.43
P018,2026-07-08,55.42,68.97,7.38,7.01,3.64,3.59,2.95,8.59,7.66,87.0,16.06,116.68,73.6,97.41,36.43
P018,2026-07-09,55.1,69.97,7.41,6.99,3.74,3.6,3.01,8.58,7.74,87.02,16.08,116.79,73.66,97.47,36.43
P018,2026-07-10,53.74,74.04,7.58,6.99,4.11,3.64,3.06,8.55,8.05,87.04,16.09,116.9,73.71,97.71,36.43
P018,2026-07-11,52.4,78.04,7.74,7.01,4.46,3.69,3.12,8.51,8.35,87.06,16.11,117.02,73.77,97.94,36.44
P018,2026-07-12,52.14,78.88,7.77,7.04,4.55,3.76,3.18,8.45,8.42,87.08,16.13,117.14,73.82,97.99,36.46
P018,2026-07-13,53.2,75.87,7.63,7.08,4.32,3.84,3.23,8.39,8.19,87.11,16.14,117.25,73.88,97.82,36.47
P018,2026-07-14,54.82,71.19,7.43,7.14,3.94,3.93,3.29,8.32,7.84,87.13,16.16,117.37,73.93,97.56,36.49
P018,2026-07-15,55.83,68.3,7.3,7.2,3.71,4.04,3.35,8.24,7.62,87.15,16.18,117.49,73.99,97.4,36.51
P018,2026-07-16,55.51,69.3,7.34,7.27,3.81,4.15,3.4,8.15,7.7,87.17,16.19,117.6,74.04,97.46,36.53
P018,2026-07-17,54.93,72.08,7.37,7.13,4.29,4.44,3.72,7.9,7.95,87.19,16.21,117.92,74.2,97.67,36.56
P018,2026-07-18,53.99,75.44,7.46,7.1,4.71,4.65,3.91,7.73,8.23,87.21,16.23,118.13,74.3,97.89,36.58
P018,2026-07-19,54.11,75.65,7.42,7.07,4.85,4.84,4.1,7.57,8.26,87.23,16.24,118.34,74.4,97.93,36.6
P018,2026-07-20,53.59,75.22,7.56,7.53,4.38,4.57,3.61,7.82,8.16,87.25,16.26,118.04,74.25,97.81,36.62
P018,2026-07-21,57.55,66.7,6.96,6.97,4.35,5.21,4.46,7.26,7.63,87.27,16.27,118.75,74.6,97.48,36.64
P018,2026-07-22,58.94,63.18,6.77,6.91,4.17,5.37,4.64,7.12,7.38,87.29,16.28,118.95,74.7,97.3,36.65
P018,2026-07-23,59.01,63.55,6.74,6.83,5.33,5.52,4.82,7.0,7.43,87.3,16.3,119.15,74.79,97.35,36.66
P018,2026-07-24,54.5,72.8,7.44,7.65,5.23,4.82,3.8,7.63,7.98,87.32,16.31,118.43,74.43,97.68,36.67
P018,2026-07-25,57.06,70.39,6.93,6.63,6.17,5.75,5.17,6.79,7.99,87.33,16.32,119.52,74.97,97.8,36.67
P018,2026-07-26,52.86,77.71,7.63,7.62,5.68,4.83,3.87,7.62,8.36,87.35,16.33,118.59,74.51,97.96,36.67
P018,2026-07-27,53.89,74.74,7.5,7.59,5.44,4.81,3.91,7.63,8.13,87.36,16.34,118.66,74.54,97.8,36.66
P018,2026-07-28,55.48,70.11,7.31,7.53,5.05,4.77,3.94,7.66,7.78,87.37,16.35,118.72,74.57,97.53,36.65
P018,2026-07-29,56.46,67.28,7.19,7.47,4.82,4.72,3.97,7.7,7.57,87.38,16.36,118.78,74.6,97.37,36.63
P018,2026-07-30,56.51,67.68,7.16,7.29,4.97,4.75,4.13,7.67,7.62,87.39,16.37,118.94,74.67,97.42,36.62
P018,2026-07-31,55.51,71.15,7.26,7.11,4.39,4.76,4.29,7.64,7.9,87.4,16.37,119.09,74.75,97.65,36.6
P018,2026-08-01,54.52,74.57,7.36,6.91,4.8,4.77,4.44,7.63,8.18,87.41,16.38,119.23,74.82,97.87,36.57
P018,2026-08-02,54.61,74.84,7.33,6.72,4.94,4.77,4.59,7.61,8.22,87.41,16.38,119.36,74.88,97.91,36.55
P018,2026-08-03,56.01,71.26,7.14,6.53,4.76,4.77,4.74,7.6,7.96,87.42,16.39,119.49,74.94,97.73,36.53
P018,2026-08-04,57.97,66.02,6.88,6.34,4.43,4.78,4.88,7.58,7.59,87.42,16.39,119.6,75.0,97.46,36.51
P018,2026-08-05,59.32,62.57,6.69,6.16,4.25,4.79,5.02,7.56,7.34,87.42,16.39,119.71,75.06,97.29,36.48
P018,2026-08-06,58.54,64.34,6.81,6.2,4.28,4.62,4.89,7.7,7.46,87.42,16.39,119.61,75.0,97.36,36.47
P018,2026-08-07,56.7,69.18,7.05,6.25,4.58,4.46,4.74,7.84,7.8,87.42,16.39,119.5,74.95,97.61,36.45
P018,2026-08-08,54.89,73.97,7.29,6.31,4.86,4.32,4.6,7.96,8.14,87.41,16.39,119.37,74.89,97.86,36.44
P018,2026-08-09,54.14,75.61,7.4,6.39,4.88,4.19,4.45,8.07,8.25,87.41,16.38,119.25,74.82,97.92,36.43
P018,2026-08-10,54.71,73.4,7.35,6.49,4.57,4.08,4.3,8.17,8.06,87.4,16.38,119.11,74.76,97.77,36.43
P018,2026-08-11,55.84,69.53,7.23,6.61,4.12,3.98,4.14,8.26,7.74,87.4,16.37,118.97,74.69,97.52,36.43
P018,2026-08-12,56.36,67.46,7.19,6.74,3.82,3.91,3.98,8.33,7.57,87.39,16.37,118.82,74.61,97.37,36.44
P018,2026-08-13,55.94,68.62,7.24,6.79,3.91,3.94,3.96,8.31,7.65,87.38,16.36,118.76,74.59,97.44,36.45
P018,2026-08-14,54.48,72.85,7.42,6.85,4.26,3.99,3.93,8.27,7.97,87.37,16.35,118.7,74.56,97.67,36.46
P018,2026-08-15,53.04,77.03,7.6,6.92,4.6,4.05,3.89,8.23,8.28,87.36,16.34,118.63,74.53,97.91,36.48
P018,2026-08-16,52.66,78.06,7.65,7.01,4.68,4.12,3.86,8.17,8.36,87.34,16.33,118.56,74.49,97.96,36.5
P018,2026-08-17,53.6,75.23,7.54,7.1,4.42,4.2,3.82,8.12,8.14,87.33,16.32,118.48,74.45,97.8,36.52
P018,2026-08-18,55.11,70.75,7.35,7.2,4.02,4.29,3.78,8.05,7.8,87.31,16.31,118.39,74.41,97.54,36.54
P018,2026-08-19,56.0,68.05,7.25,7.3,3.78,4.37,3.74,7.99,7.59,87.3,16.29,118.3,74.37,97.38,36.57
P018,2026-08-20,55.56,69.25,7.3,7.4,3.86,4.45,3.69,7.93,7.68,87.28,16.28,118.21,74.33,97.45,36.59
P018,2026-08-21,54.08,73.52,7.49,7.49,4.21,4.52,3.64,7.88,7.99,87.26,16.27,118.11,74.28,97.69,36.61
P018,2026-08-22,52.61,77.73,7.67,7.58,4.55,4.59,3.59,7.83,8.31,87.24,16.25,118.0,74.23,97.92,36.63
P018,2026-08-23,52.22,78.79,7.72,7.66,4.62,4.64,3.54,7.8,8.39,87.22,16.24,117.9,74.18,97.97,36.64
P018,2026-08-24,53.14,76.0,7.61,7.72,4.36,4.68,3.49,7.77,8.17,87.2,16.22,117.79,74.13,97.81,36.66
P018,2026-08-25,54.63,71.54,7.43,7.77,3.96,4.7,3.43,7.76,7.83,87.18,16.2,117.67,74.07,97.55,36.66
P018,2026-08-26,55.51,68.87,7.32,7.81,3.71,4.7,3.38,7.76,7.62,87.16,16.19,117.56,74.02,97.4,36.67
P018,2026-08-27,55.06,70.09,7.38,7.83,3.8,4.69,3.32,7.77,7.71,87.14,16.17,117.44,73.97,97.46,36.67
P018,2026-08-28,53.57,74.37,7.57,7.83,4.14,4.65,3.27,7.8,8.03,87.12,16.15,117.33,73.91,97.7,36.67
P018,2026-08-29,52.09,78.59,7.75,7.81,4.48,4.6,3.21,7.84,8.34,87.1,16.14,117.21,73.85,97.93,36.66
P018,2026-08-30,51.7,79.67,7.8,7.79,4.55,4.53,3.15,7.9,8.42,87.08,16.12,117.09,73.8,97.99,36.64
P018,2026-08-31,52.61,76.88,7.69,7.74,4.29,4.45,3.1,7.97,8.21,87.05,16.1,116.97,73.74,97.82,36.63
P018,2026-09-01,54.1,72.42,7.51,7.69,3.89,4.36,3.04,8.04,7.86,87.03,16.09,116.86,73.69,97.57,36.61
P018,2026-09-02,54.98,69.75,7.41,7.63,3.64,4.25,2.99,8.12,7.66,87.01,16.07,116.74,73.64,97.41,36.59
P018,2026-09-03,54.53,70.96,7.47,7.56,3.73,4.14,2.93,8.21,7.74,86.99,16.06,116.63,73.58,97.47,36.57
P018,2026-09-04,53.04,75.24,7.65,7.49,4.07,4.03,2.88,8.29,8.06,86.97,16.04,116.52,73.53,97.71,36.54
P018,2026-09-05,51.58,79.45,7.83,7.42,4.41,3.92,2.83,8.38,8.38,86.95,16.03,116.42,73.48,97.95,36.52
P018,2026-09-06,51.19,80.51,7.88,7.36,4.48,3.82,2.78,8.46,8.46,86.93,16.01,116.31,73.43,98.0,36.5
P018,2026-09-07,52.12,77.7,7.77,7.3,4.23,3.72,2.73,8.54,8.24,86.92,16.0,116.22,73.39,97.84,36.48
P018,2026-09-08,53.61,73.23,7.59,7.25,3.83,3.64,2.69,8.6,7.9,86.9,15.98,116.12,73.34,97.58,36.46
P018,2026-09-09,54.51,70.53,7.48,7.21,3.58,3.57,2.64,8.66,7.69,86.88,15.97,116.03,73.3,97.42,36.45
P018,2026-09-10,54.08,71.72,7.54,7.19,3.67,3.52,2.6,8.7,7.77,86.87,15.96,115.95,73.26,97.49,36.44
P018,2026-09-11,53.01,75.31,7.65,7.08,4.08,3.58,2.7,8.65,8.06,86.85,15.95,115.97,73.27,97.71,36.43
P018,2026-09-12,51.96,78.83,7.76,6.98,4.48,3.65,2.81,8.57,8.35,86.84,15.94,116.0,73.29,97.93,36.43
P018,2026-09-13,51.99,79.19,7.74,6.9,4.61,3.75,2.91,8.49,8.39,86.83,15.93,116.04,73.31,97.98,36.43
P018,2026-09-14,53.34,75.69,7.56,6.83,4.42,3.87,3.02,8.39,8.14,86.82,15.92,116.09,73.34,97.8,36.44
P018,2026-09-15,55.27,70.51,7.3,6.78,4.08,4.0,3.13,8.28,7.77,86.81,15.91,116.14,73.36,97.53,36.45
P018,2026-09-16,56.59,67.11,7.12,6.74,3.9,4.15,3.25,8.15,7.52,86.8,15.91,116.2,73.4,97.36,36.47
P018,2026-09-17,57.37,66.31,6.97,6.5,4.16,4.5,3.63,7.85,7.52,86.79,15.9,116.46,73.53,97.39,36.48
P018,2026-09-18,55.91,70.53,7.15,6.59,4.51,4.58,3.61,7.79,7.84,86.79,15.9,116.43,73.51,97.62,36.5
P018,2026-09-19,54.49,74.68,7.33,6.68,4.86,4.67,3.6,7.73,8.15,86.78,15.89,116.41,73.5,97.86,36.53
P018,2026-09-20,52.18,78.89,7.7,7.27,4.65,4.3,2.92,8.07,8.37,86.78,15.89,115.88,73.24,97.97,36.55
P018,2026-09-21,55.11,72.79,7.25,6.86,4.69,4.85,3.58,7.59,8.0,86.78,15.89,116.38,73.49,97.75,36.57
P018,2026-09-22,56.65,68.24,7.06,6.94,4.29,4.94,3.58,7.52,7.65,86.78,15.89,116.38,73.49,97.49,36.59
P018,2026-09-23,57.59,65.47,6.95,7.02,4.05,5.02,3.58,7.46,7.44,86.78,15.89,116.38,73.49,97.33,36.62
P018,2026-09-24,53.69,72.37,7.59,8.0,3.63,4.27,2.38,8.15,7.8,86.78,15.89,115.49,73.04,97.49,36.63
P018,2026-09-25,56.19,70.09,7.1,7.04,4.56,5.26,3.73,7.27,7.81,86.79,15.9,116.52,73.56,97.61,36.65
P018,2026-09-26,50.89,80.6,7.93,8.09,4.34,4.39,2.41,8.06,8.42,86.79,15.9,115.54,73.07,97.96,36.66
P018,2026-09-27,50.58,81.53,7.97,8.12,4.42,4.42,2.43,8.03,8.49,86.8,15.91,115.58,73.09,98.01,36.67
P018,2026-09-28,51.6,78.58,7.84,8.12,4.18,4.44,2.45,8.02,8.27,86.81,15.91,115.63,73.11,97.85,36.67
P018,2026-09-29,53.18,73.96,7.65,8.11,3.79,4.44,2.48,8.02,7.92,86.82,15.92,115.68,73.13,97.59,36.67
P018,2026-09-30,54.16,71.13,7.53,8.08,3.56,4.43,2.5,8.03,7.7,86.83,15.93,115.74,73.16,97.43,36.66
P018,2026-10-01,53.82,72.17,7.57,8.03,3.66,4.4,2.54,8.05,7.78,86.84,15.94,115.81,73.19,97.49,36.65
P018,2026-10-02,52.43,76.28,7.73,7.97,4.02,4.35,2.57,8.09,8.09,86.86,15.95,115.88,73.23,97.72,36.64
P018,2026-10-03,51.07,80.31,7.9,7.9,4.37,4.29,2.61,8.13,8.4,86.87,15.96,115.96,73.27,97.95,36.62
P018,2026-10-04,50.79,81.19,7.93,7.81,4.46,4.22,2.65,8.18,8.47,86.89,15.97,116.04,73.31,98.01,36.6
P018,2026-10-05,51.83,78.2,7.8,7.72,4.22,4.14,2.69,8.24,8.24,86.9,15.99,116.13,73.35,97.84,36.58
P018,2026-10-06,53.44,73.55,7.6,7.62,3.84,4.06,2.74,8.3,7.89,86.92,16.0,116.23,73.39,97.58,36.56
