player_id,date,sleep_hours,sleep_quality,hrv,resting_hr,soreness,stress
P001,2026-04-10,8.13,8.56,79.95,51.12,3.5,2.75
P001,2026-04-11,8.25,8.56,81.83,50.1,3.78,2.89
P001,2026-04-12,8.22,8.55,81.38,50.37,3.74,2.92
P001,2026-04-13,8.04,8.52,78.88,51.77,3.4,2.83
P001,2026-04-14,7.84,8.48,76.1,53.29,3.03,2.72
P001,2026-04-15,7.76,8.42,75.02,53.84,2.89,2.7
P001,2026-04-16,7.78,8.25,75.64,53.44,3.14,2.95
P001,2026-04-17,7.87,8.06,77.5,52.33,3.57,3.26
P001,2026-04-18,7.91,7.88,78.53,51.68,3.88,3.52
P001,2026-04-19,7.79,7.69,77.27,52.3,3.86,3.65
P001,2026-04-20,7.54,7.5,73.99,54.05,3.56,3.68
P001,2026-04-21,7.26,7.31,70.49,55.94,3.23,3.68
P001,2026-04-22,7.11,7.13,68.74,56.84,3.14,3.78
P001,2026-04-23,7.27,7.16,70.73,55.59,3.27,3.72
P001,2026-04-24,7.51,7.21,74.01,53.63,3.58,3.73
P001,2026-04-25,7.7,7.27,76.51,52.12,3.78,3.69
P001,2026-04-26,7.74,7.35,76.78,51.89,3.66,3.53
P001,2026-04-27,7.65,7.44,75.07,52.8,3.26,3.25
P001,2026-04-28,7.54,7.55,73.17,53.83,2.83,2.96
P001,2026-04-29,7.56,7.68,73.05,53.88,2.65,2.76
P001,2026-04-30,7.68,7.72,74.72,52.98,2.87,2.82
P001,2026-05-01,7.89,7.77,77.68,51.37,3.27,2.94
P001,2026-05-02,8.04,7.84,79.85,50.22,3.56,3.01
P001,2026-05-03,8.05,7.91,79.77,50.35,3.53,2.96
P001,2026-05-04,7.91,8.0,77.7,51.61,3.22,2.79
P001,2026-05-05,7.77,8.09,75.4,52.99,2.87,2.62
P001,2026-05-06,7.74,8.18,74.84,53.41,2.77,2.53
P001,2026-05-07,7.87,8.26,76.67,52.47,3.0,2.56
P001,2026-05-08,8.09,8.35,79.75,50.82,3.41,2.66
P001,2026-05-09,8.26,8.42,81.98,49.63,3.7,2.72
P001,2026-05-10,8.26,8.49,81.9,49.73,3.66,2.65
P001,2026-05-11,8.12,8.54,79.77,50.96,3.33,2.47
P001,2026-05-12,7.96,8.58,77.36,52.32,2.97,2.28
P001,2026-05-13,7.92,8.6,76.64,52.71,2.84,2.18
P001,2026-05-14,8.03,8.61,78.27,51.75,3.04,2.2
P001,2026-05-15,8.23,8.59,81.11,50.08,3.42,2.29
P001,2026-05-16,8.37,8.57,83.09,48.88,3.67,2.34
P001,2026-05-17,8.34,8.53,82.74,48.96,3.59,2.27
P001,2026-05-18,8.18,8.47,80.33,50.18,3.23,2.08
P001,2026-05-19,7.99,8.41,77.65,51.54,2.83,1.89
P001,2026-05-20,7.92,8.33,76.68,51.92,2.67,1.79
P001,2026-05-21,8.01,8.25,78.08,50.97,2.85,1.81
P001,2026-05-22,8.19,8.17,80.73,49.31,3.2,1.91
P001,2026-05-23,8.31,8.09,82.55,48.11,3.43,1.96
P001,2026-05-24,8.28,8.01,82.09,48.21,3.35,1.89
P001,2026-05-25,8.1,7.94,79.63,49.44,2.98,1.71
P001,2026-05-26,7.92,7.88,76.95,50.81,2.58,1.53
P001,2026-05-27,7.85,7.83,76.02,51.22,2.43,1.44
P001,2026-05-28,7.96,7.8,77.52,50.29,2.62,1.47
P001,2026-05-29,8.08,7.67,79.65,49.05,3.06,1.72
P001,2026-05-30,8.15,7.57,80.99,48.29,3.38,1.92
P001,2026-05-31,8.07,7.48,80.09,48.81,3.39,2.0
P001,2026-06-01,7.85,7.4,77.19,50.48,3.12,1.98
P001,2026-06-02,7.62,7.34,74.1,52.29,2.82,1.95
P001,2026-06-03,7.51,7.3,72.76,53.14,2.77,2.02
P001,2026-06-04,7.57,7.26,73.84,52.65,3.06,2.22
P001,2026-06-05,7.85,7.44,77.51,50.65,3.41,2.21
P001,2026-06-06,8.08,7.63,80.36,49.13,3.65,2.16
P001,2026-06-07,8.15,7.82,80.93,48.9,3.57,2.0
P001,2026-06-08,8.08,8.01,79.47,49.82,3.2,1.73
P001,2026-06-09,7.99,8.2,77.76,50.88,2.8,1.45
P001,2026-06-10,8.02,8.38,77.75,50.97,2.65,1.27
P001,2026-06-11,8.21,8.55,80.1,49.72,2.82,1.21
P001,2026-06-12,8.41,8.61,83.0,48.18,3.23,1.37
P001,2026-06-13,8.55,8.65,85.04,47.11,3.52,1.49
P001,2026-06-14,8.53,8.68,84.74,47.33,3.48,1.48
P001,2026-06-15,8.37,8.69,82.37,48.7,3.16,1.38
P001,2026-06-16,8.19,8.68,79.72,50.21,2.79,1.26
P001,2026-06-17,8.12,8.66,78.73,50.75,2.67,1.24
P001,2026-06-18,8.2,8.62,80.09,49.95,2.87,1.35
P001,2026-06-19,8.37,8.57,82.67,48.45,3.25,1.53
P001,2026-06-20,8.48,8.5,84.37,47.43,3.51,1.67
P001,2026-06-21,8.43,8.43,83.76,47.69,3.44,1.69
P001,2026-06-22,8.24,8.35,81.1,49.1,3.09,1.6
P001,2026-06-23,8.03,8.26,78.19,50.65,2.7,1.51
P001,2026-06-24,7.94,8.17,76.99,51.23,2.56,1.51
P001,2026-06-25,8.01,8.08,78.19,50.47,2.75,1.64
P001,2026-06-26,8.17,8.0,80.65,49.0,3.12,1.83
P001,2026-06-27,8.27,7.92,82.3,48.01,3.38,1.99
P001,2026-06-28,8.22,7.86,81.69,48.3,3.32,2.02
P001,2026-06-29,8.03,7.81,79.09,49.73,2.98,1.95
P001,2026-06-30,7.83,7.77,76.3,51.3,2.61,1.87
P001,2026-07-01,7.76,7.75,75.26,51.9,2.49,1.88
P001,2026-07-02,7.85,7.74,76.67,51.15,2.71,2.01
P001,2026-07-03,8.03,7.75,79.37,49.7,3.11,2.22
P001,2026-07-04,8.16,7.78,81.29,48.71,3.41,2.38
P001,2026-07-05,8.14,7.82,80.96,49.01,3.38,2.41
P001,2026-07-06,7.98,7.88,78.64,50.45,3.08,2.34
P001,2026-07-07,7.81,7.95,76.12,52.01,2.75,2.26
P001,2026-07-08,7.76,8.02,75.35,52.61,2.66,2.27
P001,2026-07-09,7.88,8.1,76.99,51.86,2.91,2.4
P001,2026-07-10,8.08,8.18,79.89,50.39,3.33,2.6
P001,2026-07-11,8.16,8.16,81.31,49.79,3.7,2.89
P001,2026-07-12,8.08,8.14,80.43,50.48,3.75,3.05
P001,2026-07-13,7.86,8.1,77.52,52.29,3.51,3.11
P001,2026-07-14,7.62,8.06,74.35,54.24,3.23,3.15
P001,2026-07-15,7.49,8.01,72.87,55.2,3.19,3.28
P001,2026-07-16,7.53,7.94,73.76,54.82,3.48,3.53
P001,2026-07-17,7.65,7.86,75.86,53.73,3.94,3.85
P001,2026-07-18,7.85,7.97,78.42,52.3,4.16,3.85
P001,2026-07-19,7.89,8.06,78.66,52.14,4.05,3.72
P001,2026-07-20,7.78,8.14,76.84,53.11,3.66,3.48
P001,2026-07-21,7.66,8.2,74.75,54.22,3.22,3.23
P001,2026-07-22,7.65,8.24,74.35,54.34,3.02,3.06
P001,2026-07-23,7.8,8.28,76.32,53.11,3.16,3.02
P001,2026-07-24,8.03,8.31,79.53,51.18,3.46,3.04
P001,2026-07-25,8.14,8.22,81.25,50.09,3.71,3.15
P001,2026-07-26,8.1,8.14,80.67,50.29,3.63,3.14
P001,2026-07-27,7.84,7.95,77.44,52.01,3.33,3.14
P001,2026-07-28,7.58,7.77,73.98,53.85,2.99,3.13
P001,2026-07-29,7.43,7.59,72.27,54.72,2.9,3.21
P001,2026-07-30,7.72,7.83,75.56,52.67,2.91,2.88
P001,2026-07-31,7.56,7.27,74.99,53.04,3.57,3.68
P001,2026-08-01,7.62,7.12,76.22,52.3,3.88,3.89
P001,2026-08-02,7.53,7.0,75.2,52.84,3.87,3.99
P001,2026-08-03,7.84,7.69,77.37,51.38,3.13,2.9
P001,2026-08-04,7.07,6.79,69.04,56.3,3.27,3.93
P001,2026-08-05,6.95,6.71,67.64,57.12,3.21,3.99
P001,2026-08-06,7.74,7.76,75.77,52.29,2.85,2.7
P001,2026-08-07,7.95,7.82,78.75,50.66,3.25,2.81
P001,2026-08-08,8.11,7.89,80.94,49.49,3.54,2.87
P001,2026-08-09,8.11,7.96,80.89,49.6,3.5,2.81
P001,2026-08-10,7.98,8.05,78.83,50.84,3.19,2.63
P001,2026-08-11,7.84,8.14,76.55,52.21,2.84,2.45
P001,2026-08-12,7.81,8.23,76.01,52.6,2.74,2.35
P001,2026-08-13,7.95,8.31,77.85,51.65,2.97,2.38
P001,2026-08-14,8.17,8.4,80.94,49.99,3.38,2.47
P001,2026-08-15,8.33,8.47,83.18,48.79,3.66,2.52
P001,2026-08-16,8.34,8.54,83.12,48.88,3.62,2.45
P001,2026-08-17,8.2,8.59,80.99,50.1,3.3,2.27
P001,2026-08-18,8.04,8.63,78.59,51.46,2.93,2.07
P001,2026-08-19,8.0,8.65,77.88,51.84,2.8,1.97
P001,2026-08-20,8.11,8.66,79.51,50.88,3.01,1.99
P001,2026-08-21,8.31,8.65,82.35,49.21,3.38,2.08
P001,2026-08-22,8.45,8.62,84.33,48.01,3.63,2.13
P001,2026-08-23,8.35,8.48,83.31,48.5,3.62,2.19
P001,2026-08-24,8.12,8.32,80.24,50.12,3.31,2.15
P001,2026-08-25,7.86,8.15,76.9,51.89,2.97,2.1
P001,2026-08-26,7.72,7.97,75.26,52.68,2.87,2.14
P001,2026-08-27,7.75,7.79,75.99,52.14,3.11,2.3
P001,2026-08-28,7.86,7.6,77.96,50.89,3.52,2.54
P001,2026-08-29,7.91,7.42,79.11,50.11,3.81,2.73
P001,2026-08-30,7.94,7.44,79.3,49.81,3.67,2.54
P001,2026-08-31,7.83,7.48,77.48,50.67,3.25,2.23
P001,2026-09-01,7.71,7.52,75.44,51.66,2.79,1.92
P001,2026-09-02,7.71,7.57,75.15,51.68,2.58,1.7
P001,2026-09-03,7.88,7.64,77.29,50.36,2.72,1.61
P001,2026-09-04,8.14,7.72,80.72,48.35,3.04,1.59
P001,2026-09-05,8.35,7.82,83.35,46.81,3.24,1.54
P001,2026-09-06,8.33,7.83,83.08,46.96,3.19,1.49
P001,2026-09-07,8.18,7.86,80.82,48.25,2.87,1.35
P001,2026-09-08,8.01,7.9,78.36,49.68,2.51,1.2
P001,2026-09-09,7.97,7.96,77.66,50.16,2.4,1.14
P001,2026-09-10,8.09,8.03,79.37,49.29,2.64,1.21
P001,2026-09-11,8.3,8.1,82.35,47.72,3.05,1.36
P001,2026-09-12,8.46,8.19,84.51,46.63,3.35,1.46
P001,2026-09-13,8.46,8.27,84.4,46.83,3.33,1.44
P001,2026-09-14,8.32,8.36,82.25,48.17,3.03,1.33
P001,2026-09-15,8.16,8.44,79.85,49.66,2.69,1.2
P001,2026-09-16,8.11,8.52,79.15,50.18,2.59,1.17
P001,2026-09-17,8.23,8.59,80.81,49.36,2.83,1.27
P001,2026-09-18,8.43,8.64,83.69,47.84,3.24,1.44
P001,2026-09-19,8.57,8.68,85.7,46.8,3.53,1.56
P001,2026-09-20,8.55,8.71,85.38,47.04,3.5,1.57
P001,2026-09-21,8.39,8.72,82.99,48.43,3.18,1.48
P001,2026-09-22,8.2,8.71,80.31,49.96,2.81,1.38
P001,2026-09-23,8.13,8.69,79.3,50.53,2.69,1.37
P001,2026-09-24,8.21,8.65,80.64,49.75,2.9,1.49
P001,2026-09-25,8.38,8.6,83.19,48.27,3.28,1.68
P001,2026-09-26,8.49,8.53,84.88,47.27,3.54,1.83
P001,2026-09-27,8.43,8.46,84.25,47.55,3.47,1.86
P001,2026-09-28,8.24,8.37,81.58,48.97,3.12,1.78
P001,2026-09-29,8.03,8.28,78.65,50.53,2.73,1.69
P001,2026-09-30,7.93,8.19,77.44,51.12,2.59,1.7
P001,2026-10-01,8.0,8.11,78.63,50.37,2.78,1.83
P001,2026-10-02,8.16,8.02,81.08,48.92,3.16,2.04
P001,2026-10-03,8.26,7.95,82.72,47.93,3.41,2.19
P001,2026-10-04,8.21,7.88,82.11,48.23,3.35,2.23
P001,2026-10-05,7.96,7.73,78.84,50.07,3.07,2.3
P001,2026-10-06,7.69,7.58,75.38,52.04,2.76,2.35
P002,2026-04-10,7.67,7.67,74.64,54.33,4.83,3.84
P002,2026-04-11,7.66,7.48,74.89,54.1,5.03,4.04
P002,2026-04-12,7.48,7.29,72.73,55.22,4.88,4.12
P002,2026-04-13,7.2,7.1,69.13,57.14,4.53,4.11
P002,2026-04-14,7.1,7.12,67.46,57.93,4.14,3.86
P002,2026-04-15,7.16,7.15,68.02,57.46,4.07,3.72
P002,2026-04-16,7.37,7.19,70.76,55.79,4.29,3.69
P002,2026-04-17,7.61,7.25,74.0,53.84,4.59,3.68
P002,2026-04-18,7.75,7.31,75.74,52.76,4.68,3.58
P002,2026-04-19,7.73,7.39,75.12,53.03,4.43,3.36
P002,2026-04-20,7.61,7.49,73.1,54.11,3.98,3.05
P002,2026-04-21,7.48,7.5,71.06,55.24,3.68,2.91
P002,2026-04-22,7.49,7.53,71.28,55.13,3.69,2.88
P002,2026-04-23,7.67,7.58,73.68,53.81,4.01,2.97
P002,2026-04-24,7.87,7.63,76.6,52.22,4.4,3.07
P002,2026-04-25,7.98,7.7,78.01,51.5,4.58,3.09
P002,2026-04-26,7.92,7.78,77.03,52.13,4.42,2.98
P002,2026-04-27,7.76,7.87,74.63,53.57,4.05,2.79
P002,2026-04-28,7.65,7.96,72.84,54.66,3.77,2.63
P002,2026-04-29,7.69,8.05,73.25,54.52,3.8,2.58
P002,2026-04-30,7.88,8.14,75.8,53.17,4.13,2.65
P002,2026-05-01,8.09,8.22,78.81,51.55,4.53,2.74
P002,2026-05-02,8.2,8.29,80.25,50.81,4.7,2.75
P002,2026-05-03,8.14,8.35,79.25,51.41,4.53,2.63
P002,2026-05-04,7.98,8.4,76.77,52.83,4.16,2.43
P002,2026-05-05,7.85,8.44,74.84,53.91,3.86,2.26
P002,2026-05-06,7.87,8.46,75.07,53.76,3.86,2.2
P002,2026-05-07,8.03,8.46,77.4,52.39,4.16,2.27
P002,2026-05-08,8.23,8.44,80.16,50.77,4.52,2.35
P002,2026-05-09,8.31,8.41,81.32,50.02,4.66,2.36
P002,2026-05-10,8.22,8.36,80.03,50.62,4.46,2.23
P002,2026-05-11,8.02,8.31,77.26,52.04,4.04,2.03
P002,2026-05-12,7.87,8.24,75.06,53.13,3.71,1.87
P002,2026-05-13,7.87,8.16,75.03,52.99,3.68,1.82
P002,2026-05-14,8.01,8.08,77.13,51.64,3.96,1.89
P002,2026-05-15,8.18,8.0,79.69,50.03,4.3,1.98
P002,2026-05-16,8.24,7.92,80.71,49.29,4.42,2.0
P002,2026-05-17,8.14,7.84,79.32,49.92,4.21,1.89
P002,2026-05-18,7.95,7.77,76.49,51.37,3.8,1.7
P002,2026-05-19,7.79,7.72,74.29,52.48,3.47,1.55
P002,2026-05-20,7.72,7.57,73.66,52.77,3.52,1.66
P002,2026-05-21,7.81,7.43,75.2,51.86,3.87,1.88
P002,2026-05-22,7.92,7.31,77.25,50.68,4.3,2.13
P002,2026-05-23,7.94,7.21,77.78,50.39,4.51,2.3
P002,2026-05-24,7.66,6.92,74.65,52.24,4.51,2.61
P002,2026-05-25,7.35,6.75,70.76,54.52,4.25,2.72
P002,2026-05-26,7.08,6.59,67.49,56.47,4.08,2.86
P002,2026-05-27,7.44,7.16,70.99,54.43,3.82,2.18
P002,2026-05-28,7.28,6.72,70.22,55.11,5.44,2.96
P002,2026-05-29,7.49,6.81,73.15,53.57,5.84,3.09
P002,2026-05-30,7.6,6.89,74.54,52.92,6.02,3.15
P002,2026-05-31,8.13,7.89,79.31,50.1,5.36,1.88
P002,2026-06-01,7.37,7.07,71.04,55.15,5.52,2.94
P002,2026-06-02,7.98,8.27,76.22,52.05,4.62,1.37
P002,2026-06-03,8.0,8.34,76.47,52.03,4.65,1.38
P002,2026-06-04,8.17,8.41,78.84,50.81,4.99,1.52
P002,2026-06-05,8.36,8.46,81.64,49.33,4.39,1.68
P002,2026-06-06,8.45,8.5,82.84,48.73,4.57,1.77
P002,2026-06-07,8.36,8.52,81.59,49.5,4.4,1.73
P002,2026-06-08,8.17,8.52,78.83,51.08,4.03,1.62
P002,2026-06-09,8.01,8.51,76.63,52.34,3.73,1.54
P002,2026-06-10,8.01,8.48,76.57,52.36,3.74,1.58
P002,2026-06-11,8.14,8.44,78.61,51.19,4.04,1.74
P002,2026-06-12,8.3,8.38,81.08,49.75,4.41,1.92
P002,2026-06-13,8.35,8.32,81.96,49.19,4.56,2.03
P002,2026-06-14,8.24,8.24,80.41,49.99,4.36,2.01
P002,2026-06-15,8.02,8.15,77.38,51.61,3.96,1.91
P002,2026-06-16,7.84,8.06,74.93,52.89,3.64,1.85
P002,2026-06-17,7.81,7.97,74.68,52.95,3.63,1.91
P002,2026-06-18,7.93,7.89,76.58,51.8,3.93,2.08
P002,2026-06-19,8.08,7.8,78.97,50.38,4.29,2.28
P002,2026-06-20,8.13,7.73,79.82,49.84,4.44,2.39
P002,2026-06-21,8.02,7.67,78.29,50.66,4.25,2.38
P002,2026-06-22,7.81,7.62,75.35,52.29,3.86,2.29
P002,2026-06-23,7.64,7.59,73.05,53.59,3.56,2.24
P002,2026-06-24,7.63,7.57,72.99,53.65,3.58,2.3
P002,2026-06-25,7.78,7.57,75.11,52.51,3.9,2.47
P002,2026-06-26,7.96,7.59,77.75,51.09,4.3,2.67
P002,2026-06-27,8.03,7.62,78.89,50.55,4.48,2.78
P002,2026-06-28,7.95,7.67,77.66,51.36,4.32,2.77
P002,2026-06-29,7.77,7.73,75.01,52.99,3.97,2.67
P002,2026-06-30,7.63,7.8,72.99,54.27,3.71,2.61
P002,2026-07-01,7.65,7.87,73.19,54.32,3.75,2.66
P002,2026-07-02,7.75,7.85,74.89,53.55,4.16,2.96
P002,2026-07-03,7.88,7.83,77.08,52.52,4.63,3.29
P002,2026-07-04,7.9,7.81,77.71,52.35,4.89,3.53
P002,2026-07-05,7.76,7.78,75.92,53.54,4.8,3.63
P002,2026-07-06,7.52,7.75,72.67,55.53,4.51,3.66
P002,2026-07-07,7.31,7.7,70.0,57.18,4.29,3.72
P002,2026-07-08,7.26,7.65,69.49,57.59,4.38,3.89
P002,2026-07-09,7.48,7.78,72.42,55.99,4.65,3.9
P002,2026-07-10,7.73,7.91,75.78,54.12,4.98,3.93
P002,2026-07-11,7.88,8.01,77.56,53.11,5.09,3.87
P002,2026-07-12,7.85,8.1,76.88,53.45,4.85,3.68
P002,2026-07-13,7.72,8.17,74.73,54.59,4.4,3.41
P002,2026-07-14,7.63,8.23,73.13,55.4,4.03,3.17
P002,2026-07-15,7.69,8.28,73.71,54.96,3.96,3.04
P002,2026-07-16,7.82,8.21,75.75,53.71,4.25,3.16
P002,2026-07-17,7.99,8.13,78.25,52.19,4.6,3.3
P002,2026-07-18,8.05,8.05,79.18,51.53,4.73,3.36
P002,2026-07-19,7.94,7.96,77.71,52.22,4.52,3.28
P002,2026-07-20,7.73,7.88,74.8,53.72,4.11,3.12
P002,2026-07-21,7.57,7.8,72.5,54.87,3.78,2.99
P002,2026-07-22,7.56,7.72,72.43,54.79,3.76,2.97
P002,2026-07-23,7.7,7.66,74.53,53.49,4.05,3.07
P002,2026-07-24,7.87,7.61,77.14,51.92,4.4,3.18
P002,2026-07-25,7.95,7.57,78.24,51.21,4.54,3.21
P002,2026-07-26,7.86,7.55,76.99,51.86,4.35,3.11
P002,2026-07-27,7.68,7.55,74.33,53.31,3.96,2.93
P002,2026-07-28,7.55,7.56,72.32,54.42,3.66,2.78
P002,2026-07-29,7.57,7.59,72.55,54.3,3.67,2.74
P002,2026-07-30,7.74,7.63,74.97,52.96,3.98,2.81
P002,2026-07-31,7.95,7.69,77.91,51.35,4.37,2.91
P002,2026-08-01,8.06,7.76,79.33,50.61,4.55,2.92
P002,2026-08-02,8.0,7.84,78.37,51.22,4.38,2.8
P002,2026-08-03,7.85,7.93,75.98,52.65,4.02,2.6
P002,2026-08-04,7.73,8.02,74.2,53.74,3.74,2.44
P002,2026-08-05,7.77,8.11,74.63,53.58,3.77,2.39
P002,2026-08-06,7.96,8.2,77.19,52.23,4.1,2.45
P002,2026-08-07,8.18,8.28,80.2,50.6,4.49,2.53
P002,2026-08-08,8.29,8.35,81.65,49.85,4.67,2.54
P002,2026-08-09,8.23,8.42,80.65,50.45,4.5,2.41
P002,2026-08-10,8.06,8.46,78.17,51.87,4.12,2.21
P002,2026-08-11,7.94,8.5,76.24,52.95,3.82,2.05
P002,2026-08-12,7.96,8.52,76.47,52.8,3.82,1.99
P002,2026-08-13,8.12,8.52,78.8,51.44,4.12,2.06
P002,2026-08-14,8.24,8.4,80.89,50.22,4.55,2.28
P002,2026-08-15,8.25,8.26,81.39,49.88,4.74,2.43
P002,2026-08-16,8.1,8.11,79.43,50.89,4.6,2.45
P002,2026-08-17,7.83,7.95,75.99,52.72,4.25,2.39
P002,2026-08-18,7.61,7.78,73.11,54.22,3.97,2.37
P002,2026-08-19,7.54,7.6,72.41,54.49,4.01,2.47
P002,2026-08-20,7.61,7.42,73.83,53.56,4.34,2.68
P002,2026-08-21,7.84,7.44,77.04,51.57,4.63,2.65
P002,2026-08-22,7.98,7.46,78.69,50.45,4.69,2.53
P002,2026-08-23,7.81,7.28,76.66,51.48,4.54,2.56
P002,2026-08-24,7.61,7.22,73.83,52.94,4.12,2.38
P002,2026-08-25,7.46,7.16,71.62,54.07,3.8,2.24
P002,2026-08-26,7.79,7.62,74.85,52.01,3.5,1.55
P002,2026-08-27,7.61,7.08,73.82,52.66,4.08,2.31
P002,2026-08-28,7.72,6.97,75.86,51.51,4.51,2.57
P002,2026-08-29,7.74,6.86,76.39,51.23,4.72,2.75
P002,2026-08-30,8.19,7.69,80.33,48.79,4.09,1.61
P002,2026-08-31,7.34,6.71,71.27,54.22,4.29,2.79
P002,2026-09-01,7.88,7.77,75.72,51.49,3.43,1.34
P002,2026-09-02,7.9,7.83,75.96,51.45,3.46,1.35
P002,2026-09-03,8.07,7.89,78.36,50.21,3.8,1.47
P002,2026-09-04,8.27,7.97,81.25,48.71,4.2,1.63
P002,2026-09-05,8.37,8.06,82.59,48.09,4.39,1.7
P002,2026-09-06,8.3,8.14,81.53,48.83,4.25,1.65
P002,2026-09-07,8.14,8.23,79.0,50.39,4.89,1.53
P002,2026-09-08,8.01,8.31,77.06,51.63,4.63,1.44
P002,2026-09-09,8.03,8.38,77.29,51.63,4.67,1.47
P002,2026-09-10,8.19,8.44,79.63,50.44,5.01,1.62
P002,2026-09-11,8.38,8.49,82.41,48.98,5.41,1.79
P002,2026-09-12,8.47,8.53,83.59,48.41,5.59,1.89
P002,2026-09-13,8.38,8.55,82.31,49.19,5.42,1.86
P002,2026-09-14,8.18,8.56,79.54,50.8,5.05,1.76
P002,2026-09-15,8.03,8.55,77.31,52.07,3.76,1.69
P002,2026-09-16,8.02,8.52,77.24,52.11,3.77,1.74
P002,2026-09-17,8.15,8.48,79.26,50.96,4.08,1.91
P002,2026-09-18,8.31,8.42,81.71,49.53,4.44,2.1
P002,2026-09-19,8.36,8.35,82.58,48.99,4.59,2.21
P002,2026-09-20,8.24,8.27,81.01,49.8,4.4,2.2
P002,2026-09-21,8.02,8.18,77.97,51.43,4.0,2.11
P002,2026-09-22,7.84,8.09,75.52,52.72,3.68,2.05
P002,2026-09-23,7.81,8.0,75.26,52.78,3.67,2.11
P002,2026-09-24,7.93,7.92,77.16,51.64,3.96,2.29
P002,2026-09-25,8.08,7.84,79.54,50.23,4.33,2.49
P002,2026-09-26,8.06,7.66,79.73,50.09,4.53,2.74
P002,2026-09-27,7.88,7.49,77.54,51.31,4.4,2.86
P002,2026-09-28,7.6,7.34,73.94,53.34,4.07,2.91
P002,2026-09-29,7.37,7.21,70.98,55.03,3.83,2.99
P002,2026-09-30,7.29,7.08,70.26,55.49,3.91,3.18
P002,2026-10-01,7.37,6.98,71.74,54.74,4.29,3.49
P002,2026-10-02,7.48,6.89,73.73,53.72,4.74,3.82
P002,2026-10-03,7.63,7.03,75.53,52.76,4.86,3.79
P002,2026-10-04,7.61,7.18,74.97,53.16,4.65,3.64
P002,2026-10-05,7.5,7.34,73.0,54.37,4.24,3.4
P002,2026-10-06,7.43,7.52,71.65,55.24,3.91,3.19
P003,2026-04-10,6.79,5.91,66.72,58.01,4.69,5.34
P003,2026-04-11,6.86,5.98,67.56,57.43,4.64,5.18
P003,2026-04-12,6.73,5.97,65.56,58.51,4.34,5.04
P003,2026-04-13,6.55,5.97,62.89,59.97,3.95,4.86
P003,2026-04-14,6.46,5.99,61.65,60.66,3.75,4.74
P003,2026-04-15,6.55,6.02,62.85,60.0,3.9,4.76
P003,2026-04-16,6.76,6.07,65.73,58.41,4.28,4.85
P003,2026-04-17,6.94,6.13,68.28,57.02,4.61,4.93
P003,2026-04-18,6.98,6.21,68.78,56.81,4.65,4.89
P003,2026-04-19,6.87,6.29,67.07,57.85,4.38,4.73
P003,2026-04-20,6.72,6.38,64.67,59.28,4.02,4.53
P003,2026-04-21,6.66,6.47,63.64,59.95,3.84,4.41
P003,2026-04-22,6.76,6.56,65.02,59.26,4.0,4.41
P003,2026-04-23,6.98,6.65,68.02,57.65,4.4,4.49
P003,2026-04-24,7.17,6.73,70.64,56.24,4.73,4.56
P003,2026-04-25,7.21,6.8,71.14,56.01,4.77,4.51
P003,2026-04-26,7.1,6.86,69.38,57.04,4.49,4.35
P003,2026-04-27,6.93,6.9,66.87,58.47,4.11,4.15
P003,2026-04-28,6.86,6.93,65.68,59.13,3.91,4.02
P003,2026-04-29,6.94,6.94,66.86,58.44,4.05,4.02
P003,2026-04-30,7.13,6.94,69.62,56.83,4.41,4.1
P003,2026-05-01,7.3,6.92,71.96,55.43,4.72,4.17
P003,2026-05-02,7.31,6.89,72.18,55.2,4.72,4.13
P003,2026-05-03,7.17,6.84,70.11,56.24,4.41,3.97
P003,2026-05-04,6.97,6.78,67.31,57.68,3.99,3.77
P003,2026-05-05,6.87,6.7,65.84,58.36,3.76,3.65
P003,2026-05-06,6.93,6.63,66.75,57.69,3.87,3.66
P003,2026-05-07,7.1,6.54,69.28,56.11,4.21,3.76
P003,2026-05-08,7.24,6.46,71.44,54.73,4.5,3.84
P003,2026-05-09,7.24,6.38,71.5,54.54,4.49,3.82
P003,2026-05-10,7.09,6.31,69.34,55.61,4.17,3.68
P003,2026-05-11,6.82,6.14,65.83,57.49,3.82,3.64
P003,2026-05-12,6.58,5.88,63.06,58.99,3.71,3.8
P003,2026-05-13,6.64,5.83,64.02,58.37,3.84,3.84
P003,2026-05-14,6.55,5.4,64.06,58.4,4.43,4.5
P003,2026-05-15,6.58,5.18,65.06,57.86,4.86,4.87
P003,2026-05-16,6.46,4.98,64.01,58.5,5.0,5.14
P003,2026-05-17,6.59,5.4,64.62,58.06,4.49,4.49
P003,2026-05-18,6.02,4.84,58.15,61.92,4.46,5.13
P003,2026-05-19,5.94,4.89,56.94,62.67,4.28,5.05
P003,2026-05-20,6.03,4.95,58.16,62.08,4.44,5.11
P003,2026-05-21,6.9,6.04,67.47,56.67,4.27,3.91
P003,2026-05-22,7.14,6.23,70.64,54.98,4.56,3.91
P003,2026-05-23,7.25,6.41,71.72,54.48,4.56,3.79
P003,2026-05-24,7.19,6.6,70.55,55.25,4.24,3.56
P003,2026-05-25,7.02,6.69,68.02,56.82,3.89,3.44
P003,2026-05-26,6.95,6.77,66.82,57.63,3.73,3.39
P003,2026-05-27,7.03,6.84,68.0,57.1,3.9,3.47
P003,2026-05-28,7.23,6.9,70.78,55.65,4.3,3.64
P003,2026-05-29,7.39,6.95,73.16,54.42,4.64,3.79
P003,2026-05-30,7.41,6.98,73.4,54.36,4.69,3.84
P003,2026-05-31,7.26,7.0,71.35,55.57,4.41,3.77
P003,2026-06-01,7.07,7.0,68.55,57.19,4.04,3.67
P003,2026-06-02,6.96,6.98,67.06,58.04,3.85,3.64
P003,2026-06-03,7.02,6.95,67.93,57.54,3.99,3.74
P003,2026-06-04,7.18,6.9,70.39,56.13,4.35,3.93
P003,2026-06-05,7.31,6.84,72.45,54.92,4.67,4.1
P003,2026-06-06,7.3,6.77,72.38,54.9,4.68,4.16
P003,2026-06-07,7.12,6.69,70.04,56.14,4.38,4.11
P003,2026-06-08,6.9,6.6,66.99,57.78,3.97,4.01
P003,2026-06-09,6.77,6.51,65.28,58.65,3.76,4.0
P003,2026-06-10,6.81,6.42,65.98,58.17,3.88,4.11
P003,2026-06-11,6.96,6.34,68.33,56.77,4.24,4.3
P003,2026-06-12,7.09,6.26,70.32,55.58,4.55,4.48
P003,2026-06-13,7.07,6.19,70.25,55.57,4.56,4.55
P003,2026-06-14,6.91,6.13,67.98,56.81,4.27,4.5
P003,2026-06-15,6.7,6.09,65.03,58.45,3.88,4.41
P003,2026-06-16,6.59,6.06,63.5,59.32,3.69,4.39
P003,2026-06-17,6.64,6.05,64.41,58.84,3.84,4.5
P003,2026-06-18,6.82,6.05,67.0,57.44,4.22,4.69
P003,2026-06-19,6.97,6.08,69.27,56.24,4.56,4.86
P003,2026-06-20,6.99,6.11,69.5,56.21,4.61,4.92
P003,2026-06-21,6.85,6.16,67.53,57.43,4.35,4.86
P003,2026-06-22,6.67,6.23,64.89,59.05,4.99,4.76
P003,2026-06-23,6.52,6.2,62.98,60.3,4.89,4.87
P003,2026-06-24,6.54,6.17,63.5,60.19,5.13,5.1
P003,2026-06-25,6.67,6.15,65.67,59.16,5.6,5.41
P003,2026-06-26,6.77,6.13,67.48,58.33,6.01,5.7
P003,2026-06-27,6.74,6.11,67.2,58.67,6.13,5.88
P003,2026-06-28,6.54,6.08,64.67,60.26,5.94,5.94
P003,2026-06-29,6.3,6.05,61.42,62.24,5.64,5.95
P003,2026-06-30,6.29,6.21,60.83,62.65,4.41,5.77
P003,2026-07-01,6.43,6.36,62.61,61.7,4.51,5.7
P003,2026-07-02,6.69,6.49,66.0,59.82,4.84,5.72
P003,2026-07-03,6.92,6.61,68.98,58.14,5.11,5.72
P003,2026-07-04,7.0,6.71,69.84,57.63,5.07,5.6
P003,2026-07-05,6.92,6.8,68.42,58.37,4.72,5.35
P003,2026-07-06,6.79,6.87,66.26,59.5,4.27,5.07
P003,2026-07-07,6.69,6.82,64.78,60.26,4.05,4.99
P003,2026-07-08,6.74,6.76,65.67,59.66,4.18,5.04
P003,2026-07-09,6.91,6.69,68.17,58.13,4.52,5.17
P003,2026-07-10,7.05,6.61,70.3,56.8,4.82,5.27
P003,2026-07-11,7.05,6.53,70.33,56.64,4.81,5.27
P003,2026-07-12,6.89,6.44,68.12,57.74,4.49,5.13
P003,2026-07-13,6.68,6.36,65.22,59.22,4.07,4.96
P003,2026-07-14,6.57,6.28,63.7,59.93,3.85,4.86
P003,2026-07-15,6.63,6.21,64.61,59.29,3.96,4.88
P003,2026-07-16,6.74,6.06,66.55,58.11,4.37,5.12
P003,2026-07-17,6.96,6.11,69.44,56.34,4.61,5.07
P003,2026-07-18,6.77,5.78,67.72,57.31,4.79,5.44
P003,2026-07-19,6.57,5.66,65.09,58.76,4.54,5.42
P003,2026-07-20,6.32,5.56,61.8,60.6,4.21,5.36
P003,2026-07-21,6.58,6.08,63.79,59.32,3.72,4.58
P003,2026-07-22,6.2,5.41,60.5,61.37,4.27,5.51
P003,2026-07-23,6.34,5.36,62.75,60.16,4.71,5.74
P003,2026-07-24,6.46,5.32,64.67,59.15,5.09,5.94
P003,2026-07-25,7.1,6.3,70.98,55.41,4.62,4.69
P003,2026-07-26,6.99,6.39,69.27,56.44,4.35,4.53
P003,2026-07-27,6.84,6.47,66.88,57.87,3.98,4.33
P003,2026-07-28,6.78,6.57,65.85,58.53,3.8,4.2
P003,2026-07-29,6.89,6.66,67.24,57.83,3.97,4.2
P003,2026-07-30,7.1,6.74,70.24,56.22,4.36,4.28
P003,2026-07-31,7.29,6.82,72.86,54.81,4.69,4.35
P003,2026-08-01,7.34,6.9,73.37,54.59,4.73,4.3
P003,2026-08-02,7.22,6.95,71.6,55.62,4.46,4.14
P003,2026-08-03,7.06,7.0,69.08,57.05,4.07,3.94
P003,2026-08-04,6.98,7.03,67.89,57.71,3.88,3.81
P003,2026-08-05,6.99,6.94,68.4,57.43,4.08,3.95
P003,2026-08-06,7.12,6.83,70.49,56.23,4.5,4.18
P003,2026-08-07,7.21,6.71,72.16,55.25,4.86,4.39
P003,2026-08-08,7.16,6.57,71.71,55.44,4.93,4.49
P003,2026-08-09,6.94,6.42,68.97,56.89,4.67,4.48
P003,2026-08-10,6.68,6.25,65.48,58.75,4.32,4.43
P003,2026-08-11,6.5,6.08,63.34,59.85,4.15,4.46
P003,2026-08-12,6.63,6.1,64.89,58.79,4.2,4.34
P003,2026-08-13,6.86,6.12,68.05,56.83,4.48,4.31
P003,2026-08-14,7.07,6.14,70.85,55.08,4.71,4.27
P003,2026-08-15,7.14,6.17,71.55,54.5,4.65,4.12
P003,2026-08-16,7.05,6.19,70.03,55.2,4.27,3.85
P003,2026-08-17,6.92,6.23,67.81,56.3,3.8,3.55
P003,2026-08-18,6.88,6.28,66.98,56.63,3.53,3.32
P003,2026-08-19,6.94,6.23,67.92,56.03,3.65,3.37
P003,2026-08-20,7.12,6.21,70.53,54.51,4.01,3.5
P003,2026-08-21,7.27,6.19,72.81,53.2,4.33,3.62
P003,2026-08-22,7.29,6.2,73.03,53.08,4.36,3.63
P003,2026-08-23,7.15,6.22,71.05,54.23,4.08,3.53
P003,2026-08-24,6.97,6.25,68.4,55.78,3.71,3.39
P003,2026-08-25,6.89,6.3,67.15,56.56,3.53,3.33
P003,2026-08-26,6.97,6.36,68.32,56.01,3.7,3.4
P003,2026-08-27,7.17,6.43,71.15,54.54,4.1,3.56
P003,2026-08-28,7.34,6.51,73.63,53.28,4.45,3.7
P003,2026-08-29,7.38,6.6,74.03,53.21,4.51,3.74
P003,2026-08-30,7.25,6.68,72.18,54.4,4.26,3.66
P003,2026-08-31,7.08,6.76,69.61,56.0,3.91,3.54
P003,2026-09-01,7.0,6.84,68.39,56.83,3.75,3.5
P003,2026-09-02,7.09,6.91,69.55,56.32,3.92,3.6
P003,2026-09-03,7.28,6.97,72.31,54.89,4.32,3.78
P003,2026-09-04,7.44,7.02,74.67,53.68,4.67,3.94
P003,2026-09-05,7.45,7.05,74.89,53.64,4.72,4.0
P003,2026-09-06,7.31,7.07,72.82,54.87,4.44,3.94
P003,2026-09-07,7.11,7.07,70.01,56.5,4.07,3.84
P003,2026-09-08,7.0,7.05,68.51,57.36,3.88,3.82
P003,2026-09-09,7.06,7.02,69.37,56.88,4.02,3.93
P003,2026-09-10,7.22,6.97,71.81,55.48,4.39,4.12
P003,2026-09-11,7.35,6.91,73.86,54.28,4.7,4.3
P003,2026-09-12,7.33,6.84,73.78,54.27,4.72,4.37
P003,2026-09-13,7.16,6.76,71.44,55.51,4.41,4.31
P003,2026-09-14,6.94,6.67,68.38,57.15,4.01,4.22
P003,2026-09-15,6.81,6.58,66.68,58.03,3.8,4.21
P003,2026-09-16,6.85,6.49,67.38,57.55,3.92,4.32
P003,2026-09-17,6.93,6.3,69.06,56.55,4.34,4.65
P003,2026-09-18,6.99,6.12,70.4,55.76,4.7,4.96
P003,2026-09-19,6.91,5.95,69.67,56.14,4.78,5.17
P003,2026-09-20,6.67,5.79,66.74,57.78,4.54,5.25
P003,2026-09-21,6.39,5.64,63.15,59.81,4.21,5.29
P003,2026-09-22,6.22,5.51,60.96,61.07,4.07,5.4
P003,2026-09-23,6.21,5.39,61.22,60.98,4.28,5.64
P003,2026-09-24,6.45,5.5,64.49,59.16,4.61,5.69
P003,2026-09-25,6.67,5.63,67.43,57.55,4.89,5.72
P003,2026-09-26,6.76,5.77,68.34,57.1,4.88,5.63
P003,2026-09-27,6.7,5.92,67.04,57.91,4.55,5.43
P003,2026-09-28,6.59,6.09,65.08,59.11,4.14,5.18
P003,2026-09-29,6.57,6.27,64.51,59.54,3.91,5.0
P003,2026-09-30,6.73,6.45,66.37,58.61,4.03,4.95
P003,2026-10-01,6.93,6.54,69.23,57.15,4.44,5.11
P003,2026-10-02,7.11,6.62,71.72,55.9,4.79,5.26
P003,2026-10-03,7.14,6.71,72.13,55.81,4.85,5.29
P003,2026-10-04,7.02,6.78,70.28,56.97,4.59,5.19
P003,2026-10-05,6.85,6.85,67.72,58.53,4.23,5.06
P003,2026-10-06,6.77,6.91,66.49,59.31,4.06,4.99
P004,2026-04-10,6.91,6.01,67.31,57.75,5.56,5.0
P004,2026-04-11,6.89,6.08,66.86,58.07,5.47,4.91
P004,2026-04-12,6.74,6.17,64.63,59.39,5.12,4.72
P004,2026-04-13,6.61,6.26,62.55,60.65,4.8,4.53
P004,2026-04-14,6.61,6.35,62.43,60.8,4.75,4.45
P004,2026-04-15,6.77,6.44,64.63,59.65,5.03,4.49
P004,2026-04-16,7.0,6.52,67.74,57.97,5.44,4.58
P004,2026-04-17,7.14,6.6,69.67,56.95,5.68,4.61
P004,2026-04-18,7.12,6.67,69.2,57.27,5.58,4.52
P004,2026-04-19,6.97,6.72,66.89,58.6,5.23,4.33
P004,2026-04-20,6.82,6.76,64.67,59.85,4.89,4.14
P004,2026-04-21,6.8,6.79,64.37,60.01,4.82,4.06
P004,2026-04-22,6.94,6.8,66.34,58.87,5.07,4.11
P004,2026-04-23,7.14,6.79,69.19,57.21,5.45,4.21
P004,2026-04-24,7.25,6.76,70.83,56.2,5.66,4.25
P004,2026-04-25,7.2,6.72,70.06,56.53,5.53,4.16
P004,2026-04-26,7.02,6.67,67.44,57.89,5.14,3.98
P004,2026-04-27,6.84,6.6,64.92,59.17,4.77,3.81
P004,2026-04-28,6.8,6.53,64.33,59.35,4.67,3.75
P004,2026-04-29,6.91,6.45,66.03,58.24,4.89,3.81
P004,2026-04-30,7.08,6.37,68.65,56.61,5.25,3.92
P004,2026-05-01,7.18,6.28,70.11,55.64,5.44,3.98
P004,2026-05-02,7.04,6.1,68.53,56.41,5.36,4.05
P004,2026-05-03,6.78,5.92,65.16,58.21,5.03,4.03
P004,2026-05-04,6.53,5.76,61.94,59.93,4.72,4.02
P004,2026-05-05,6.42,5.6,60.71,60.56,4.69,4.11
P004,2026-05-06,6.41,5.35,61.18,60.29,5.05,4.47
P004,2026-05-07,6.46,5.13,62.61,59.49,5.55,4.88
P004,2026-05-08,6.63,5.22,64.84,58.19,5.72,4.83
P004,2026-05-09,6.38,4.92,62.2,59.77,5.78,5.19
P004,2026-05-10,6.22,4.95,59.72,61.21,6.43,5.05
P004,2026-05-11,6.06,4.99,57.41,62.57,6.1,4.92
P004,2026-05-12,6.51,5.75,61.59,60.1,5.65,3.97
P004,2026-05-13,6.18,5.11,59.1,61.81,6.33,5.01
P004,2026-05-14,6.39,5.19,62.07,60.27,6.75,5.18
P004,2026-05-15,6.52,5.27,63.89,59.39,7.01,5.28
P004,2026-05-16,7.16,6.37,69.76,55.94,6.36,3.93
P004,2026-05-17,7.0,6.45,67.38,57.43,6.03,3.82
P004,2026-05-18,6.85,6.54,65.12,58.85,4.72,3.72
P004,2026-05-19,6.83,6.61,64.8,59.18,4.69,3.73
P004,2026-05-20,6.97,6.68,66.77,58.2,4.98,3.87
P004,2026-05-21,7.17,6.74,69.63,56.71,5.39,4.06
P004,2026-05-22,7.28,6.78,71.3,55.88,5.64,4.18
P004,2026-05-23,7.23,6.81,70.54,56.39,5.55,4.19
P004,2026-05-24,7.05,6.82,67.94,57.91,5.21,4.1
P004,2026-05-25,6.87,6.81,65.41,59.37,4.87,4.02
P004,2026-05-26,6.82,6.79,64.8,59.73,4.81,4.05
P004,2026-05-27,6.93,6.76,66.47,58.78,5.07,4.2
P004,2026-05-28,7.1,6.7,69.02,57.32,5.45,4.4
P004,2026-05-29,7.18,6.64,70.37,56.51,5.67,4.54
P004,2026-05-30,7.1,6.56,69.32,57.03,5.54,4.55
P004,2026-05-31,6.89,6.48,66.44,58.58,5.17,4.47
P004,2026-06-01,6.69,6.39,63.69,60.05,4.81,4.4
P004,2026-06-02,6.62,6.3,62.88,60.41,4.72,4.43
P004,2026-06-03,6.72,6.21,64.4,59.47,4.96,4.59
P004,2026-06-04,6.87,6.13,66.86,58.01,5.34,4.79
P004,2026-06-05,6.96,6.05,68.18,57.21,5.55,4.93
P004,2026-06-06,6.88,5.99,67.16,57.73,5.43,4.94
P004,2026-06-07,6.68,5.93,64.37,59.27,5.06,4.86
P004,2026-06-08,6.49,5.89,61.75,60.73,4.72,4.78
P004,2026-06-09,6.44,5.87,61.14,61.08,4.65,4.81
P004,2026-06-10,6.56,5.86,62.89,60.13,4.92,4.95
P004,2026-06-11,6.74,5.87,65.62,58.65,5.32,5.15
P004,2026-06-12,6.85,5.9,67.23,57.82,5.57,5.28
P004,2026-06-13,6.8,5.94,66.52,58.32,5.48,5.28
P004,2026-06-14,6.57,5.89,63.39,60.23,5.21,5.32
P004,2026-06-15,6.34,5.85,60.42,62.06,4.95,5.36
P004,2026-06-16,6.26,5.83,59.44,62.78,4.98,5.5
P004,2026-06-17,6.33,5.8,60.8,62.19,5.33,5.77
P004,2026-06-18,6.47,5.78,63.1,61.08,5.81,6.08
P004,2026-06-19,6.53,5.77,64.25,60.61,6.13,6.32
P004,2026-06-20,6.43,5.74,63.02,61.47,6.11,6.44
P004,2026-06-21,6.34,5.92,61.3,62.53,5.72,6.18
P004,2026-06-22,6.26,6.09,59.69,63.52,5.34,5.93
P004,2026-06-23,6.31,6.25,60.02,63.39,5.24,5.78
P004,2026-06-24,6.51,6.4,62.64,61.96,5.45,5.74
P004,2026-06-25,6.78,6.53,66.15,59.99,5.79,5.76
P004,2026-06-26,6.96,6.64,68.47,58.67,5.96,5.7
P004,2026-06-27,6.98,6.74,68.37,58.68,5.79,5.52
P004,2026-06-28,6.8,6.71,65.78,60.09,5.42,5.37
P004,2026-06-29,6.56,6.58,62.64,61.82,5.12,5.36
P004,2026-06-30,6.45,6.42,61.43,62.44,5.09,5.45
P004,2026-07-01,6.7,6.56,64.44,60.57,5.21,5.26
P004,2026-07-02,6.61,6.09,64.5,60.52,5.8,5.92
P004,2026-07-03,6.63,5.91,65.32,59.94,6.05,6.11
P004,2026-07-04,6.5,5.72,63.76,60.7,6.97,6.17
P004,2026-07-05,6.71,6.25,64.91,59.72,6.23,5.2
P004,2026-07-06,5.99,5.36,57.18,64.14,6.31,6.1
P004,2026-07-07,5.88,5.18,55.95,64.71,6.27,6.17
P004,2026-07-08,5.93,5.01,57.06,63.98,6.56,6.36
P004,2026-07-09,6.78,5.97,66.22,58.42,6.35,5.13
P004,2026-07-10,6.89,5.93,67.81,57.41,6.55,5.17
P004,2026-07-11,6.84,5.9,67.08,57.74,6.42,5.08
P004,2026-07-12,6.67,5.89,64.59,59.08,5.05,4.89
P004,2026-07-13,6.52,5.9,62.28,60.34,4.7,4.71
P004,2026-07-14,6.5,5.92,61.97,60.5,4.63,4.63
P004,2026-07-15,6.65,5.96,64.03,59.35,4.89,4.68
P004,2026-07-16,6.86,6.01,67.05,57.67,5.28,4.77
P004,2026-07-17,7.0,6.08,68.95,56.65,5.52,4.8
P004,2026-07-18,6.98,6.15,68.5,56.97,5.43,4.7
P004,2026-07-19,6.84,6.24,66.28,58.29,5.08,4.51
P004,2026-07-20,6.71,6.33,64.2,59.55,4.76,4.32
P004,2026-07-21,6.71,6.42,64.08,59.7,4.71,4.24
P004,2026-07-22,6.87,6.51,66.27,58.55,4.99,4.28
P004,2026-07-23,7.09,6.59,69.38,56.88,5.4,4.38
P004,2026-07-24,7.24,6.67,71.3,55.86,5.64,4.41
P004,2026-07-25,7.21,6.74,70.83,56.18,5.55,4.32
P004,2026-07-26,7.06,6.79,68.51,57.52,5.19,4.13
P004,2026-07-27,6.84,6.73,65.62,59.19,4.91,4.09
P004,2026-07-28,6.76,6.65,64.65,59.76,4.9,4.15
P004,2026-07-29,6.83,6.56,65.94,59.03,5.22,4.34
P004,2026-07-30,6.96,6.44,68.12,57.79,5.65,4.59
P004,2026-07-31,7.0,6.31,69.08,57.2,5.92,4.77
P004,2026-08-01,6.88,6.17,67.63,57.95,5.85,4.83
P004,2026-08-02,6.62,6.01,64.33,59.73,5.53,4.8
P004,2026-08-03,6.51,6.05,62.45,60.63,5.1,4.5
P004,2026-08-04,6.53,6.08,62.49,60.44,4.94,4.31
P004,2026-08-05,6.71,6.1,64.84,58.95,5.11,4.25
P004,2026-08-06,6.95,6.12,68.09,56.94,5.41,4.24
P004,2026-08-07,7.11,6.14,70.18,55.59,5.55,4.17
P004,2026-08-08,7.11,6.16,69.9,55.59,5.35,3.98
P004,2026-08-09,6.98,6.19,67.82,56.61,4.9,3.7
P004,2026-08-10,6.8,6.13,65.24,57.96,4.54,3.57
P004,2026-08-11,6.76,6.07,64.63,58.21,4.45,3.54
P004,2026-08-12,6.87,6.03,66.38,57.17,4.7,3.64
P004,2026-08-13,7.05,6.01,69.08,55.62,5.08,3.79
P004,2026-08-14,7.16,6.0,70.66,54.72,5.31,3.89
P004,2026-08-15,7.11,6.0,69.91,55.17,5.2,3.86
P004,2026-08-16,6.94,6.03,67.38,56.63,4.85,3.74
P004,2026-08-17,6.78,6.07,65.03,58.03,4.53,3.63
P004,2026-08-18,6.75,6.12,64.66,58.34,4.48,3.63
P004,2026-08-19,6.89,6.18,66.64,57.35,4.77,3.76
P004,2026-08-20,7.1,6.25,69.56,55.84,5.19,3.94
P004,2026-08-21,7.22,6.33,71.34,54.99,5.45,4.06
P004,2026-08-22,7.19,6.42,70.74,55.48,5.38,4.05
P004,2026-08-23,7.03,6.5,68.34,56.99,5.05,3.95
P004,2026-08-24,6.87,6.58,66.06,58.43,4.75,3.87
P004,2026-08-25,6.85,6.66,65.73,58.77,4.71,3.89
P004,2026-08-26,6.99,6.72,67.68,57.82,5.01,4.03
P004,2026-08-27,7.19,6.78,70.52,56.34,5.42,4.23
P004,2026-08-28,7.23,6.72,71.53,55.92,5.73,4.5
P004,2026-08-29,7.11,6.65,70.11,56.83,6.7,4.64
P004,2026-08-30,7.06,6.86,68.79,57.58,6.24,4.29
P004,2026-08-31,6.62,6.45,63.68,60.61,6.14,4.75
P004,2026-09-01,6.5,6.33,62.42,61.37,6.13,4.92
P004,2026-09-02,6.54,6.19,63.43,60.82,6.45,5.2
P004,2026-09-03,7.11,6.75,69.84,57.02,6.49,4.61
P004,2026-09-04,6.66,5.87,66.03,59.34,7.16,5.82
P004,2026-09-05,6.51,5.7,64.34,60.26,7.1,5.96
P004,2026-09-06,6.24,5.51,60.82,62.19,5.78,6.02
P004,2026-09-07,6.7,6.43,64.5,59.75,4.85,4.61
P004,2026-09-08,6.57,6.24,63.05,60.51,4.82,4.78
P004,2026-09-09,6.59,6.05,63.91,59.97,5.12,5.06
P004,2026-09-10,6.68,5.86,65.72,58.9,5.55,5.4
P004,2026-09-11,6.7,5.68,66.39,58.49,5.82,5.67
P004,2026-09-12,6.55,5.51,64.72,59.4,5.76,5.82
P004,2026-09-13,6.28,5.35,61.28,61.33,5.45,5.87
P004,2026-09-14,6.03,5.21,58.01,63.17,5.16,5.92
P004,2026-09-15,6.05,5.29,58.08,63.11,5.04,5.8
P004,2026-09-16,6.24,5.39,60.5,61.74,5.24,5.8
P004,2026-09-17,6.49,5.5,63.91,59.84,5.58,5.85
P004,2026-09-18,6.67,5.63,66.21,58.59,5.77,5.83
P004,2026-09-19,6.7,5.78,66.17,58.67,5.62,5.68
P004,2026-09-20,6.6,5.94,64.38,59.76,5.23,5.44
P004,2026-09-21,6.51,6.11,62.75,60.76,4.85,5.19
P004,2026-09-22,6.5,6.19,62.46,61.06,4.81,5.19
P004,2026-09-23,6.64,6.27,64.51,60.05,5.11,5.3
P004,2026-09-24,6.85,6.35,67.49,58.51,5.53,5.46
P004,2026-09-25,6.99,6.44,69.33,57.61,5.78,5.56
P004,2026-09-26,6.96,6.52,68.79,58.04,5.7,5.52
P004,2026-09-27,6.8,6.6,66.44,59.48,5.37,5.39
P004,2026-09-28,6.65,6.67,64.2,60.84,5.05,5.26
P004,2026-09-29,6.64,6.72,63.89,61.09,5.0,5.23
P004,2026-09-30,6.78,6.76,65.88,60.03,5.27,5.32
P004,2026-10-01,6.98,6.79,68.76,58.44,5.67,5.45
P004,2026-10-02,7.09,6.8,70.44,57.49,5.9,5.52
P004,2026-10-03,7.04,6.8,69.72,57.87,5.78,5.46
P004,2026-10-04,6.87,6.78,67.15,59.26,5.41,5.3
P004,2026-10-05,6.7,6.74,64.68,60.57,5.05,5.15
P004,2026-10-06,6.66,6.69,64.14,60.77,4.96,5.09
P005,2026-04-10,8.06,7.96,80.66,49.79,3.28,2.68
P005,2026-04-11,7.98,8.02,79.3,50.6,3.06,2.54
P005,2026-04-12,7.81,8.07,76.76,52.06,2.68,2.34
P005,2026-04-13,7.7,8.11,75.12,52.99,2.42,2.2
P005,2026-04-14,7.75,8.13,75.76,52.62,2.49,2.18
P005,2026-04-15,7.93,8.13,78.3,51.15,2.82,2.26
P005,2026-04-16,8.11,8.12,80.9,49.63,3.17,2.36
P005,2026-04-17,8.16,8.09,81.64,49.13,3.25,2.36
P005,2026-04-18,8.04,8.04,79.96,49.97,3.0,2.23
P005,2026-04-19,7.84,7.99,77.11,51.46,2.59,2.05
P005,2026-04-20,7.7,7.92,75.16,52.42,2.3,1.92
P005,2026-04-21,7.72,7.84,75.51,52.09,2.34,1.92
P005,2026-04-22,7.87,7.76,77.79,50.66,2.65,2.03
P005,2026-04-23,7.96,7.57,79.5,49.58,3.04,2.28
P005,2026-04-24,7.93,7.38,79.4,49.52,3.17,2.44
P005,2026-04-25,7.73,7.2,76.93,50.81,2.97,2.47
P005,2026-04-26,7.45,7.02,73.33,52.75,2.61,2.45
P005,2026-04-27,7.24,6.86,70.69,54.16,2.39,2.49
P005,2026-04-28,7.19,6.7,70.41,54.27,2.5,2.65
P005,2026-04-29,7.29,6.56,72.1,53.29,2.89,2.91
P005,2026-04-30,7.52,6.65,75.26,51.46,3.19,2.92
P005,2026-05-01,7.64,6.75,76.64,50.65,3.23,2.83
P005,2026-05-02,7.6,6.86,75.69,51.19,2.95,2.62
P005,2026-05-03,7.48,6.99,73.63,52.37,2.51,2.35
P005,2026-05-04,7.43,7.14,72.55,53.03,2.21,2.14
P005,2026-05-05,7.54,7.3,73.82,52.39,2.25,2.05
P005,2026-05-06,7.79,7.47,77.06,50.66,2.56,2.07
P005,2026-05-07,7.98,7.54,79.77,49.27,2.95,2.23
P005,2026-05-08,8.05,7.62,80.68,48.91,3.09,2.31
P005,2026-05-09,7.95,7.71,79.21,49.89,2.89,2.26
P005,2026-05-10,7.78,7.79,76.6,51.52,2.54,2.15
P005,2026-05-11,7.67,7.87,74.92,52.62,2.32,2.09
P005,2026-05-12,7.71,7.95,75.54,52.42,2.42,2.16
P005,2026-05-13,7.89,8.01,78.09,51.13,2.79,2.34
P005,2026-05-14,8.07,8.06,80.7,49.78,3.18,2.52
P005,2026-05-15,8.12,8.1,81.46,49.45,3.31,2.61
P005,2026-05-16,8.01,8.12,79.81,50.47,3.09,2.58
P005,2026-05-17,7.81,8.13,76.97,52.12,2.72,2.48
P005,2026-05-18,7.67,8.12,75.03,53.25,2.47,2.44
P005,2026-05-19,7.69,8.09,75.36,53.07,2.54,2.52
P005,2026-05-20,7.83,8.05,77.6,51.8,2.88,2.71
P005,2026-05-21,7.98,7.99,79.92,50.46,3.23,2.9
P005,2026-05-22,8.01,7.93,80.38,50.15,3.32,2.99
P005,2026-05-23,7.86,7.85,78.45,51.17,3.08,2.96
P005,2026-05-24,7.64,7.76,75.36,52.83,2.67,2.87
P005,2026-05-25,7.48,7.67,73.2,53.96,2.4,2.83
P005,2026-05-26,7.48,7.58,73.37,53.78,2.45,2.91
P005,2026-05-27,7.62,7.5,75.49,52.5,2.77,3.1
P005,2026-05-28,7.76,7.41,77.74,51.16,3.11,3.28
P005,2026-05-29,7.78,7.34,78.2,50.83,3.2,3.37
P005,2026-05-30,7.65,7.28,76.33,51.84,2.96,3.34
P005,2026-05-31,7.43,7.23,73.35,53.48,2.57,3.24
P005,2026-06-01,7.29,7.19,71.35,54.59,2.31,3.18
P005,2026-06-02,7.31,7.17,71.73,54.39,2.38,3.25
P005,2026-06-03,7.47,7.17,74.11,53.08,2.73,3.42
P005,2026-06-04,7.65,7.19,76.65,51.71,3.1,3.6
P005,2026-06-05,7.63,7.12,76.76,51.76,3.28,3.81
P005,2026-06-06,7.46,7.06,74.54,53.13,3.13,3.89
P005,2026-06-07,7.21,7.01,71.22,55.14,2.83,3.9
P005,2026-06-08,7.03,6.98,68.89,56.61,2.66,3.97
P005,2026-06-09,7.01,6.95,68.9,56.77,2.82,4.15
P005,2026-06-10,7.13,6.93,70.89,55.82,3.25,4.44
P005,2026-06-11,7.26,6.92,72.99,54.81,3.7,4.72
P005,2026-06-12,7.4,7.1,74.61,54.0,3.77,4.64
P005,2026-06-13,7.37,7.29,73.85,54.53,3.51,4.42
P005,2026-06-14,7.27,7.47,71.93,55.69,3.09,4.14
P005,2026-06-15,7.23,7.63,70.95,56.31,2.79,3.91
P005,2026-06-16,7.35,7.79,72.26,55.62,2.82,3.79
P005,2026-06-17,7.6,7.93,75.49,53.82,3.12,3.78
P005,2026-06-18,7.85,8.06,78.79,51.95,3.42,3.76
P005,2026-06-19,7.91,8.06,79.58,51.5,3.53,3.79
P005,2026-06-20,7.8,8.05,77.97,52.38,3.29,3.68
P005,2026-06-21,7.6,8.03,75.17,53.89,2.89,3.51
P005,2026-06-22,7.47,7.99,73.29,54.86,2.61,3.39
P005,2026-06-23,7.5,7.93,73.71,54.52,2.65,3.38
P005,2026-06-24,7.65,7.87,76.04,53.08,2.97,3.48
P005,2026-06-25,7.82,7.79,78.47,51.57,3.3,3.58
P005,2026-06-26,7.85,7.71,79.08,51.07,3.37,3.58
P005,2026-06-27,7.73,7.63,77.31,51.91,3.1,3.45
P005,2026-06-28,7.52,7.55,74.4,53.38,2.68,3.26
P005,2026-06-29,7.38,7.47,72.45,54.31,2.38,3.12
P005,2026-06-30,7.41,7.4,72.85,53.94,2.42,3.1
P005,2026-07-01,7.57,7.34,75.22,52.46,2.73,3.18
P005,2026-07-02,7.74,7.29,77.74,50.92,3.06,3.26
P005,2026-07-03,7.79,7.25,78.49,50.4,3.14,3.25
P005,2026-07-04,7.68,7.23,76.9,51.21,2.9,3.11
P005,2026-07-05,7.5,7.22,74.22,52.66,2.49,2.91
P005,2026-07-06,7.39,7.23,72.53,53.57,2.23,2.75
P005,2026-07-07,7.44,7.26,73.21,53.18,2.29,2.72
P005,2026-07-08,7.63,7.3,75.87,51.69,2.64,2.8
P005,2026-07-09,7.83,7.36,78.69,50.14,3.01,2.88
P005,2026-07-10,7.91,7.43,79.72,49.61,3.12,2.86
P005,2026-07-11,7.83,7.51,78.41,50.42,2.91,2.72
P005,2026-07-12,7.68,7.59,75.97,51.87,2.54,2.51
P005,2026-07-13,7.59,7.68,74.49,52.79,2.3,2.36
P005,2026-07-14,7.65,7.77,75.33,52.4,2.39,2.34
P005,2026-07-15,7.86,7.86,78.11,50.92,2.75,2.42
P005,2026-07-16,8.06,7.94,80.98,49.39,3.13,2.5
P005,2026-07-17,8.14,8.02,82.01,48.87,3.25,2.49
P005,2026-07-18,7.99,7.98,79.98,50.1,3.09,2.5
P005,2026-07-19,7.75,7.93,76.76,51.97,2.76,2.45
P005,2026-07-20,7.57,7.86,74.45,53.32,2.57,2.44
P005,2026-07-21,7.55,7.77,74.41,53.36,2.7,2.57
P005,2026-07-22,7.66,7.67,76.27,52.32,3.09,2.8
P005,2026-07-23,7.77,7.55,78.19,51.22,3.5,3.04
P005,2026-07-24,7.75,7.42,78.25,51.14,3.65,3.19
P005,2026-07-25,7.7,7.48,77.21,51.6,3.34,2.94
P005,2026-07-26,7.56,7.52,74.99,52.72,2.86,2.64
P005,2026-07-27,7.49,7.56,73.68,53.3,2.52,2.38
P005,2026-07-28,7.58,7.58,74.66,52.59,2.5,2.26
P005,2026-07-29,7.79,7.6,77.57,50.79,2.76,2.24
P005,2026-07-30,8.02,7.62,80.58,48.93,3.03,2.23
P005,2026-07-31,8.11,7.64,81.77,48.1,3.04,2.13
P005,2026-08-01,7.98,7.56,79.93,49.01,2.79,2.05
P005,2026-08-02,7.77,7.49,76.97,50.58,2.37,1.9
P005,2026-08-03,7.63,7.42,74.96,51.61,2.1,1.81
P005,2026-08-04,7.64,7.37,75.31,51.35,2.15,1.85
P005,2026-08-05,7.8,7.33,77.64,50.0,2.49,2.0
P005,2026-08-06,7.97,7.31,80.11,48.59,2.84,2.15
P005,2026-08-07,8.01,7.31,80.8,48.21,2.95,2.21
P005,2026-08-08,7.9,7.32,79.16,49.17,2.73,2.15
P005,2026-08-09,7.71,7.34,76.41,50.78,2.35,2.03
P005,2026-08-10,7.59,7.38,74.64,51.87,2.11,1.97
P005,2026-08-11,7.63,7.44,75.23,51.65,2.21,2.03
P005,2026-08-12,7.81,7.5,77.79,50.34,2.58,2.2
P005,2026-08-13,8.0,7.58,80.48,48.98,2.97,2.37
P005,2026-08-14,8.06,7.66,81.36,48.64,3.11,2.46
P005,2026-08-15,7.96,7.74,79.88,49.64,2.92,2.41
P005,2026-08-16,7.79,7.82,77.25,51.28,2.57,2.31
P005,2026-08-17,7.67,7.9,75.56,52.4,2.35,2.27
P005,2026-08-18,7.72,7.98,76.16,52.22,2.45,2.34
P005,2026-08-19,7.89,8.04,78.69,50.94,2.83,2.53
P005,2026-08-20,8.07,8.09,81.3,49.6,3.21,2.72
P005,2026-08-21,8.12,8.13,82.05,49.28,3.34,2.81
P005,2026-08-22,8.01,8.15,80.39,50.3,3.13,2.78
P005,2026-08-23,7.81,8.16,77.54,51.96,2.75,2.69
P005,2026-08-24,7.67,8.15,75.6,53.09,2.5,2.65
P005,2026-08-25,7.69,8.12,75.93,52.91,2.58,2.73
P005,2026-08-26,7.83,8.08,78.17,51.64,2.92,2.92
P005,2026-08-27,7.99,8.03,80.49,50.31,3.27,3.11
P005,2026-08-28,8.01,7.96,80.95,49.99,3.36,3.2
P005,2026-08-29,7.87,7.88,79.03,51.0,3.12,3.17
P005,2026-08-30,7.57,7.69,75.28,53.06,2.77,3.21
P005,2026-08-31,7.35,7.5,72.48,54.58,2.55,3.3
P005,2026-09-01,7.28,7.31,71.99,54.79,2.66,3.52
P005,2026-09-02,7.35,7.11,73.47,53.9,3.04,3.83
P005,2026-09-03,7.43,6.93,75.07,52.95,3.44,4.15
P005,2026-09-04,7.38,6.75,74.89,53.01,3.59,4.37
P005,2026-09-05,7.18,6.59,72.37,54.4,3.41,4.46
P005,2026-09-06,7.03,6.64,70.06,55.63,2.95,4.21
P005,2026-09-07,6.96,6.71,68.75,56.32,2.63,4.01
P005,2026-09-08,7.05,6.8,69.81,55.69,2.64,3.93
P005,2026-09-09,7.28,6.9,72.87,53.97,2.93,3.96
P005,2026-09-10,7.53,7.02,76.09,52.17,3.24,3.98
P005,2026-09-11,7.59,7.05,76.9,51.78,3.36,4.04
P005,2026-09-12,7.48,7.1,75.38,52.72,3.14,3.97
P005,2026-09-13,7.24,7.06,72.1,54.7,2.84,3.97
P005,2026-09-14,7.33,7.43,72.39,54.57,2.43,3.48
P005,2026-09-15,7.05,7.01,69.87,56.25,2.82,4.18
P005,2026-09-16,7.18,6.99,71.9,55.27,3.25,4.45
P005,2026-09-17,7.31,6.98,74.04,54.22,3.69,4.72
P005,2026-09-18,7.85,7.77,79.54,51.05,3.42,3.82
P005,2026-09-19,7.16,6.94,72.35,55.47,3.73,4.93
P005,2026-09-20,6.93,6.92,69.16,57.4,3.42,4.91
P005,2026-09-21,7.49,7.99,73.98,54.48,2.61,3.46
P005,2026-09-22,7.54,8.05,74.66,54.16,2.69,3.47
P005,2026-09-23,7.72,8.08,77.26,52.74,3.05,3.58
P005,2026-09-24,7.91,8.11,79.93,51.25,3.41,3.69
P005,2026-09-25,7.97,8.12,80.75,50.77,3.51,3.7
P005,2026-09-26,7.86,8.11,79.16,51.62,3.27,3.58
P005,2026-09-27,7.67,8.08,76.39,53.11,2.87,3.4
P005,2026-09-28,7.54,8.04,74.53,54.06,2.59,3.26
P005,2026-09-29,7.57,7.99,74.97,53.7,2.63,3.25
P005,2026-09-30,7.73,7.93,77.32,52.24,2.94,3.33
P005,2026-10-01,7.89,7.85,79.77,50.71,3.27,3.42
P005,2026-10-02,7.93,7.77,80.4,50.2,3.34,3.42
P005,2026-10-03,7.81,7.69,78.64,51.01,3.07,3.28
P005,2026-10-04,7.6,7.61,75.75,52.47,2.64,3.08
P005,2026-10-05,7.47,7.53,73.82,53.39,2.35,2.93
P005,2026-10-06,7.49,7.46,74.22,53.01,2.38,2.9
P006,2026-04-10,7.42,7.08,70.0,56.08,4.52,3.21
P006,2026-04-11,7.26,7.03,67.68,57.28,4.18,3.06
P006,2026-04-12,7.06,6.98,64.97,58.68,3.78,2.89
P006,2026-04-13,6.98,6.9,63.89,59.17,3.61,2.82
P006,2026-04-14,6.99,6.72,64.52,58.71,3.83,3.02
P006,2026-04-15,7.09,6.54,66.47,57.51,4.25,3.29
P006,2026-04-16,7.15,6.35,67.69,56.71,4.56,3.52
P006,2026-04-17,7.04,6.17,66.67,57.19,4.56,3.64
P006,2026-04-18,6.8,5.99,63.56,58.85,4.27,3.66
P006,2026-04-19,6.54,5.81,60.13,60.7,3.93,3.66
P006,2026-04-20,6.38,5.66,58.36,61.64,3.83,3.75
P006,2026-04-21,6.54,5.72,60.36,60.43,3.96,3.7
P006,2026-04-22,6.78,5.78,63.72,58.47,4.28,3.72
P006,2026-04-23,6.99,5.88,66.4,56.93,4.5,3.71
P006,2026-04-24,7.04,5.99,66.86,56.64,4.41,3.58
P006,2026-04-25,6.95,6.1,65.29,57.54,4.04,3.35
P006,2026-04-26,6.84,6.24,63.4,58.65,3.63,3.1
P006,2026-04-27,6.86,6.4,63.19,58.83,3.45,2.94
P006,2026-04-28,6.83,6.25,63.47,58.85,3.79,3.31
P006,2026-04-29,6.97,6.22,65.77,57.73,4.26,3.63
P006,2026-04-30,7.05,6.2,67.35,57.02,4.64,3.91
P006,2026-05-01,7.32,6.69,69.91,55.62,4.41,3.41
P006,2026-05-02,6.78,6.17,63.95,59.31,4.47,4.13
P006,2026-05-03,6.54,6.16,60.87,61.24,4.19,4.17
P006,2026-05-04,6.43,6.13,59.42,62.25,4.14,4.3
P006,2026-05-05,7.07,7.02,66.13,58.39,3.91,3.36
P006,2026-05-06,6.6,6.07,62.58,60.81,4.9,4.89
P006,2026-05-07,7.41,7.13,71.15,55.83,4.64,3.72
P006,2026-05-08,7.39,7.17,70.99,56.01,4.63,3.76
P006,2026-05-09,7.24,7.19,68.7,57.37,4.33,3.7
P006,2026-05-10,7.05,7.19,66.03,58.93,3.96,3.61
P006,2026-05-11,6.96,7.18,64.96,59.56,3.83,3.61
P006,2026-05-12,7.05,7.16,66.25,58.84,4.03,3.75
P006,2026-05-13,7.22,7.11,68.84,57.36,4.41,3.95
P006,2026-05-14,7.33,7.05,70.68,56.29,4.69,4.11
P006,2026-05-15,7.29,6.99,70.24,56.48,4.64,4.15
P006,2026-05-16,7.1,6.9,67.7,57.84,4.3,4.09
P006,2026-05-17,6.89,6.82,64.79,59.39,3.91,4.0
P006,2026-05-18,6.8,6.74,63.53,60.01,3.75,4.0
P006,2026-05-19,6.86,6.65,64.68,59.28,3.93,4.12
P006,2026-05-20,7.02,6.57,67.18,57.78,5.3,4.32
P006,2026-05-21,7.14,6.49,68.98,56.69,5.56,4.47
P006,2026-05-22,7.09,6.42,68.56,56.85,5.52,4.5
P006,2026-05-23,6.92,6.37,66.1,58.19,5.18,4.42
P006,2026-05-24,6.71,6.33,63.33,59.71,4.8,4.32
P006,2026-05-25,6.64,6.29,62.26,60.3,4.66,4.3
P006,2026-05-26,6.73,6.29,63.63,59.54,4.86,4.41
P006,2026-05-27,6.84,6.19,65.76,58.41,5.31,4.72
P006,2026-05-28,6.92,6.11,67.2,57.68,4.67,4.99
P006,2026-05-29,6.85,6.05,66.43,58.21,4.71,5.14
P006,2026-05-30,6.63,6.0,63.64,59.91,4.47,5.17
P006,2026-05-31,6.4,5.95,60.55,61.79,4.18,5.19
P006,2026-06-01,6.28,5.93,59.13,62.74,4.12,5.28
P006,2026-06-02,6.33,5.91,60.14,62.33,4.41,5.5
P006,2026-06-03,6.62,6.1,63.83,60.35,4.76,5.52
P006,2026-06-04,6.84,6.3,66.83,58.77,5.02,5.49
P006,2026-06-05,6.93,6.49,67.56,58.44,4.96,5.34
P006,2026-06-06,6.87,6.67,66.21,59.28,4.6,5.07
P006,2026-06-07,6.77,6.85,64.5,60.32,4.19,4.78
P006,2026-06-08,6.66,6.82,63.14,61.19,4.12,4.85
P006,2026-06-09,6.78,6.87,64.78,60.32,4.33,4.9
P006,2026-06-10,6.92,6.81,67.09,59.09,4.78,5.16
P006,2026-06-11,7.34,7.24,71.85,56.3,4.84,4.71
P006,2026-06-12,6.92,6.63,67.88,58.68,5.15,5.47
P006,2026-06-13,6.71,6.52,65.03,60.26,4.87,5.45
P006,2026-06-14,6.46,6.4,61.79,62.04,4.54,5.41
P006,2026-06-15,6.92,7.16,65.96,59.37,3.91,4.25
P006,2026-06-16,6.35,6.1,60.91,62.37,4.66,5.62
P006,2026-06-17,7.2,7.05,70.07,56.79,4.44,4.39
P006,2026-06-18,7.33,6.97,72.04,55.52,4.69,4.45
P006,2026-06-19,7.31,6.9,71.76,55.52,4.62,4.39
P006,2026-06-20,7.13,6.82,69.39,56.68,4.26,4.22
P006,2026-06-21,6.94,6.73,66.69,58.03,3.85,4.03
P006,2026-06-22,6.87,6.66,65.65,58.46,3.67,3.93
P006,2026-06-23,6.96,6.6,67.03,57.53,3.84,3.95
P006,2026-06-24,7.14,6.54,69.78,55.84,4.19,4.04
P006,2026-06-25,7.29,6.5,71.86,54.55,4.45,4.09
P006,2026-06-26,7.27,6.47,71.71,54.53,4.4,4.02
P006,2026-06-27,7.13,6.45,69.53,55.68,4.06,3.84
P006,2026-06-28,6.95,6.45,67.05,57.02,3.67,3.65
P006,2026-06-29,6.9,6.48,66.27,57.44,3.52,3.54
P006,2026-06-30,7.03,6.5,67.92,56.5,3.72,3.56
P006,2026-07-01,7.23,6.56,70.96,54.81,4.11,3.65
P006,2026-07-02,7.41,6.62,73.31,53.52,4.4,3.7
P006,2026-07-03,7.43,6.69,73.45,53.5,4.39,3.63
P006,2026-07-04,7.3,6.78,71.53,54.66,4.08,3.46
P006,2026-07-05,7.15,6.87,69.27,56.01,3.73,3.27
P006,2026-07-06,7.11,6.96,68.66,56.44,3.6,3.17
P006,2026-07-07,7.25,7.05,70.46,55.53,3.82,3.2
P006,2026-07-08,7.48,7.15,73.59,53.86,4.23,3.3
P006,2026-07-09,7.57,7.12,75.31,53.0,4.59,3.5
P006,2026-07-10,7.52,7.09,74.75,53.41,4.63,3.59
P006,2026-07-11,7.33,7.06,72.09,55.0,4.38,3.56
P006,2026-07-12,7.09,6.99,69.03,56.78,4.08,3.53
P006,2026-07-13,6.97,6.93,67.57,57.65,4.0,3.58
P006,2026-07-14,7.01,6.84,68.46,57.17,4.25,3.76
P006,2026-07-15,7.14,6.73,70.66,55.94,4.69,4.02
P006,2026-07-16,7.35,6.82,73.4,54.31,4.91,3.97
P006,2026-07-17,7.39,6.9,73.84,53.97,4.8,3.81
P006,2026-07-18,7.3,6.95,72.15,54.8,4.4,3.54
P006,2026-07-19,7.18,6.99,70.09,55.83,3.95,3.25
P006,2026-07-20,7.15,7.03,69.63,55.94,3.72,3.06
P006,2026-07-21,7.31,7.05,71.55,54.71,3.83,2.99
P006,2026-07-22,7.54,7.07,74.79,52.73,4.13,3.0
P006,2026-07-23,7.66,6.99,76.66,51.56,4.39,3.12
P006,2026-07-24,7.63,6.91,76.26,51.67,4.33,3.11
P006,2026-07-25,7.44,6.83,73.79,52.95,3.98,3.01
P006,2026-07-26,7.24,6.77,70.98,54.43,3.59,2.88
P006,2026-07-27,7.16,6.7,69.86,54.99,3.43,2.85
P006,2026-07-28,7.24,6.66,71.16,54.21,3.62,2.95
P006,2026-07-29,7.42,6.63,73.83,52.68,4.0,3.12
P006,2026-07-30,7.54,6.61,75.82,51.55,4.28,3.26
P006,2026-07-31,7.53,6.61,75.61,51.7,4.26,3.28
P006,2026-08-01,7.37,6.63,73.35,53.02,3.94,3.19
P006,2026-08-02,7.19,6.66,70.77,54.55,3.59,3.09
P006,2026-08-03,7.13,6.71,69.89,55.15,3.47,3.08
P006,2026-08-04,7.24,6.77,71.44,54.41,3.7,3.2
P006,2026-08-05,7.43,6.84,74.35,52.91,4.12,3.39
P006,2026-08-06,7.59,6.92,76.56,51.82,4.44,3.55
P006,2026-08-07,7.59,7.01,76.53,52.01,4.44,3.59
P006,2026-08-08,7.45,7.08,74.42,53.36,4.15,3.52
P006,2026-08-09,7.28,7.17,71.97,54.91,3.82,3.43
P006,2026-08-10,7.22,7.26,71.15,55.54,3.72,3.43
P006,2026-08-11,7.33,7.32,72.71,54.82,3.95,3.56
P006,2026-08-12,7.53,7.39,75.59,53.33,4.37,3.76
P006,2026-08-13,7.67,7.44,77.72,52.26,4.68,3.93
P006,2026-08-14,7.66,7.47,77.55,52.45,4.67,3.97
P006,2026-08-15,7.51,7.5,75.26,53.82,4.36,3.91
P006,2026-08-16,7.31,7.51,72.59,55.37,4.0,3.82
P006,2026-08-17,7.23,7.49,71.53,56.0,3.87,3.82
P006,2026-08-18,7.31,7.46,72.82,55.28,4.07,3.95
P006,2026-08-19,7.48,7.43,75.42,53.8,4.45,4.15
P006,2026-08-20,7.6,7.36,77.26,52.72,4.72,4.31
P006,2026-08-21,7.49,7.19,76.18,53.3,4.74,4.49
P006,2026-08-22,7.24,7.02,72.98,55.05,4.45,4.55
P006,2026-08-23,6.96,6.82,69.43,56.99,4.12,4.59
P006,2026-08-24,6.79,6.64,67.52,58.0,4.02,4.72
P006,2026-08-25,6.79,6.45,68.03,57.65,4.25,4.98
P006,2026-08-26,6.88,6.26,69.89,56.53,4.68,5.3
P006,2026-08-27,6.93,6.08,71.04,55.82,5.0,5.58
P006,2026-08-28,6.97,6.12,71.3,55.57,4.9,5.46
P006,2026-08-29,6.85,6.16,69.53,56.49,4.5,5.23
P006,2026-08-30,6.73,6.23,67.44,57.59,4.06,4.98
P006,2026-08-31,6.72,6.31,67.05,57.76,3.86,4.82
P006,2026-09-01,6.88,6.4,69.11,56.57,3.99,4.78
P006,2026-09-02,7.14,6.51,72.57,54.61,4.33,4.8
P006,2026-09-03,7.35,6.64,75.36,53.06,4.56,4.79
P006,2026-09-04,7.35,6.68,75.28,53.16,4.54,4.78
P006,2026-09-05,7.21,6.73,73.17,54.43,4.24,4.67
P006,2026-09-06,7.04,6.8,70.77,55.88,3.89,4.53
P006,2026-09-07,7.0,6.87,70.04,56.4,3.77,4.47
P006,2026-09-08,7.12,6.96,71.74,55.56,3.99,4.54
P006,2026-09-09,7.33,7.05,74.8,53.95,4.41,4.68
P006,2026-09-10,7.5,7.14,77.16,52.75,4.72,4.78
P006,2026-09-11,7.51,7.23,77.26,52.8,4.71,4.75
P006,2026-09-12,7.39,7.32,75.28,54.02,4.41,4.6
P006,2026-09-13,7.23,7.39,72.93,55.43,4.06,4.44
P006,2026-09-14,7.18,7.46,72.23,55.9,3.93,4.36
P006,2026-09-15,7.31,7.51,73.88,55.01,4.14,4.4
P006,2026-09-16,7.52,7.55,76.85,53.36,4.53,4.52
P006,2026-09-17,7.66,7.57,79.07,52.11,4.82,4.59
P006,2026-09-18,7.66,7.58,79.0,52.13,4.78,4.54
P006,2026-09-19,7.51,7.57,76.8,53.3,4.44,4.37
P006,2026-09-20,7.33,7.54,74.23,54.67,4.05,4.19
P006,2026-09-21,7.27,7.51,73.26,55.1,3.89,4.09
P006,2026-09-22,7.36,7.45,74.68,54.18,4.05,4.12
P006,2026-09-23,7.54,7.39,77.41,52.49,4.41,4.21
P006,2026-09-24,7.68,7.32,79.39,51.21,4.66,4.27
P006,2026-09-25,7.65,7.24,79.12,51.2,4.59,4.2
P006,2026-09-26,7.48,7.16,76.77,52.35,4.23,4.03
P006,2026-09-27,7.29,7.09,74.08,53.69,3.82,3.83
P006,2026-09-28,7.22,7.0,73.04,54.11,3.64,3.72
P006,2026-09-29,7.31,6.94,74.42,53.17,3.8,3.74
P006,2026-09-30,7.49,6.89,77.19,51.48,4.16,3.83
P006,2026-10-01,7.64,6.84,79.26,50.19,4.41,3.88
P006,2026-10-02,7.63,6.81,79.11,50.17,4.36,3.81
P006,2026-10-03,7.4,6.7,76.27,51.72,4.08,3.77
P006,2026-10-04,7.17,6.59,73.13,53.47,3.75,3.71
P006,2026-10-05,7.04,6.5,71.68,54.29,3.66,3.74
P006,2026-10-06,7.1,6.43,72.66,53.75,3.92,3.9
P007,2026-04-10,7.74,7.04,80.17,49.44,4.31,3.2
P007,2026-04-11,7.46,6.86,76.52,51.42,3.97,3.2
P007,2026-04-12,7.35,6.89,74.68,52.33,3.58,2.97
P007,2026-04-13,7.4,6.93,75.04,52.04,3.5,2.85
P007,2026-04-14,7.59,6.99,77.6,50.52,3.73,2.85
P007,2026-04-15,7.83,7.06,80.78,48.68,4.05,2.88
P007,2026-04-16,7.97,7.14,82.53,47.67,4.17,2.84
P007,2026-04-17,7.95,7.24,81.9,48.03,3.95,2.67
P007,2026-04-18,7.83,7.36,79.78,49.25,3.53,2.43
P007,2026-04-19,7.68,7.39,77.52,50.61,3.24,2.35
P007,2026-04-20,7.67,7.43,77.46,50.76,3.26,2.39
P007,2026-04-21,7.83,7.5,79.6,49.68,3.59,2.55
P007,2026-04-22,8.02,7.56,82.36,48.28,4.0,2.74
P007,2026-04-23,8.12,7.63,83.66,47.7,4.21,2.85
P007,2026-04-24,8.05,7.71,82.55,48.49,4.09,2.84
P007,2026-04-25,7.87,7.79,79.92,50.15,3.74,2.75
P007,2026-04-26,7.73,7.86,77.76,51.53,3.47,2.69
P007,2026-04-27,7.73,7.94,77.74,51.71,3.5,2.74
P007,2026-04-28,7.88,8.0,79.89,50.65,3.84,2.91
P007,2026-04-29,8.07,8.05,82.58,49.26,4.25,3.11
P007,2026-04-30,8.15,8.1,83.78,48.71,4.45,3.23
P007,2026-05-01,8.06,8.12,82.52,49.52,4.31,3.22
P007,2026-05-02,7.87,8.13,79.69,51.18,3.94,3.14
P007,2026-05-03,7.71,8.13,77.3,52.57,3.65,3.08
P007,2026-05-04,7.69,8.1,77.03,52.74,3.64,3.13
P007,2026-05-05,7.81,8.06,78.91,51.68,3.94,3.3
P007,2026-05-06,7.97,8.01,81.32,50.29,4.32,3.5
P007,2026-05-07,8.03,7.94,82.24,49.74,4.48,3.62
P007,2026-05-08,7.91,7.86,80.72,50.53,4.31,3.6
P007,2026-05-09,7.69,7.78,77.65,52.18,3.91,3.51
P007,2026-05-10,7.51,7.69,75.06,53.54,3.58,3.44
P007,2026-05-11,7.47,7.59,74.61,53.7,3.55,3.48
P007,2026-05-12,7.58,7.51,76.37,52.62,3.83,3.64
P007,2026-05-13,7.74,7.42,78.71,51.21,4.19,3.82
P007,2026-05-14,7.79,7.33,79.62,50.62,4.35,3.93
P007,2026-05-15,7.69,7.27,78.16,51.38,4.17,3.9
P007,2026-05-16,7.47,7.21,75.18,52.99,3.78,3.79
P007,2026-05-17,7.3,7.16,72.75,54.32,3.47,3.7
P007,2026-05-18,7.22,7.04,71.85,54.84,3.51,3.86
P007,2026-05-19,7.29,6.92,73.21,54.13,3.88,4.13
P007,2026-05-20,7.4,6.82,75.18,53.07,4.32,4.43
P007,2026-05-21,7.42,6.74,75.74,52.83,4.57,4.65
P007,2026-05-22,7.28,6.67,73.95,53.95,4.48,4.73
P007,2026-05-23,7.03,6.61,70.65,55.92,4.18,4.73
P007,2026-05-24,6.83,6.58,67.89,57.6,3.95,4.76
P007,2026-05-25,6.91,6.75,68.62,57.28,3.91,4.61
P007,2026-05-26,7.15,6.93,71.58,55.7,4.18,4.59
P007,2026-05-27,7.42,7.13,75.14,53.8,4.53,4.59
P007,2026-05-28,7.6,7.31,77.23,52.71,4.67,4.5
P007,2026-05-29,7.61,7.49,76.91,52.97,4.48,4.29
P007,2026-05-30,7.51,7.68,75.04,54.09,4.06,3.99
P007,2026-05-31,7.45,7.85,73.66,54.93,3.71,3.72
P007,2026-06-01,7.47,7.9,73.74,54.95,3.72,3.69
P007,2026-06-02,7.62,7.95,75.98,53.73,4.03,3.77
P007,2026-06-03,7.83,7.97,78.77,52.18,4.41,3.88
P007,2026-06-04,7.92,7.98,80.04,51.44,4.59,3.91
P007,2026-06-05,7.84,7.98,78.88,52.06,4.42,3.81
P007,2026-06-06,7.66,7.96,76.13,53.55,4.02,3.63
P007,2026-06-07,7.5,7.92,73.85,54.74,3.69,3.47
P007,2026-06-08,7.49,7.87,73.68,54.72,3.66,3.42
P007,2026-06-09,7.63,7.81,75.67,53.47,3.93,3.49
P007,2026-06-10,7.8,7.73,78.23,51.88,4.28,3.58
P007,2026-06-11,7.87,7.65,79.28,51.12,4.42,3.6
P007,2026-06-12,7.78,7.57,77.94,51.72,4.22,3.48
P007,2026-06-13,7.57,7.48,75.05,53.17,3.8,3.28
P007,2026-06-14,7.42,7.39,72.65,54.35,3.46,3.11
P007,2026-06-15,7.4,7.32,72.43,54.31,3.41,3.05
P007,2026-06-16,7.53,7.25,74.41,53.04,3.68,3.11
P007,2026-06-17,7.71,7.18,77.01,51.44,4.03,3.2
P007,2026-06-18,7.79,7.14,78.17,50.68,4.18,3.21
P007,2026-06-19,7.71,7.11,76.97,51.26,4.0,3.09
P007,2026-06-20,7.53,7.09,74.27,52.71,3.6,2.89
P007,2026-06-21,7.38,7.09,72.09,53.88,3.28,2.72
P007,2026-06-22,7.39,7.11,72.12,53.85,3.27,2.66
P007,2026-06-23,7.56,7.14,74.37,52.58,3.57,2.72
P007,2026-06-24,7.76,7.19,77.25,51.0,3.96,2.82
P007,2026-06-25,7.88,7.25,78.68,50.25,4.15,2.83
P007,2026-06-26,7.82,7.31,77.73,50.85,4.0,2.73
P007,2026-06-27,7.66,7.4,75.26,52.32,3.64,2.54
P007,2026-06-28,7.54,7.48,73.29,53.51,3.35,2.38
P007,2026-06-29,7.56,7.56,73.48,53.5,3.37,2.33
P007,2026-06-30,7.66,7.55,75.2,52.68,3.75,2.55
P007,2026-07-01,7.81,7.52,77.46,51.52,4.21,2.79
P007,2026-07-02,7.85,7.49,78.25,51.2,4.46,2.96
P007,2026-07-03,7.72,7.46,76.58,52.23,4.38,3.01
P007,2026-07-04,7.49,7.4,73.35,54.14,4.07,2.98
P007,2026-07-05,7.28,7.33,70.55,55.78,3.83,2.98
P007,2026-07-06,7.22,7.25,69.87,56.22,3.88,3.09
P007,2026-07-07,7.43,7.36,72.65,54.63,4.12,3.06
P007,2026-07-08,7.68,7.45,75.94,52.72,4.44,3.05
P007,2026-07-09,7.76,7.43,77.09,52.03,4.61,3.11
P007,2026-07-10,7.8,7.58,77.05,51.92,4.31,2.77
P007,2026-07-11,7.46,7.32,72.87,54.25,4.03,2.89
P007,2026-07-12,7.3,7.26,70.43,55.54,3.7,2.78
P007,2026-07-13,7.27,7.18,70.1,55.61,3.66,2.78
P007,2026-07-14,7.73,7.6,75.14,52.51,3.65,2.24
P007,2026-07-15,7.41,6.8,73.02,53.79,4.41,3.33
P007,2026-07-16,7.4,6.61,73.29,53.55,5.62,3.55
P007,2026-07-17,7.23,6.42,71.14,54.68,5.49,3.64
P007,2026-07-18,7.61,7.25,73.92,52.77,4.57,2.32
P007,2026-07-19,7.43,7.17,71.41,54.11,4.24,2.24
P007,2026-07-20,7.41,7.11,71.07,54.23,4.22,2.27
P007,2026-07-21,7.53,7.07,72.95,53.14,4.52,2.41
P007,2026-07-22,7.69,7.03,75.44,51.72,4.9,2.6
P007,2026-07-23,7.77,7.01,76.51,51.13,5.07,2.7
P007,2026-07-24,7.68,7.01,75.21,51.92,3.92,2.69
P007,2026-07-25,7.49,7.02,72.4,53.56,3.56,2.59
P007,2026-07-26,7.33,7.05,70.13,54.93,3.27,2.52
P007,2026-07-27,7.33,7.1,70.04,55.09,3.29,2.57
P007,2026-07-28,7.48,7.15,72.18,54.03,3.62,2.73
P007,2026-07-29,7.67,7.21,74.92,52.64,4.03,2.93
P007,2026-07-30,7.76,7.29,76.2,52.09,4.25,3.05
P007,2026-07-31,7.7,7.37,75.09,52.88,4.12,3.04
P007,2026-08-01,7.52,7.44,72.44,54.54,3.78,2.95
P007,2026-08-02,7.37,7.53,70.28,55.93,3.51,2.89
P007,2026-08-03,7.38,7.6,70.25,56.1,3.54,2.95
P007,2026-08-04,7.53,7.66,72.4,55.05,3.87,3.12
P007,2026-08-05,7.72,7.72,75.1,53.68,4.29,3.32
P007,2026-08-06,7.8,7.75,76.3,53.12,4.49,3.44
P007,2026-08-07,7.71,7.78,75.05,53.91,4.34,3.43
P007,2026-08-08,7.52,7.78,72.22,55.57,3.98,3.34
P007,2026-08-09,7.35,7.78,69.84,56.95,3.68,3.28
P007,2026-08-10,7.33,7.76,69.58,57.12,3.68,3.33
P007,2026-08-11,7.46,7.72,71.46,56.06,3.98,3.49
P007,2026-08-12,7.55,7.57,73.23,55.06,4.41,3.82
P007,2026-08-13,7.54,7.39,73.5,54.88,4.63,4.07
P007,2026-08-14,7.36,7.21,71.34,56.06,4.51,4.19
P007,2026-08-15,7.07,7.03,67.62,58.09,4.18,4.22
P007,2026-08-16,6.83,6.83,64.39,59.84,3.9,4.28
P007,2026-08-17,6.72,6.63,63.31,60.39,3.93,4.45
P007,2026-08-18,6.76,6.44,64.42,59.69,4.27,4.73
P007,2026-08-19,6.99,6.46,67.45,57.85,4.57,4.77
P007,2026-08-20,7.11,6.48,69.04,56.84,4.67,4.72
P007,2026-08-21,7.07,6.52,68.25,57.17,4.43,4.55
P007,2026-08-22,6.94,6.56,65.97,58.36,3.98,4.29
P007,2026-08-23,6.84,6.62,64.22,59.28,3.6,4.05
P007,2026-08-24,6.9,6.7,64.68,58.96,3.53,3.92
P007,2026-08-25,7.1,6.79,67.36,57.41,3.77,3.9
P007,2026-08-26,7.29,6.79,70.03,55.93,4.15,4.05
P007,2026-08-27,7.38,6.82,71.28,55.27,4.34,4.12
P007,2026-08-28,7.31,6.86,70.16,55.95,4.19,4.05
P007,2026-08-29,7.13,6.91,67.56,57.5,3.83,3.9
P007,2026-08-30,7.0,6.98,65.48,58.76,3.54,3.78
P007,2026-08-31,7.02,7.05,65.59,58.8,3.55,3.76
P007,2026-09-01,7.18,7.13,67.91,57.6,3.88,3.85
P007,2026-09-02,7.4,7.22,70.83,56.07,4.28,3.98
P007,2026-09-03,7.51,7.3,72.3,55.36,4.48,4.02
P007,2026-09-04,7.39,7.27,70.69,56.39,4.4,4.06
P007,2026-09-05,7.29,7.46,68.84,57.5,3.98,3.75
P007,2026-09-06,6.96,7.22,64.88,59.88,3.86,4.0
P007,2026-09-07,6.92,7.17,64.35,60.27,3.93,4.09
P007,2026-09-08,7.01,7.12,65.97,59.42,4.29,4.3
P007,2026-09-09,7.54,7.65,71.99,55.89,4.39,3.74
P007,2026-09-10,7.17,6.95,68.79,57.89,4.96,4.69
P007,2026-09-11,7.03,6.85,66.99,58.88,4.85,4.71
P007,2026-09-12,6.78,6.73,63.62,60.73,4.51,4.66
P007,2026-09-13,7.23,7.6,67.15,58.39,3.66,3.29
P007,2026-09-14,7.21,7.56,66.99,58.36,3.63,3.23
P007,2026-09-15,7.36,7.49,69.0,57.09,3.9,3.29
P007,2026-09-16,7.53,7.42,71.56,55.51,4.25,3.38
P007,2026-09-17,7.6,7.34,72.64,54.74,4.39,3.39
P007,2026-09-18,7.51,7.26,71.28,55.32,5.19,3.27
P007,2026-09-19,7.31,7.17,68.4,56.77,4.77,3.07
P007,2026-09-20,7.14,7.09,66.02,57.94,4.42,2.9
P007,2026-09-21,7.13,7.01,65.79,57.9,4.38,2.84
P007,2026-09-22,7.26,6.93,67.78,56.64,4.64,2.9
P007,2026-09-23,7.44,6.88,70.37,55.05,4.99,2.99
P007,2026-09-24,7.46,6.73,70.87,54.68,5.2,3.14
P007,2026-09-25,7.3,6.59,68.99,55.67,5.08,3.16
P007,2026-09-26,7.06,6.47,65.62,57.53,3.74,3.1
P007,2026-09-27,6.84,6.36,62.78,59.11,3.48,3.07
P007,2026-09-28,6.78,6.27,62.13,59.5,3.53,3.16
P007,2026-09-29,6.88,6.21,63.71,58.65,3.89,3.36
P007,2026-09-30,7.01,6.15,65.9,57.47,4.34,3.6
P007,2026-10-01,7.18,6.3,67.98,56.33,4.47,3.49
P007,2026-10-02,7.2,6.47,67.68,56.55,4.27,3.25
P007,2026-10-03,7.1,6.66,65.85,57.63,3.85,2.94
P007,2026-10-04,7.05,6.85,64.52,58.46,3.5,2.65
P007,2026-10-05,7.14,7.03,65.34,58.07,3.46,2.48
P007,2026-10-06,7.38,7.23,68.35,56.46,3.73,2.43
P008,2026-04-10,7.36,6.63,72.2,54.13,4.12,3.12
P008,2026-04-11,7.17,6.65,67.64,55.76,3.74,3.01
P008,2026-04-12,7.07,6.69,65.22,56.68,3.56,2.98
P008,2026-04-13,7.13,6.74,66.77,56.26,3.71,3.08
P008,2026-04-14,7.32,6.8,71.18,54.88,4.11,3.27
P008,2026-04-15,7.49,6.88,75.19,53.64,4.48,3.45
P008,2026-04-16,7.53,6.95,75.85,53.55,4.56,3.52
P008,2026-04-17,7.41,7.04,72.76,54.75,4.32,3.47
P008,2026-04-18,7.23,7.12,68.34,56.4,3.97,3.38
P008,2026-04-19,7.14,7.2,66.01,57.34,3.8,3.36
P008,2026-04-20,7.21,7.27,67.61,56.93,3.96,3.46
P008,2026-04-21,7.4,7.34,72.01,55.55,4.37,3.66
P008,2026-04-22,7.56,7.39,75.96,54.33,4.73,3.84
P008,2026-04-23,7.59,7.43,76.52,54.24,4.8,3.91
P008,2026-04-24,7.45,7.46,73.28,55.44,4.54,3.86
P008,2026-04-25,7.25,7.47,68.66,57.09,4.17,3.77
P008,2026-04-26,7.14,7.46,66.11,58.02,3.97,3.74
P008,2026-04-27,7.19,7.44,67.46,57.6,4.09,3.84
P008,2026-04-28,7.35,7.4,71.6,56.21,4.46,4.03
P008,2026-04-29,7.49,7.34,75.27,54.97,4.78,4.21
P008,2026-04-30,7.48,7.28,75.56,54.87,4.82,4.27
P008,2026-05-01,7.32,7.2,72.07,56.04,4.52,4.21
P008,2026-05-02,7.1,7.12,67.24,57.67,4.12,4.1
P008,2026-05-03,6.97,7.03,64.49,58.57,3.89,4.06
P008,2026-05-04,7.0,6.94,65.7,58.12,3.99,4.15
P008,2026-05-05,7.15,6.86,69.74,56.7,4.34,4.32
P008,2026-05-06,7.29,6.78,73.37,55.42,4.65,4.47
P008,2026-05-07,7.29,6.7,73.68,55.28,4.67,4.52
P008,2026-05-08,7.13,6.64,70.26,56.42,4.38,4.44
P008,2026-05-09,6.86,6.49,64.89,58.4,4.04,4.45
P008,2026-05-10,6.68,6.35,61.67,59.66,3.88,4.52
P008,2026-05-11,6.66,6.23,62.44,59.57,4.06,4.72
P008,2026-05-12,6.77,6.12,66.09,58.5,4.49,5.0
P008,2026-05-13,6.87,6.03,69.37,57.58,4.89,5.27
P008,2026-05-14,6.83,5.96,69.34,57.79,5.0,5.42
P008,2026-05-15,6.64,5.9,65.6,59.28,4.8,5.45
P008,2026-05-16,6.54,6.07,61.89,60.41,4.37,5.16
P008,2026-05-17,6.53,6.24,60.31,60.82,4.13,4.94
P008,2026-05-18,6.68,6.43,62.71,59.87,4.22,4.84
P008,2026-05-19,6.96,6.62,67.96,57.96,4.55,4.82
P008,2026-05-20,7.21,6.81,72.8,56.18,4.85,4.79
P008,2026-05-21,7.33,7.0,74.29,55.55,4.86,4.64
P008,2026-05-22,7.3,7.19,72.01,56.18,4.55,4.38
P008,2026-05-23,7.13,7.27,67.73,57.67,4.18,4.2
P008,2026-05-24,7.06,7.33,65.53,58.43,3.99,4.09
P008,2026-05-25,7.14,7.39,67.26,57.84,4.12,4.1
P008,2026-05-26,7.34,7.43,71.77,56.29,4.5,4.2
P008,2026-05-27,7.52,7.46,75.82,54.87,4.83,4.28
P008,2026-05-28,7.55,7.47,76.48,54.6,4.87,4.25
P008,2026-05-29,7.42,7.47,73.34,55.6,4.58,4.1
P008,2026-05-30,7.24,7.45,68.83,57.05,4.18,3.91
P008,2026-05-31,7.14,7.41,66.38,57.78,3.95,3.78
P008,2026-06-01,7.13,7.26,67.2,57.55,4.1,3.9
P008,2026-06-02,7.24,7.1,70.82,56.36,4.5,4.12
P008,2026-06-03,7.52,7.23,75.92,54.14,5.68,3.93
P008,2026-06-04,7.27,6.75,73.79,55.41,5.92,4.42
P008,2026-06-05,7.06,6.56,69.82,56.78,5.66,4.4
P008,2026-06-06,6.79,6.38,64.51,58.61,5.29,4.33
P008,2026-06-07,7.08,6.91,65.83,56.98,4.7,3.39
P008,2026-06-08,6.6,6.03,62.09,59.49,5.25,4.45
P008,2026-06-09,6.7,5.86,65.7,58.29,5.65,4.67
P008,2026-06-10,6.8,5.71,68.92,57.24,6.01,4.87
P008,2026-06-11,7.49,6.68,75.9,53.04,4.45,3.5
P008,2026-06-12,7.36,6.66,72.72,54.02,4.16,3.34
P008,2026-06-13,7.17,6.65,68.25,55.47,3.76,3.14
P008,2026-06-14,7.08,6.66,65.92,56.2,3.54,3.01
P008,2026-06-15,7.16,6.68,67.57,55.59,3.66,3.01
P008,2026-06-16,7.36,6.72,72.09,54.02,4.04,3.11
P008,2026-06-17,7.55,6.78,76.22,52.61,4.38,3.19
P008,2026-06-18,7.59,6.84,77.02,52.33,4.44,3.16
P008,2026-06-19,7.49,6.92,74.08,53.35,4.18,3.02
P008,2026-06-20,7.33,7.0,69.83,54.83,3.81,2.84
P008,2026-06-21,7.19,6.99,67.02,55.99,3.68,2.86
P008,2026-06-22,7.21,6.97,68.16,55.82,3.89,3.02
P008,2026-06-23,7.35,6.96,72.11,54.69,4.34,3.26
P008,2026-06-24,7.47,6.94,75.61,53.71,4.76,3.5
P008,2026-06-25,7.45,6.91,75.74,53.88,4.88,3.64
P008,2026-06-26,7.27,6.87,72.06,55.34,4.68,3.65
P008,2026-06-27,7.03,6.81,67.02,57.26,4.37,3.63
P008,2026-06-28,7.0,6.95,65.35,57.67,4.11,3.41
P008,2026-06-29,7.14,7.08,67.57,56.74,4.18,3.31
P008,2026-06-30,7.39,7.18,72.57,54.86,4.49,3.31
P008,2026-07-01,7.62,7.27,77.1,53.13,4.76,3.3
P008,2026-07-02,7.7,7.35,78.21,52.55,4.74,3.19
P008,2026-07-03,7.62,7.4,75.53,53.25,4.39,2.96
P008,2026-07-04,7.48,7.45,71.46,54.42,3.93,2.69
P008,2026-07-05,7.36,7.38,68.8,55.28,3.7,2.63
P008,2026-07-06,7.39,7.3,70.06,54.81,3.8,2.69
P008,2026-07-07,7.55,7.21,74.12,53.37,4.14,2.86
P008,2026-07-08,7.68,7.13,77.74,52.09,4.45,3.01
P008,2026-07-09,7.68,7.04,78.0,51.96,4.47,3.06
P008,2026-07-10,7.51,6.96,74.51,53.11,4.18,2.99
P008,2026-07-11,7.3,6.88,69.7,54.72,3.77,2.88
P008,2026-07-12,7.17,6.81,67.0,55.63,3.55,2.84
P008,2026-07-13,7.21,6.76,68.29,55.19,3.66,2.93
P008,2026-07-14,7.37,6.71,72.43,53.8,4.03,3.11
P008,2026-07-15,7.52,6.69,76.18,52.55,4.36,3.28
P008,2026-07-16,7.53,6.68,76.61,52.45,4.41,3.35
P008,2026-07-17,7.39,6.68,73.33,53.64,4.15,3.3
P008,2026-07-18,7.19,6.7,68.75,55.28,3.78,3.2
P008,2026-07-19,7.09,6.74,66.31,56.21,3.59,3.18
P008,2026-07-20,7.16,6.79,67.85,55.8,3.75,3.28
P008,2026-07-21,7.35,6.86,72.25,54.43,4.15,3.47
P008,2026-07-22,7.52,6.93,76.25,53.2,4.51,3.65
P008,2026-07-23,7.55,7.01,76.91,53.12,4.6,3.73
P008,2026-07-24,7.43,7.09,73.82,54.31,4.36,3.68
P008,2026-07-25,7.25,7.17,69.4,55.97,4.01,3.59
P008,2026-07-26,7.16,7.25,67.06,56.9,3.84,3.57
P008,2026-07-27,7.23,7.32,68.67,56.49,4.0,3.67
P008,2026-07-28,7.42,7.39,73.08,55.11,4.4,3.86
P008,2026-07-29,7.59,7.44,77.03,53.88,4.76,4.04
P008,2026-07-30,7.61,7.49,77.6,53.79,4.83,4.11
P008,2026-07-31,7.47,7.51,74.37,54.98,4.58,4.06
P008,2026-08-01,7.28,7.52,69.76,56.61,4.2,3.96
P008,2026-08-02,7.17,7.52,67.22,57.53,4.0,3.93
P008,2026-08-03,7.15,7.39,67.93,57.5,4.19,4.16
P008,2026-08-04,7.24,7.25,71.42,56.5,4.61,4.48
P008,2026-08-05,7.31,7.09,74.46,55.64,4.99,4.78
P008,2026-08-06,7.24,6.92,74.11,55.92,5.08,4.97
P008,2026-08-07,7.02,6.74,69.98,57.48,4.84,5.03
P008,2026-08-08,6.73,6.56,64.5,59.48,4.49,5.05
P008,2026-08-09,6.53,6.37,61.12,60.76,4.32,5.14
P008,2026-08-10,6.64,6.39,63.01,59.89,4.36,5.07
P008,2026-08-11,6.86,6.4,67.73,58.05,4.65,5.1
P008,2026-08-12,7.06,6.43,72.05,56.34,4.9,5.1
P008,2026-08-13,7.07,6.36,72.4,56.17,4.92,5.13
P008,2026-08-14,6.92,6.3,69.03,57.27,4.62,5.03
P008,2026-08-15,6.91,6.56,66.29,57.64,4.05,4.49
P008,2026-08-16,6.6,6.22,61.84,59.64,4.0,4.81
P008,2026-08-17,6.6,6.1,62.66,59.51,4.18,4.99
P008,2026-08-18,6.71,6.0,66.35,58.41,5.6,5.25
P008,2026-08-19,7.28,6.62,74.18,54.71,5.59,4.57
P008,2026-08-20,6.78,5.84,69.68,57.62,6.1,5.64
P008,2026-08-21,6.59,5.79,65.98,59.07,5.9,5.65
P008,2026-08-22,6.36,5.75,60.99,60.97,5.58,5.62
P008,2026-08-23,6.95,6.83,65.22,57.84,4.82,4.18
P008,2026-08-24,7.04,6.92,66.99,57.27,4.97,4.21
P008,2026-08-25,7.25,7.0,71.61,55.74,5.36,4.31
P008,2026-08-26,7.44,7.09,75.81,54.34,4.71,4.41
P008,2026-08-27,7.49,7.18,76.66,54.08,4.78,4.39
P008,2026-08-28,7.39,7.27,73.75,55.09,4.52,4.25
P008,2026-08-29,7.23,7.34,69.49,56.56,4.15,4.06
P008,2026-08-30,7.15,7.41,67.31,57.3,3.96,3.93
P008,2026-08-31,7.24,7.47,69.05,56.7,4.1,3.94
P008,2026-09-01,7.44,7.52,73.59,55.12,4.47,4.03
P008,2026-09-02,7.62,7.54,77.66,53.69,4.8,4.1
P008,2026-09-03,7.65,7.56,78.33,53.4,4.84,4.07
P008,2026-09-04,7.53,7.55,75.2,54.39,4.55,3.91
P008,2026-09-05,7.34,7.53,70.7,55.83,4.14,3.71
P008,2026-09-06,7.24,7.5,68.26,56.56,3.91,3.57
P008,2026-09-07,7.3,7.45,69.74,55.93,4.01,3.57
P008,2026-09-08,7.48,7.39,74.0,54.34,4.35,3.65
P008,2026-09-09,7.63,7.31,77.82,52.9,4.64,3.72
P008,2026-09-10,7.64,7.24,78.26,52.6,4.65,3.68
P008,2026-09-11,7.5,7.16,74.94,53.58,4.34,3.52
P008,2026-09-12,7.3,7.08,70.28,55.02,3.91,3.32
P008,2026-09-13,7.19,7.0,67.72,55.75,3.66,3.18
P008,2026-09-14,7.24,6.92,69.13,55.13,3.76,3.18
P008,2026-09-15,7.34,6.76,72.72,53.95,4.15,3.4
P008,2026-09-16,7.43,6.6,75.91,52.92,4.51,3.61
P008,2026-09-17,7.39,6.46,75.78,53.03,4.59,3.72
P008,2026-09-18,7.19,6.33,71.93,54.44,4.36,3.7
P008,2026-09-19,6.93,6.21,66.78,56.3,4.02,3.65
P008,2026-09-20,6.77,6.12,63.77,57.44,3.86,3.66
P008,2026-09-21,6.78,6.04,64.75,57.25,4.05,3.81
P008,2026-09-22,7.05,6.18,69.91,55.3,4.36,3.77
P008,2026-09-23,7.3,6.34,74.68,53.5,4.65,3.73
P008,2026-09-24,7.41,6.51,76.12,52.85,4.65,3.58
P008,2026-09-25,7.37,6.69,73.82,53.49,4.33,3.31
P008,2026-09-26,7.28,6.87,70.2,54.58,3.91,3.0
P008,2026-09-27,7.27,7.06,68.68,54.97,3.66,2.76
P008,2026-09-28,7.43,7.25,71.11,54.02,3.76,2.66
P008,2026-09-29,7.64,7.34,75.7,52.51,4.15,2.78
P008,2026-09-30,7.82,7.42,79.84,51.16,4.51,2.9
P008,2026-10-01,7.87,7.5,80.6,50.96,4.58,2.91
P008,2026-10-02,7.75,7.56,77.56,52.04,4.32,2.8
P008,2026-10-03,7.57,7.61,73.14,53.59,3.95,2.66
P008,2026-10-04,7.48,7.64,70.78,54.43,3.75,2.58
P008,2026-10-05,7.54,7.66,72.32,53.93,3.89,2.64
P008,2026-10-06,7.72,7.66,76.64,52.47,4.26,2.79
P009,2026-04-10,7.76,7.74,75.09,53.15,4.16,2.74
P009,2026-04-11,7.6,7.82,72.72,54.65,3.84,2.66
P009,2026-04-12,7.57,7.9,72.24,55.09,3.8,2.69
P009,2026-04-13,7.7,7.97,74.08,54.21,4.08,2.83
P009,2026-04-14,7.9,8.03,76.93,52.75,4.5,3.04
P009,2026-04-15,8.02,8.08,78.69,51.88,4.77,3.18
P009,2026-04-16,7.97,8.12,78.06,52.34,4.7,3.2
P009,2026-04-17,7.8,8.14,75.52,53.85,4.37,3.12
P009,2026-04-18,7.62,8.14,72.96,55.34,4.03,3.03
P009,2026-04-19,7.57,8.13,72.25,55.76,3.95,3.05
P009,2026-04-20,7.67,8.1,73.85,54.86,4.19,3.19
P009,2026-04-21,7.84,8.06,76.45,53.37,4.58,3.38
P009,2026-04-22,7.94,8.0,77.94,52.48,4.81,3.51
P009,2026-04-23,7.87,7.93,77.06,52.91,4.7,3.51
P009,2026-04-24,7.67,7.86,74.28,54.38,4.33,3.41
P009,2026-04-25,7.47,7.77,71.52,55.84,3.96,3.31
P009,2026-04-26,7.4,7.68,70.65,56.23,3.85,3.31
P009,2026-04-27,7.49,7.6,72.12,55.29,4.07,3.43
P009,2026-04-28,7.66,7.51,74.64,53.76,4.44,3.6
P009,2026-04-29,7.75,7.43,76.12,52.83,4.66,3.7
P009,2026-04-30,7.62,7.26,74.61,53.61,4.61,3.82
P009,2026-05-01,7.36,7.1,71.27,55.44,4.29,3.83
P009,2026-05-02,7.11,6.95,67.99,57.25,3.99,3.85
P009,2026-05-03,6.99,6.81,66.66,57.99,3.96,3.95
P009,2026-05-04,7.04,6.7,67.72,57.4,4.26,4.18
P009,2026-05-05,7.16,6.6,69.86,56.23,4.71,4.46
P009,2026-05-06,7.22,6.51,70.99,55.65,5.01,4.68
P009,2026-05-07,7.26,6.65,71.13,55.58,4.87,4.5
P009,2026-05-08,7.17,6.81,69.45,56.56,4.47,4.21
P009,2026-05-09,7.09,6.98,67.83,57.52,4.08,3.93
P009,2026-05-10,7.14,7.15,68.14,57.41,3.96,3.73
P009,2026-05-11,7.35,7.34,70.82,55.97,4.17,3.66
P009,2026-05-12,7.64,7.53,74.55,53.95,4.52,3.65
P009,2026-05-13,7.86,7.72,77.22,52.52,4.73,3.57
P009,2026-05-14,7.84,7.81,76.88,52.8,4.66,3.5
P009,2026-05-15,7.7,7.9,74.67,54.14,4.32,3.33
P009,2026-05-16,7.56,7.97,72.46,55.46,3.99,3.15
P009,2026-05-17,7.54,8.04,72.12,55.71,3.92,3.08
P009,2026-05-18,7.69,8.09,74.1,54.63,4.18,3.13
P009,2026-05-19,7.9,8.13,77.07,52.97,4.57,3.22
P009,2026-05-20,8.03,8.15,78.94,51.91,4.81,3.27
P009,2026-05-21,8.0,8.16,78.42,52.17,4.71,3.18
P009,2026-05-22,7.83,8.15,75.98,53.48,4.34,2.99
P009,2026-05-23,7.66,8.12,73.52,54.77,3.97,2.81
P009,2026-05-24,7.62,8.08,72.92,55.0,3.86,2.72
P009,2026-05-25,7.74,8.03,74.64,53.9,4.08,2.76
P009,2026-05-26,7.92,7.97,77.35,52.23,4.44,2.85
P009,2026-05-27,8.03,7.89,78.97,51.15,4.64,2.88
P009,2026-05-28,7.98,7.81,78.22,51.4,4.51,2.79
P009,2026-05-29,7.79,7.73,75.6,52.7,4.12,2.6
P009,2026-05-30,7.61,7.65,73.0,54.0,3.73,2.42
P009,2026-05-31,7.56,7.57,72.3,54.22,3.61,2.33
P009,2026-06-01,7.67,7.5,73.96,53.13,3.82,2.37
P009,2026-06-02,7.86,7.44,76.67,51.47,4.18,2.46
P009,2026-06-03,7.97,7.39,78.35,50.4,4.4,2.5
P009,2026-06-04,7.93,7.36,77.71,50.66,4.29,2.42
P009,2026-06-05,7.76,7.33,75.23,51.98,3.92,2.24
P009,2026-06-06,7.59,7.33,72.81,53.29,3.55,2.06
P009,2026-06-07,7.56,7.34,72.33,53.54,3.47,1.99
P009,2026-06-08,7.7,7.37,74.23,52.48,3.71,2.04
P009,2026-06-09,7.91,7.41,77.2,50.84,4.11,2.15
P009,2026-06-10,8.05,7.47,79.13,49.81,4.36,2.21
P009,2026-06-11,8.03,7.54,78.73,50.1,4.29,2.14
P009,2026-06-12,7.81,7.51,75.83,51.86,4.01,2.11
P009,2026-06-13,7.6,7.49,72.95,53.61,3.75,2.09
P009,2026-06-14,7.52,7.48,71.97,54.3,3.75,2.18
P009,2026-06-15,7.6,7.46,73.34,53.67,4.08,2.39
P009,2026-06-16,7.75,7.44,75.71,52.48,4.55,2.66
P009,2026-06-17,7.82,7.42,77.0,51.89,4.88,2.87
P009,2026-06-18,7.73,7.38,75.91,52.64,4.87,2.97
P009,2026-06-19,7.64,7.55,74.22,53.64,4.47,2.7
P009,2026-06-20,7.55,7.69,72.52,54.64,4.08,2.43
P009,2026-06-21,7.58,7.83,72.66,54.57,3.95,2.26
P009,2026-06-22,7.77,7.95,75.1,53.2,4.14,2.23
P009,2026-06-23,8.03,8.05,78.51,51.26,4.47,2.25
P009,2026-06-24,8.21,8.13,80.81,49.92,4.65,2.22
P009,2026-06-25,8.22,8.2,80.71,49.91,4.49,2.07
P009,2026-06-26,8.03,8.15,78.03,51.36,4.13,1.96
P009,2026-06-27,7.84,8.08,75.32,52.81,3.76,1.85
P009,2026-06-28,7.77,8.01,74.49,53.19,3.66,1.85
P009,2026-06-29,7.86,7.93,75.96,52.27,3.88,1.97
P009,2026-06-30,8.03,7.84,78.45,50.77,4.25,2.15
P009,2026-07-01,8.11,7.75,79.87,49.87,4.47,2.28
P009,2026-07-02,8.04,7.66,78.93,50.31,4.36,2.29
P009,2026-07-03,7.84,7.58,76.12,51.8,3.99,2.2
P009,2026-07-04,7.64,7.5,73.35,53.28,3.62,2.11
P009,2026-07-05,7.57,7.44,72.5,53.71,3.52,2.13
P009,2026-07-06,7.67,7.39,74.03,52.81,3.76,2.27
P009,2026-07-07,7.84,7.35,76.62,51.35,4.15,2.47
P009,2026-07-08,7.94,7.32,78.18,50.48,4.39,2.61
P009,2026-07-09,7.88,7.32,77.43,50.94,4.31,2.63
P009,2026-07-10,7.7,7.33,74.86,52.45,3.97,2.56
P009,2026-07-11,7.53,7.35,72.34,53.96,3.64,2.48
P009,2026-07-12,7.49,7.39,71.76,54.4,3.58,2.5
P009,2026-07-13,7.61,7.45,73.56,53.52,3.86,2.65
P009,2026-07-14,7.81,7.51,76.41,52.06,4.28,2.86
P009,2026-07-15,7.94,7.59,78.23,51.2,4.56,3.0
P009,2026-07-16,7.91,7.67,77.71,51.66,4.51,3.03
P009,2026-07-17,7.75,7.75,75.32,53.18,4.19,2.95
P009,2026-07-18,7.59,7.83,72.96,54.68,3.88,2.87
P009,2026-07-19,7.56,7.91,72.49,55.11,3.83,2.89
P009,2026-07-20,7.69,7.98,74.34,54.22,4.11,3.03
P009,2026-07-21,7.89,8.04,77.2,52.75,4.53,3.23
P009,2026-07-22,7.94,7.99,78.33,52.26,4.86,3.5
P009,2026-07-23,7.83,7.93,77.07,53.1,4.85,3.65
P009,2026-07-24,7.59,7.85,73.9,54.98,4.57,3.69
P009,2026-07-25,7.55,8.06,72.63,55.68,4.11,3.34
P009,2026-07-26,7.09,7.44,68.06,58.44,4.38,4.15
P009,2026-07-27,7.07,7.2,68.38,58.31,4.74,4.54
P009,2026-07-28,7.1,6.96,69.69,57.6,6.24,4.99
P009,2026-07-29,7.6,7.51,75.06,54.35,6.13,4.32
P009,2026-07-30,6.87,6.42,67.74,58.68,6.6,5.65
P009,2026-07-31,6.53,6.14,63.69,60.92,6.34,5.81
P009,2026-08-01,7.07,7.18,68.05,58.04,5.33,4.22
P009,2026-08-02,7.07,7.19,67.86,58.0,5.16,4.07
P009,2026-08-03,7.24,7.21,70.02,56.63,5.32,4.04
P009,2026-08-04,7.47,7.23,73.23,54.68,5.63,4.05
P009,2026-08-05,7.64,7.25,75.39,53.32,4.78,4.01
P009,2026-08-06,7.64,7.29,75.23,53.28,4.61,3.84
P009,2026-08-07,7.53,7.34,73.24,54.28,4.18,3.57
P009,2026-08-08,7.34,7.29,70.65,55.66,3.81,3.43
P009,2026-08-09,7.3,7.26,70.0,55.97,3.72,3.39
P009,2026-08-10,7.42,7.25,71.75,54.96,3.95,3.46
P009,2026-08-11,7.61,7.25,74.58,53.36,4.34,3.59
P009,2026-08-12,7.74,7.28,76.39,52.35,4.59,3.66
P009,2026-08-13,7.71,7.31,75.9,52.66,4.5,3.6
P009,2026-08-14,7.56,7.36,73.58,54.01,4.16,3.44
P009,2026-08-15,7.41,7.43,71.32,55.35,3.83,3.28
P009,2026-08-16,7.4,7.5,71.0,55.61,3.76,3.21
P009,2026-08-17,7.55,7.59,73.04,54.55,4.03,3.27
P009,2026-08-18,7.77,7.67,76.13,52.91,4.44,3.37
P009,2026-08-19,7.92,7.76,78.17,51.86,4.7,3.42
P009,2026-08-20,7.91,7.85,77.85,52.13,4.63,3.34
P009,2026-08-21,7.76,7.94,75.65,53.45,4.29,3.16
P009,2026-08-22,7.62,8.01,73.46,54.75,3.96,2.98
P009,2026-08-23,7.61,8.08,73.14,54.99,3.89,2.9
P009,2026-08-24,7.75,8.13,75.13,53.9,4.14,2.94
P009,2026-08-25,7.97,8.17,78.11,52.23,4.53,3.03
P009,2026-08-26,8.1,8.2,79.99,51.16,4.77,3.07
P009,2026-08-27,8.07,8.21,79.48,51.41,4.67,2.98
P009,2026-08-28,7.9,8.2,77.05,52.71,4.31,2.79
P009,2026-08-29,7.74,8.17,74.6,54.0,3.93,2.6
P009,2026-08-30,7.7,8.13,74.0,54.22,3.83,2.51
P009,2026-08-31,7.81,8.08,75.71,53.13,4.04,2.55
P009,2026-09-01,8.0,8.01,78.42,51.45,4.4,2.64
P009,2026-09-02,8.11,7.94,80.05,50.38,4.61,2.67
P009,2026-09-03,8.05,7.86,79.3,50.63,4.48,2.59
P009,2026-09-04,7.87,7.78,76.67,51.94,4.09,2.4
P009,2026-09-05,7.68,7.7,74.05,53.24,3.7,2.22
P009,2026-09-06,7.56,7.52,72.69,53.88,3.64,2.27
P009,2026-09-07,7.6,7.34,73.68,53.2,3.91,2.45
P009,2026-09-08,7.72,7.18,75.71,51.95,4.33,2.69
P009,2026-09-09,7.76,7.02,76.72,51.3,4.6,2.88
P009,2026-09-10,7.65,6.88,75.4,51.98,4.55,2.94
P009,2026-09-11,7.41,6.75,72.24,53.71,4.24,2.9
P009,2026-09-12,7.17,6.65,69.14,55.44,3.94,2.87
P009,2026-09-13,7.21,6.76,69.3,55.31,3.8,2.67
P009,2026-09-14,7.41,6.89,71.84,53.87,3.99,2.6
P009,2026-09-15,7.69,7.04,75.44,51.85,4.33,2.58
P009,2026-09-16,7.89,7.2,78.01,50.44,4.52,2.51
P009,2026-09-17,7.94,7.37,78.25,50.36,4.39,2.32
P009,2026-09-18,7.86,7.55,76.63,51.34,4.0,2.04
P009,2026-09-19,7.78,7.73,75.05,52.31,3.62,1.76
P009,2026-09-20,7.76,7.82,74.71,52.63,3.56,1.72
P009,2026-09-21,7.91,7.91,76.7,51.63,3.83,1.81
P009,2026-09-22,8.12,7.99,79.71,50.06,4.25,1.95
P009,2026-09-23,8.26,8.07,81.63,49.1,4.52,2.05
P009,2026-09-24,8.23,8.14,81.17,49.47,4.45,2.02
P009,2026-09-25,8.07,8.2,78.8,50.9,4.12,1.9
P009,2026-09-26,7.91,8.24,76.4,52.33,3.79,1.78
P009,2026-09-27,7.88,8.27,75.86,52.69,3.72,1.76
P009,2026-09-28,8.0,8.28,77.61,51.74,3.97,1.88
P009,2026-09-29,8.18,8.28,80.34,50.23,4.37,2.05
P009,2026-09-30,8.29,8.26,81.95,49.31,4.61,2.17
P009,2026-10-01,8.23,8.22,81.17,49.73,4.51,2.17
P009,2026-10-02,8.04,8.17,78.46,51.2,4.15,2.07
P009,2026-10-03,7.84,8.11,75.74,52.67,3.78,1.97
P009,2026-10-04,7.77,8.03,74.88,53.08,3.68,1.98
P009,2026-10-05,7.86,7.95,76.34,52.17,3.91,2.12
P009,2026-10-06,8.02,7.86,78.8,50.69,4.28,2.31
P010,2026-04-10,7.88,8.41,77.03,52.78,3.16,2.85
P010,2026-04-11,7.74,8.41,75.05,53.93,2.9,2.78
P010,2026-04-12,7.75,8.4,75.31,53.79,2.95,2.84
P010,2026-04-13,7.9,8.37,77.55,52.52,3.28,3.01
P010,2026-04-14,8.06,8.32,79.98,51.11,3.64,3.18
P010,2026-04-15,8.1,8.26,80.63,50.68,3.75,3.25
P010,2026-04-16,7.97,8.19,78.87,51.59,3.51,3.2
P010,2026-04-17,7.76,8.11,75.86,53.18,3.1,3.07
P010,2026-04-18,7.6,8.03,73.69,54.3,2.81,2.99
P010,2026-04-19,7.6,7.94,73.81,54.12,2.84,3.03
P010,2026-04-20,7.74,7.85,75.94,52.8,3.14,3.17
P010,2026-04-21,7.82,7.67,77.65,51.75,3.54,3.45
P010,2026-04-22,7.79,7.49,77.65,51.67,3.7,3.64
P010,2026-04-23,7.6,7.32,75.29,52.93,3.52,3.69
P010,2026-04-24,7.33,7.16,71.73,54.88,3.17,3.68
P010,2026-04-25,7.12,7.02,69.06,56.34,2.95,3.71
P010,2026-04-26,7.07,6.89,68.73,56.51,3.05,3.86
P010,2026-04-27,7.17,6.78,70.46,55.54,3.44,4.1
P010,2026-04-28,7.42,6.89,73.78,53.64,3.74,4.09
P010,2026-04-29,7.56,7.02,75.41,52.71,3.81,3.98
P010,2026-04-30,7.54,7.16,74.7,53.12,3.54,3.73
P010,2026-05-01,7.44,7.32,72.8,54.22,3.11,3.42
P010,2026-05-02,7.4,7.49,71.78,54.83,2.8,3.15
P010,2026-05-03,7.52,7.68,73.09,54.16,2.81,3.0
P010,2026-05-04,7.78,7.86,76.43,52.34,3.1,2.96
P010,2026-05-05,7.99,7.95,79.34,50.8,3.49,3.05
P010,2026-05-06,8.08,8.04,80.52,50.23,3.63,3.06
P010,2026-05-07,8.01,8.13,79.31,51.0,3.44,2.93
P010,2026-05-08,7.85,8.21,76.86,52.46,3.07,2.74
P010,2026-05-09,7.75,8.29,75.23,53.45,2.81,2.59
P010,2026-05-10,7.8,8.35,75.86,53.14,2.88,2.56
P010,2026-05-11,7.99,8.4,78.48,51.69,3.22,2.63
P010,2026-05-12,8.18,8.43,81.27,50.12,3.58,2.71
P010,2026-05-13,8.26,8.45,82.28,49.53,3.7,2.71
P010,2026-05-14,8.16,8.46,80.87,50.28,3.47,2.57
P010,2026-05-15,7.98,8.44,78.17,51.73,3.07,2.37
P010,2026-05-16,7.85,8.41,76.28,52.69,2.78,2.21
P010,2026-05-17,7.88,8.37,76.64,52.37,2.8,2.17
P010,2026-05-18,8.04,8.31,78.98,50.92,3.11,2.24
P010,2026-05-19,8.21,8.24,81.5,49.35,3.44,2.32
P010,2026-05-20,8.26,8.17,82.27,48.76,3.52,2.31
P010,2026-05-21,8.14,8.09,80.63,49.51,3.27,2.18
P010,2026-05-22,7.94,8.01,77.74,50.96,2.84,1.98
P010,2026-05-23,7.79,7.93,75.7,51.94,2.54,1.82
P010,2026-05-24,7.81,7.85,75.97,51.63,2.55,1.79
P010,2026-05-25,7.96,7.78,78.26,50.19,2.86,1.87
P010,2026-05-26,8.14,7.72,80.79,48.64,3.19,1.96
P010,2026-05-27,8.19,7.67,81.61,48.06,3.29,1.96
P010,2026-05-28,8.09,7.64,80.08,48.84,3.05,1.84
P010,2026-05-29,7.9,7.63,77.34,50.32,2.65,1.66
P010,2026-05-30,7.77,7.62,75.49,51.32,2.37,1.52
P010,2026-05-31,7.81,7.64,75.97,51.05,2.42,1.5
P010,2026-06-01,7.99,7.67,78.49,49.65,2.76,1.6
P010,2026-06-02,8.18,7.72,81.27,48.13,3.14,1.71
P010,2026-06-03,8.19,7.67,81.68,48.0,3.33,1.87
P010,2026-06-04,8.04,7.64,79.72,49.22,3.2,1.91
P010,2026-06-05,7.81,7.62,76.54,51.14,2.89,1.88
P010,2026-06-06,7.63,7.6,74.21,52.59,2.71,1.9
P010,2026-06-07,7.62,7.58,74.18,52.76,2.84,2.05
P010,2026-06-08,7.74,7.56,76.15,51.81,3.27,2.31
P010,2026-06-09,7.87,7.54,78.32,50.74,3.72,2.58
P010,2026-06-10,8.02,7.72,80.04,49.85,3.8,2.49
P010,2026-06-11,8.0,7.89,79.35,50.32,3.55,2.28
P010,2026-06-12,7.89,8.05,77.37,51.49,3.13,2.0
P010,2026-06-13,7.83,8.19,76.2,52.19,2.81,1.78
P010,2026-06-14,7.93,8.32,77.27,51.61,2.82,1.68
P010,2026-06-15,8.16,8.43,80.31,49.9,3.1,1.69
P010,2026-06-16,8.4,8.53,83.51,48.08,3.41,1.72
P010,2026-06-17,8.45,8.5,84.26,47.65,3.53,1.79
P010,2026-06-18,8.33,8.46,82.57,48.56,3.3,1.74
P010,2026-06-19,8.12,8.41,79.6,50.18,2.9,1.62
P010,2026-06-20,7.96,8.34,77.44,51.32,2.62,1.56
P010,2026-06-21,7.96,8.26,77.54,51.19,2.65,1.62
P010,2026-06-22,8.09,8.18,79.63,49.92,2.97,1.79
P010,2026-06-23,8.24,8.09,81.92,48.54,3.31,1.97
P010,2026-06-24,8.27,8.0,82.47,48.14,3.41,2.06
P010,2026-06-25,8.13,7.91,80.63,49.09,3.18,2.03
P010,2026-06-26,7.91,7.83,77.56,50.74,2.77,1.93
P010,2026-06-27,7.75,7.76,75.36,51.91,2.49,1.88
P010,2026-06-28,7.75,7.69,75.47,51.8,2.53,1.96
P010,2026-06-29,7.89,7.64,77.63,50.56,2.86,2.14
P010,2026-06-30,8.05,7.61,80.05,49.2,3.23,2.33
P010,2026-07-01,8.09,7.59,80.76,48.82,3.35,2.43
P010,2026-07-02,7.97,7.59,79.13,49.79,3.15,2.41
P010,2026-07-03,7.78,7.6,76.31,51.45,2.77,2.32
P010,2026-07-04,7.64,7.63,74.38,52.63,2.53,2.27
P010,2026-07-05,7.67,7.68,74.77,52.53,2.6,2.35
P010,2026-07-06,7.84,7.74,77.22,51.29,2.97,2.53
P010,2026-07-07,8.03,7.8,79.91,49.92,3.37,2.72
P010,2026-07-08,8.1,7.88,80.88,49.54,3.53,2.82
P010,2026-07-09,8.0,7.96,79.48,50.49,3.35,2.79
P010,2026-07-10,7.83,8.04,76.85,52.14,3.0,2.7
P010,2026-07-11,7.71,8.13,75.07,53.31,2.76,2.64
P010,2026-07-12,7.74,8.2,75.57,53.19,2.85,2.71
P010,2026-07-13,7.92,8.27,78.07,51.93,3.22,2.88
P010,2026-07-14,8.11,8.33,80.76,50.54,3.61,3.06
P010,2026-07-15,8.17,8.38,81.68,50.13,3.76,3.14
P010,2026-07-16,8.0,8.31,79.52,51.46,3.62,3.24
P010,2026-07-17,7.74,8.22,76.09,53.47,3.3,3.26
P010,2026-07-18,7.53,8.12,73.47,55.01,3.1,3.33
P010,2026-07-19,7.48,8.0,73.1,55.25,3.21,3.51
P010,2026-07-20,7.57,7.87,74.7,54.35,3.6,3.8
P010,2026-07-21,7.66,7.72,76.49,53.33,4.01,4.09
P010,2026-07-22,7.63,7.56,76.51,53.27,4.18,4.29
P010,2026-07-23,7.58,7.59,75.44,53.75,3.88,4.09
P010,2026-07-24,7.43,7.62,73.12,54.92,3.41,3.81
P010,2026-07-25,7.35,7.64,71.63,55.61,3.05,3.58
P010,2026-07-26,7.42,7.66,72.43,55.0,3.02,3.46
P010,2026-07-27,7.63,7.68,75.26,53.25,3.27,3.45
P010,2026-07-28,7.85,7.7,78.31,51.37,3.54,3.45
P010,2026-07-29,7.96,7.73,79.66,50.47,3.58,3.35
P010,2026-07-30,7.84,7.66,77.98,51.3,3.34,3.25
P010,2026-07-31,7.64,7.61,75.11,52.82,2.93,3.09
P010,2026-08-01,7.5,7.57,73.13,53.86,2.64,2.97
P010,2026-08-02,7.53,7.55,73.48,53.6,2.68,2.96
P010,2026-08-03,7.69,7.54,75.9,52.2,3.01,3.06
P010,2026-08-04,7.88,7.55,78.59,50.68,3.37,3.17
P010,2026-08-05,7.95,7.57,79.58,50.13,3.49,3.18
P010,2026-08-06,7.87,7.62,78.24,50.92,3.29,3.07
P010,2026-08-07,7.7,7.67,75.7,52.39,2.91,2.88
P010,2026-08-08,7.59,7.74,74.04,53.39,2.65,2.74
P010,2026-08-09,7.65,7.82,74.7,53.09,2.72,2.71
P010,2026-08-10,7.84,7.91,77.4,51.66,3.08,2.79
P010,2026-08-11,8.05,7.99,80.33,50.1,3.46,2.88
P010,2026-08-12,8.15,8.09,81.53,49.52,3.6,2.88
P010,2026-08-13,8.08,8.17,80.34,50.27,3.41,2.75
P010,2026-08-14,7.92,8.26,77.89,51.72,3.03,2.55
P010,2026-08-15,7.82,8.33,76.27,52.7,2.78,2.39
P010,2026-08-16,7.87,8.39,76.92,52.38,2.84,2.35
P010,2026-08-17,8.06,8.44,79.54,50.93,3.18,2.42
P010,2026-08-18,8.26,8.48,82.34,49.35,3.55,2.51
P010,2026-08-19,8.33,8.5,83.36,48.76,3.66,2.49
P010,2026-08-20,8.24,8.5,81.94,49.51,3.44,2.36
P010,2026-08-21,8.05,8.49,79.25,50.95,3.03,2.15
P010,2026-08-22,7.92,8.46,77.35,51.92,2.74,2.0
P010,2026-08-23,7.95,8.42,77.71,51.6,2.77,1.96
P010,2026-08-24,8.11,8.36,80.04,50.16,3.07,2.03
P010,2026-08-25,8.28,8.29,82.56,48.59,3.4,2.12
P010,2026-08-26,8.33,8.22,83.32,48.01,3.49,2.12
P010,2026-08-27,8.21,8.13,81.67,48.77,3.24,1.99
P010,2026-08-28,7.94,7.95,78.11,50.63,2.87,1.93
P010,2026-08-29,7.72,7.76,75.4,52.02,2.62,1.92
P010,2026-08-30,7.67,7.58,74.99,52.13,2.7,2.03
P010,2026-08-31,7.75,7.41,76.6,51.11,3.06,2.26
P010,2026-09-01,7.85,7.25,78.45,49.98,3.46,2.49
P010,2026-09-02,7.84,7.09,78.59,49.82,3.62,2.64
P010,2026-09-03,7.66,6.96,76.37,51.02,3.44,2.67
P010,2026-09-04,7.54,7.04,74.28,52.12,2.98,2.36
P010,2026-09-05,7.48,7.14,73.06,52.75,2.65,2.09
P010,2026-09-06,7.58,7.26,74.17,52.1,2.64,1.96
P010,2026-09-07,7.83,7.4,77.33,50.32,2.93,1.93
P010,2026-09-08,8.09,7.55,80.74,48.42,3.24,1.92
P010,2026-09-09,8.23,7.71,82.44,47.52,3.32,1.81
P010,2026-09-10,8.22,7.88,81.78,47.96,3.07,1.59
P010,2026-09-11,8.05,7.96,79.23,49.51,2.71,1.44
P010,2026-09-12,7.94,8.04,77.54,50.59,2.47,1.34
P010,2026-09-13,7.99,8.13,78.13,50.38,2.55,1.36
P010,2026-09-14,8.17,8.21,80.73,49.05,2.91,1.5
P010,2026-09-15,8.37,8.3,83.54,47.61,3.31,1.65
P010,2026-09-16,8.45,8.37,84.57,47.15,3.46,1.71
P010,2026-09-17,8.36,8.44,83.19,48.05,3.27,1.65
P010,2026-09-18,8.18,8.49,80.53,49.64,2.9,1.53
P010,2026-09-19,8.05,8.53,78.68,50.77,2.65,1.45
P010,2026-09-20,8.08,8.55,79.06,50.62,2.72,1.5
P010,2026-09-21,8.24,8.56,81.41,49.33,3.06,1.66
P010,2026-09-22,8.41,8.55,83.93,47.94,3.43,1.83
P010,2026-09-23,8.45,8.52,84.66,47.52,3.55,1.92
P010,2026-09-24,8.33,8.48,82.95,48.46,3.33,1.88
P010,2026-09-25,8.11,8.43,79.96,50.09,2.93,1.78
P010,2026-09-26,7.96,8.36,77.79,51.26,2.65,1.72
P010,2026-09-27,7.95,8.28,77.87,51.14,2.68,1.79
P010,2026-09-28,8.08,8.2,79.94,49.89,3.0,1.96
P010,2026-09-29,8.23,8.11,82.22,48.52,3.35,2.15
P010,2026-09-30,8.26,8.02,82.75,48.14,3.45,2.25
P010,2026-10-01,8.12,7.93,80.9,49.09,3.21,2.23
P010,2026-10-02,7.9,7.85,77.82,50.75,2.81,2.13
P010,2026-10-03,7.73,7.77,75.61,51.94,2.53,2.09
P010,2026-10-04,7.73,7.71,75.72,51.83,2.57,2.16
P010,2026-10-05,7.87,7.66,77.87,50.59,2.9,2.35
P010,2026-10-06,8.03,7.63,80.28,49.24,3.26,2.54
P011,2026-04-10,7.44,7.61,75.54,53.67,3.79,4.09
P011,2026-04-11,7.33,7.51,74.12,54.36,3.6,4.04
P011,2026-04-12,7.32,7.32,74.46,54.07,3.82,4.25
P011,2026-04-13,7.42,7.13,76.23,52.97,4.23,4.53
P011,2026-04-14,7.47,6.94,77.42,52.21,4.56,4.77
P011,2026-04-15,7.38,6.77,76.41,52.69,4.58,4.89
P011,2026-04-16,7.14,6.59,73.32,54.36,4.3,4.9
P011,2026-04-17,6.88,6.43,69.81,56.27,3.96,4.88
P011,2026-04-18,6.72,6.3,67.9,57.3,3.85,4.94
P011,2026-04-19,6.88,6.37,69.79,56.17,3.96,4.85
P011,2026-04-20,7.13,6.48,73.15,54.22,4.28,4.83
P011,2026-04-21,7.35,6.59,75.95,52.61,4.51,4.78
P011,2026-04-22,7.43,6.72,76.58,52.24,4.45,4.6
P011,2026-04-23,7.35,6.87,75.14,53.06,4.08,4.31
P011,2026-04-24,7.26,7.03,73.28,54.13,3.66,3.99
P011,2026-04-25,7.27,7.2,73.02,54.31,3.46,3.76
P011,2026-04-26,7.39,7.28,74.55,53.54,3.66,3.78
P011,2026-04-27,7.61,7.37,77.52,51.96,4.06,3.88
P011,2026-04-28,7.79,7.45,79.89,50.71,4.38,3.94
P011,2026-04-29,7.81,7.53,80.06,50.71,4.38,3.89
P011,2026-04-30,7.68,7.62,78.09,51.9,4.09,3.72
P011,2026-05-01,7.53,7.69,75.65,53.34,3.73,3.52
P011,2026-05-02,7.47,7.77,74.75,53.9,3.58,3.41
P011,2026-05-03,7.59,7.82,76.24,53.1,3.77,3.42
P011,2026-05-04,7.79,7.86,79.12,51.5,4.16,3.51
P011,2026-05-05,7.96,7.89,81.36,50.25,4.45,3.57
P011,2026-05-06,7.96,7.9,81.33,50.23,4.43,3.51
P011,2026-05-07,7.82,7.9,79.14,51.41,4.11,3.33
P011,2026-05-08,7.63,7.88,76.44,52.85,3.71,3.13
P011,2026-05-09,7.55,7.83,75.26,53.4,3.53,3.02
P011,2026-05-10,7.64,7.79,76.47,52.61,3.69,3.03
P011,2026-05-11,7.81,7.72,79.06,51.0,4.04,3.12
P011,2026-05-12,7.95,7.65,81.02,49.75,4.3,3.18
P011,2026-05-13,7.93,7.57,80.74,49.75,4.25,3.13
P011,2026-05-14,7.76,7.49,78.32,50.95,3.9,2.96
P011,2026-05-15,7.56,7.4,75.43,52.4,3.49,2.77
P011,2026-05-16,7.47,7.31,74.11,52.98,3.3,2.66
P011,2026-05-17,7.54,7.24,75.22,52.2,3.44,2.69
P011,2026-05-18,7.64,7.06,77.13,51.02,3.85,2.93
P011,2026-05-19,7.85,7.11,79.74,49.4,4.07,2.87
P011,2026-05-20,7.63,6.76,77.59,50.6,4.2,3.23
P011,2026-05-21,7.41,6.62,74.64,52.23,3.93,3.21
P011,2026-05-22,7.15,6.51,71.26,54.11,3.6,3.17
P011,2026-05-23,7.42,7.01,73.35,52.77,3.15,2.42
P011,2026-05-24,7.04,6.32,70.17,54.77,3.74,3.4
P011,2026-05-25,7.11,6.15,71.65,54.03,4.25,3.8
P011,2026-05-26,7.13,5.99,72.55,53.64,5.67,4.17
P011,2026-05-27,7.68,6.86,77.71,50.59,5.22,3.09
P011,2026-05-28,7.47,6.82,74.96,52.26,4.99,3.1
P011,2026-05-29,7.23,6.8,71.77,54.21,4.69,3.09
P011,2026-05-30,7.11,6.77,70.16,55.28,4.62,3.17
P011,2026-05-31,7.14,6.75,70.95,54.99,4.89,3.38
P011,2026-06-01,7.42,6.94,74.48,53.11,5.25,3.39
P011,2026-06-02,7.65,7.11,77.39,51.58,5.51,3.38
P011,2026-06-03,7.73,7.29,78.05,51.29,4.47,3.25
P011,2026-06-04,7.65,7.45,76.55,52.22,4.12,3.01
P011,2026-06-05,7.55,7.61,74.55,53.4,3.71,2.76
P011,2026-06-06,7.54,7.74,74.09,53.72,3.51,2.59
P011,2026-06-07,7.69,7.85,75.97,52.69,3.64,2.55
P011,2026-06-08,7.87,7.86,78.58,51.25,4.03,2.73
P011,2026-06-09,8.0,7.84,80.53,50.16,4.33,2.87
P011,2026-06-10,7.98,7.81,80.21,50.32,4.31,2.91
P011,2026-06-11,7.8,7.75,77.73,51.69,3.99,2.83
P011,2026-06-12,7.59,7.7,74.74,53.32,3.61,2.73
P011,2026-06-13,7.48,7.62,73.3,54.07,3.43,2.71
P011,2026-06-14,7.54,7.53,74.22,53.47,3.6,2.83
P011,2026-06-15,7.69,7.45,76.56,52.07,3.96,3.03
P011,2026-06-16,7.79,7.35,78.28,51.02,4.24,3.19
P011,2026-06-17,7.76,7.26,77.78,51.21,4.21,3.24
P011,2026-06-18,7.56,7.17,75.17,52.6,3.87,3.17
P011,2026-06-19,7.35,7.08,72.11,54.25,3.48,3.08
P011,2026-06-20,7.24,7.01,70.64,55.02,3.31,3.08
P011,2026-06-21,7.3,6.95,71.61,54.43,3.49,3.21
P011,2026-06-22,7.46,6.9,74.05,53.04,3.87,3.41
P011,2026-06-23,7.59,6.87,75.92,52.01,4.16,3.58
P011,2026-06-24,7.56,6.86,75.61,52.2,4.16,3.63
P011,2026-06-25,7.39,6.85,73.23,53.6,3.85,3.56
P011,2026-06-26,7.2,6.86,70.43,55.25,3.49,3.48
P011,2026-06-27,7.12,6.9,69.25,56.01,3.36,3.47
P011,2026-06-28,7.21,6.94,70.51,55.42,3.57,3.59
P011,2026-06-29,7.4,7.0,73.24,54.02,3.98,3.79
P011,2026-06-30,7.56,7.07,75.4,52.96,4.31,3.95
P011,2026-07-01,7.55,7.14,75.35,53.15,4.33,3.99
P011,2026-07-02,7.42,7.22,73.2,54.53,4.06,3.92
P011,2026-07-03,7.24,7.3,70.6,56.16,3.72,3.82
P011,2026-07-04,7.17,7.38,69.57,56.9,3.59,3.8
P011,2026-07-05,7.28,7.45,70.93,56.28,3.81,3.91
P011,2026-07-06,7.47,7.51,73.71,54.84,4.22,4.09
P011,2026-07-07,7.56,7.47,75.19,54.15,4.6,4.37
P011,2026-07-08,7.48,7.4,74.43,54.7,4.67,4.53
P011,2026-07-09,7.26,7.33,71.52,56.45,4.43,4.57
P011,2026-07-10,7.0,7.23,68.11,58.44,4.12,4.59
P011,2026-07-11,6.86,7.13,66.23,59.53,4.02,4.69
P011,2026-07-12,6.86,7.0,66.72,59.27,4.26,4.91
P011,2026-07-13,6.97,6.86,68.61,58.19,4.7,5.2
P011,2026-07-14,7.17,6.92,71.18,56.66,4.92,5.18
P011,2026-07-15,7.2,6.95,71.51,56.35,4.83,5.04
P011,2026-07-16,7.1,6.99,69.69,57.24,4.43,4.79
P011,2026-07-17,6.96,7.0,67.39,58.39,3.97,4.51
P011,2026-07-18,6.93,7.02,66.67,58.64,3.72,4.3
P011,2026-07-19,7.06,7.04,68.35,57.52,3.81,4.22
P011,2026-07-20,7.3,7.05,71.47,55.59,4.11,4.22
P011,2026-07-21,7.42,6.97,73.34,54.41,4.37,4.31
P011,2026-07-22,7.4,6.9,73.02,54.45,4.33,4.28
P011,2026-07-23,7.23,6.83,70.62,55.69,3.99,4.14
P011,2026-07-24,7.03,6.78,67.78,57.18,3.59,3.97
P011,2026-07-25,6.95,6.74,66.58,57.8,3.42,3.88
P011,2026-07-26,7.03,6.72,67.81,57.04,3.59,3.91
P011,2026-07-27,7.23,6.71,70.54,55.47,3.96,4.02
P011,2026-07-28,7.38,6.73,72.7,54.24,4.25,4.09
P011,2026-07-29,7.33,6.66,72.05,54.63,4.3,4.18
P011,2026-07-30,7.25,6.8,70.61,55.45,3.94,3.88
P011,2026-07-31,6.9,6.56,66.17,58.07,3.74,4.09
P011,2026-08-01,6.77,6.52,64.63,59.03,3.66,4.11
P011,2026-08-02,6.82,6.5,65.52,58.64,3.91,4.27
P011,2026-08-03,7.38,7.09,71.73,55.09,4.03,3.69
P011,2026-08-04,7.08,6.46,69.61,56.57,4.74,4.68
P011,2026-08-05,7.04,6.45,69.14,56.94,4.81,4.76
P011,2026-08-06,6.85,6.43,66.54,58.52,4.57,4.71
P011,2026-08-07,7.3,7.43,69.89,56.44,3.69,3.32
P011,2026-08-08,7.25,7.49,69.01,56.99,3.54,3.2
P011,2026-08-09,7.36,7.55,70.5,56.19,3.73,3.21
P011,2026-08-10,7.57,7.59,73.38,54.58,4.12,3.3
P011,2026-08-11,7.72,7.62,75.61,53.33,4.42,3.36
P011,2026-08-12,7.73,7.63,75.59,53.32,4.4,3.3
P011,2026-08-13,7.58,7.62,73.39,54.5,5.07,3.12
P011,2026-08-14,7.41,7.61,70.68,55.95,4.68,2.93
P011,2026-08-15,7.32,7.57,69.51,56.51,4.5,2.82
P011,2026-08-16,7.41,7.51,70.69,55.72,4.65,2.84
P011,2026-08-17,7.58,7.45,73.28,54.13,5.01,2.93
P011,2026-08-18,7.72,7.38,75.22,52.89,5.27,3.0
P011,2026-08-19,7.62,7.2,74.27,53.31,5.28,3.09
P011,2026-08-20,7.38,7.0,71.17,54.92,4.99,3.06
P011,2026-08-21,7.12,6.81,67.61,56.79,3.64,3.02
P011,2026-08-22,6.95,6.63,65.62,57.79,3.51,3.06
P011,2026-08-23,6.96,6.44,66.04,57.43,3.71,3.24
P011,2026-08-24,7.06,6.27,67.92,56.28,4.13,3.49
P011,2026-08-25,7.13,6.1,69.19,55.48,4.46,3.71
P011,2026-08-26,7.17,6.16,69.61,55.12,4.37,3.55
P011,2026-08-27,7.09,6.23,67.93,55.99,3.98,3.27
P011,2026-08-28,6.96,6.31,65.83,57.1,3.54,2.98
P011,2026-08-29,6.96,6.42,65.34,57.34,3.32,2.77
P011,2026-08-30,7.11,6.54,67.29,56.23,3.44,2.69
P011,2026-08-31,7.37,6.68,70.72,54.32,3.78,2.7
P011,2026-09-01,7.6,6.82,73.55,52.77,4.03,2.67
P011,2026-09-02,7.6,6.87,73.54,52.86,4.04,2.67
P011,2026-09-03,7.47,6.95,71.43,54.16,3.75,2.56
P011,2026-09-04,7.3,7.02,68.87,55.74,3.4,2.43
P011,2026-09-05,7.24,7.1,67.89,56.43,3.28,2.38
P011,2026-09-06,7.34,7.18,69.31,55.77,3.49,2.47
P011,2026-09-07,7.55,7.27,72.16,54.31,3.91,2.63
P011,2026-09-08,7.71,7.34,74.37,53.21,4.23,2.77
P011,2026-09-09,7.71,7.41,74.35,53.35,4.25,2.79
P011,2026-09-10,7.57,7.47,72.17,54.7,3.96,2.71
P011,2026-09-11,7.38,7.51,69.49,56.31,3.61,2.6
P011,2026-09-12,7.31,7.55,68.34,57.05,3.47,2.58
P011,2026-09-13,7.39,7.56,69.54,56.43,3.67,2.68
P011,2026-09-14,7.5,7.45,71.49,55.41,4.12,3.0
P011,2026-09-15,7.7,7.54,74.06,53.95,4.36,3.03
P011,2026-09-16,7.48,7.2,71.79,55.3,4.52,3.47
P011,2026-09-17,7.23,7.05,68.65,57.08,4.25,3.53
P011,2026-09-18,6.94,6.89,65.0,59.11,3.93,3.58
P011,2026-09-19,7.17,7.31,66.77,57.92,3.47,2.9
P011,2026-09-20,6.76,6.53,63.17,60.07,4.04,3.96
P011,2026-09-21,6.85,6.33,64.87,59.07,4.46,4.29
P011,2026-09-22,6.88,6.14,65.93,58.42,4.79,4.59
P011,2026-09-23,7.45,6.96,71.22,55.09,4.24,3.44
P011,2026-09-24,7.25,6.87,68.6,56.49,3.91,3.38
P011,2026-09-25,7.04,6.78,65.53,58.14,3.52,3.3
P011,2026-09-26,6.92,6.71,64.07,58.91,3.35,3.29
P011,2026-09-27,6.98,6.65,65.03,58.33,3.52,3.42
P011,2026-09-28,7.15,6.6,67.48,56.94,3.9,3.62
P011,2026-09-29,7.27,6.57,69.34,55.89,4.2,3.78
P011,2026-09-30,7.25,6.55,69.05,56.08,4.19,3.83
P011,2026-10-01,7.01,6.44,66.01,57.87,3.95,3.9
P011,2026-10-02,6.76,6.36,62.56,59.91,3.65,3.95
P011,2026-10-03,6.6,6.28,60.74,61.07,3.57,4.07
P011,2026-10-04,6.63,6.23,61.35,60.86,3.84,4.32
P011,2026-10-05,6.75,6.18,63.44,59.85,4.31,4.65
P011,2026-10-06,6.83,6.14,64.94,59.19,4.69,4.94
P012,2026-04-10,6.08,5.42,56.99,63.88,5.1,5.69
P012,2026-04-11,6.14,5.49,57.47,63.51,5.0,5.51
P012,2026-04-12,6.35,5.58,60.22,61.88,5.22,5.45
P012,2026-04-13,6.61,5.69,63.71,59.86,5.54,5.42
P012,2026-04-14,6.79,5.81,65.88,58.61,5.67,5.32
P012,2026-04-15,6.8,5.95,65.68,58.7,5.47,5.08
P012,2026-04-16,6.71,6.11,63.91,59.7,5.05,4.76
P012,2026-04-17,6.58,6.17,61.9,60.89,4.74,4.59
P012,2026-04-18,6.6,6.25,62.03,60.88,4.73,4.53
P012,2026-04-19,6.77,6.33,64.41,59.62,5.03,4.59
P012,2026-04-20,7.0,6.42,67.5,57.97,5.44,4.69
P012,2026-04-21,7.12,6.51,69.21,57.09,5.65,4.7
P012,2026-04-22,7.09,6.6,68.52,57.56,5.52,4.59
P012,2026-04-23,6.94,6.69,66.2,58.94,5.16,4.4
P012,2026-04-24,6.81,6.77,64.25,60.11,4.86,4.22
P012,2026-04-25,6.83,6.84,64.37,60.09,4.85,4.15
P012,2026-04-26,7.0,6.89,66.7,58.82,5.14,4.21
P012,2026-04-27,7.21,6.93,69.67,57.16,5.53,4.3
P012,2026-04-28,7.32,6.96,71.21,56.28,5.72,4.31
P012,2026-04-29,7.26,6.97,70.31,56.75,5.56,4.2
P012,2026-04-30,7.09,6.97,67.74,58.13,5.18,4.01
P012,2026-05-01,6.94,6.94,65.52,59.3,4.84,3.83
P012,2026-05-02,6.92,6.91,65.34,59.29,4.79,3.77
P012,2026-05-03,6.99,6.75,66.72,58.42,5.11,3.96
P012,2026-05-04,7.11,6.59,68.75,57.17,5.52,4.19
P012,2026-05-05,7.33,6.72,71.31,55.52,5.56,3.95
P012,2026-05-06,6.97,6.23,67.57,57.58,5.61,4.39
P012,2026-05-07,6.71,6.05,64.13,59.38,5.26,4.34
P012,2026-05-08,6.47,5.87,61.08,60.97,4.96,4.31
P012,2026-05-09,6.85,6.4,64.63,58.64,4.56,3.46
P012,2026-05-10,6.44,5.51,61.42,60.54,5.27,4.61
P012,2026-05-11,6.55,5.35,63.41,59.32,5.69,4.86
P012,2026-05-12,6.57,5.19,64.05,58.88,5.91,5.04
P012,2026-05-13,7.16,6.17,69.4,55.51,5.17,3.62
P012,2026-05-14,6.98,6.14,66.72,56.96,5.79,3.46
P012,2026-05-15,6.82,6.13,64.46,58.2,5.46,3.32
P012,2026-05-16,6.75,6.04,63.68,58.66,5.49,3.44
P012,2026-05-17,6.83,5.95,65.17,57.88,5.85,3.68
P012,2026-05-18,6.96,5.89,67.38,56.72,6.3,3.95
P012,2026-05-19,7.0,5.84,68.24,56.34,6.57,4.16
P012,2026-05-20,6.88,5.8,66.72,57.32,6.51,4.24
P012,2026-05-21,6.64,5.77,63.6,59.22,6.22,4.24
P012,2026-05-22,6.44,5.75,60.88,60.91,4.98,4.27
P012,2026-05-23,6.52,5.94,61.58,60.63,4.93,4.14
P012,2026-05-24,6.75,6.13,64.51,59.09,5.19,4.13
P012,2026-05-25,7.02,6.31,68.11,57.18,5.55,4.16
P012,2026-05-26,7.2,6.49,70.31,56.05,5.71,4.12
P012,2026-05-27,7.21,6.67,70.08,56.28,5.54,3.95
P012,2026-05-28,7.11,6.83,68.19,57.43,5.13,3.7
P012,2026-05-29,7.03,6.98,66.65,58.36,4.77,3.48
P012,2026-05-30,7.02,7.01,66.51,58.52,4.76,3.51
P012,2026-05-31,7.15,7.02,68.55,57.43,5.06,3.65
P012,2026-06-01,7.33,7.02,71.22,55.96,5.46,3.84
P012,2026-06-02,7.42,7.0,72.47,55.27,5.65,3.96
P012,2026-06-03,7.33,6.97,71.26,55.93,5.5,3.95
P012,2026-06-04,7.12,6.92,68.39,57.51,5.12,3.86
P012,2026-06-05,6.94,6.85,65.87,58.88,4.79,3.79
P012,2026-06-06,6.9,6.78,65.42,59.07,4.75,3.83
P012,2026-06-07,7.01,6.7,67.18,58.01,5.02,3.99
P012,2026-06-08,7.16,6.61,69.6,56.56,5.39,4.19
P012,2026-06-09,7.22,6.52,70.64,55.89,5.56,4.32
P012,2026-06-10,7.12,6.43,69.28,56.57,5.4,4.32
P012,2026-06-11,6.9,6.35,66.3,58.17,5.01,4.24
P012,2026-06-12,6.72,6.27,63.73,59.55,4.67,4.17
P012,2026-06-13,6.68,6.2,63.29,59.75,4.63,4.22
P012,2026-06-14,6.79,6.15,65.12,58.69,4.92,4.38
P012,2026-06-15,6.96,6.11,67.66,57.24,5.3,4.58
P012,2026-06-16,7.04,6.08,68.87,56.57,5.49,4.71
P012,2026-06-17,6.95,6.07,67.73,57.25,5.35,4.71
P012,2026-06-18,6.76,6.08,65.01,58.84,4.99,4.62
P012,2026-06-19,6.61,6.1,62.72,60.21,4.69,4.55
P012,2026-06-20,6.6,6.14,62.58,60.39,4.69,4.59
P012,2026-06-21,6.74,6.2,64.71,59.31,5.0,4.74
P012,2026-06-22,6.94,6.26,67.56,57.85,5.42,4.93
P012,2026-06-23,7.05,6.34,69.06,57.15,5.64,5.05
P012,2026-06-24,6.99,6.42,68.17,57.8,5.53,5.03
P012,2026-06-25,6.76,6.4,65.04,59.75,5.25,5.06
P012,2026-06-26,6.55,6.38,62.3,61.48,5.02,5.11
P012,2026-06-27,6.69,6.67,63.59,60.84,5.92,4.86
P012,2026-06-28,6.51,6.23,62.58,61.69,6.52,5.67
P012,2026-06-29,6.58,6.1,64.16,60.98,7.05,6.11
P012,2026-06-30,6.55,5.95,64.35,61.04,7.38,6.47
P012,2026-07-01,6.82,6.49,66.6,59.7,6.97,5.77
P012,2026-07-02,6.04,5.6,58.19,64.74,7.12,6.84
P012,2026-07-03,5.75,5.41,54.64,66.82,6.92,7.0
P012,2026-07-04,5.6,5.2,53.15,67.72,7.02,7.27
P012,2026-07-05,6.47,6.3,62.26,62.24,5.66,5.91
P012,2026-07-06,6.72,6.36,65.58,60.29,5.98,5.92
P012,2026-07-07,6.87,6.42,67.49,59.1,6.09,5.85
P012,2026-07-08,6.85,6.46,66.97,59.26,5.86,5.65
P012,2026-07-09,6.72,6.49,64.82,60.32,5.4,5.36
P012,2026-07-10,6.61,6.51,63.03,61.16,4.99,5.08
P012,2026-07-11,6.65,6.53,63.34,60.81,4.88,4.92
P012,2026-07-12,6.77,6.45,65.23,59.6,5.13,5.0
P012,2026-07-13,6.95,6.37,67.82,58.0,5.49,5.12
P012,2026-07-14,7.03,6.29,69.05,57.17,5.65,5.16
P012,2026-07-15,6.94,6.23,67.9,57.68,5.47,5.07
P012,2026-07-16,6.75,6.17,65.16,59.1,5.07,4.9
P012,2026-07-17,6.59,6.13,62.86,60.3,4.73,4.74
P012,2026-07-18,6.58,6.1,62.69,60.31,4.68,4.68
P012,2026-07-19,6.73,6.08,64.81,59.06,4.96,4.75
P012,2026-07-20,6.92,6.09,67.66,57.42,5.34,4.85
P012,2026-07-21,7.03,6.11,69.17,56.55,5.53,4.87
P012,2026-07-22,6.98,6.15,68.33,57.03,5.38,4.77
P012,2026-07-23,6.82,6.2,65.92,58.42,5.01,4.57
P012,2026-07-24,6.69,6.26,63.92,59.59,4.7,4.4
P012,2026-07-25,6.71,6.34,64.06,59.57,4.69,4.34
P012,2026-07-26,6.89,6.42,66.45,58.3,5.0,4.39
P012,2026-07-27,7.11,6.51,69.55,56.64,5.4,4.48
P012,2026-07-28,7.24,6.6,71.27,55.76,5.61,4.5
P012,2026-07-29,7.2,6.69,70.58,56.23,5.48,4.38
P012,2026-07-30,7.05,6.78,68.26,57.61,5.13,4.19
P012,2026-07-31,6.93,6.86,66.31,58.77,4.82,4.01
P012,2026-08-01,6.95,6.93,66.43,58.76,4.81,3.94
P012,2026-08-02,7.11,6.98,68.75,57.49,5.1,4.0
P012,2026-08-03,7.32,7.03,71.71,55.83,5.49,4.09
P012,2026-08-04,7.43,7.05,73.26,54.96,5.68,4.11
P012,2026-08-05,7.37,7.06,72.34,55.44,5.53,4.0
P012,2026-08-06,7.2,7.06,69.77,56.83,5.14,3.81
P012,2026-08-07,7.05,7.03,67.53,58.02,4.8,3.65
P012,2026-08-08,7.03,7.0,67.34,58.02,4.76,3.59
P012,2026-08-09,7.17,6.94,69.35,56.77,5.02,3.66
P012,2026-08-10,7.28,6.78,71.35,55.55,5.44,3.9
P012,2026-08-11,7.29,6.6,71.94,55.1,5.65,4.07
P012,2026-08-12,7.14,6.42,70.1,56.01,5.53,4.12
P012,2026-08-13,6.87,6.23,66.62,57.84,5.18,4.09
P012,2026-08-14,6.63,6.04,63.53,59.46,4.89,4.07
P012,2026-08-15,6.53,5.86,62.53,59.91,4.89,4.18
P012,2026-08-16,6.59,5.68,63.78,59.1,5.21,4.4
P012,2026-08-17,6.83,5.72,67.06,57.12,5.51,4.39
P012,2026-08-18,6.98,5.77,68.97,55.91,5.62,4.32
P012,2026-08-19,6.97,5.83,68.51,56.07,5.4,4.11
P012,2026-08-20,6.85,5.91,66.47,57.15,4.96,3.83
P012,2026-08-21,6.76,6.0,64.84,58.01,4.57,3.57
P012,2026-08-22,6.82,6.11,65.35,57.7,4.49,3.42
P012,2026-08-23,7.04,6.24,68.13,56.15,4.73,3.4
P012,2026-08-24,7.23,6.28,70.97,54.61,5.13,3.56
P012,2026-08-25,7.34,6.33,72.47,53.86,5.34,3.64
P012,2026-08-26,7.21,6.29,70.93,54.86,5.27,3.73
P012,2026-08-27,6.98,6.26,67.8,56.78,4.99,3.75
P012,2026-08-28,6.98,6.54,67.0,57.31,4.58,3.38
P012,2026-08-29,6.71,6.22,64.44,59.01,4.82,3.93
P012,2026-08-30,6.81,6.21,66.04,58.29,5.2,4.2
P012,2026-08-31,6.95,6.19,68.31,57.2,5.68,4.52
P012,2026-09-01,7.45,6.87,73.69,54.14,5.56,3.82
P012,2026-09-02,6.86,6.13,67.63,57.92,5.9,4.87
P012,2026-09-03,6.62,6.09,64.42,59.88,5.61,4.91
P012,2026-09-04,6.4,6.03,61.55,61.63,5.37,4.96
P012,2026-09-05,7.05,7.07,67.83,57.9,4.79,3.67
P012,2026-09-06,7.19,7.09,69.85,56.82,5.09,3.82
P012,2026-09-07,7.37,7.09,72.51,55.37,5.49,4.02
P012,2026-09-08,7.45,7.07,73.74,54.69,5.68,4.14
P012,2026-09-09,7.36,7.03,72.53,55.37,5.54,4.14
P012,2026-09-10,7.15,6.98,69.65,56.96,5.16,4.05
P012,2026-09-11,6.97,6.92,67.12,58.34,4.83,3.99
P012,2026-09-12,6.93,6.84,66.66,58.53,5.79,4.04
P012,2026-09-13,7.04,6.76,68.41,57.47,6.06,4.2
P012,2026-09-14,7.19,6.67,70.83,56.03,6.43,4.4
P012,2026-09-15,7.25,6.58,71.87,55.36,6.6,4.53
P012,2026-09-16,7.15,6.49,70.5,56.05,6.43,4.53
P012,2026-09-17,6.93,6.41,67.53,57.64,6.04,4.45
P012,2026-09-18,6.75,6.33,64.96,59.02,5.71,4.38
P012,2026-09-19,6.71,6.26,64.53,59.21,5.67,4.42
P012,2026-09-20,6.82,6.21,66.36,58.14,4.95,4.59
P012,2026-09-21,6.99,6.17,68.91,56.69,5.33,4.78
P012,2026-09-22,7.0,6.04,69.48,56.41,5.59,5.04
P012,2026-09-23,6.85,5.93,67.68,57.48,5.5,5.17
P012,2026-09-24,6.59,5.83,64.31,59.45,5.2,5.21
P012,2026-09-25,6.37,5.75,61.38,61.21,4.96,5.27
P012,2026-09-26,6.29,5.69,60.6,61.77,5.01,5.44
P012,2026-09-27,6.37,5.64,62.08,61.08,5.38,5.72
P012,2026-09-28,6.5,5.6,64.29,59.99,5.86,6.04
P012,2026-09-29,6.68,5.78,66.47,58.88,6.02,6.0
P012,2026-09-30,6.69,5.96,66.27,59.11,5.85,5.84
P012,2026-10-01,6.6,6.15,64.47,60.24,5.45,5.58
P012,2026-10-02,6.53,6.34,63.05,61.15,5.1,5.35
P012,2026-10-03,6.61,6.53,63.74,60.88,5.05,5.22
P012,2026-10-04,6.83,6.71,66.65,59.34,5.31,5.21
P012,2026-10-05,7.11,6.88,70.23,57.4,5.66,5.23
P012,2026-10-06,7.21,6.94,71.74,56.64,5.87,5.31
P013,2026-04-10,7.27,7.22,69.95,55.67,3.12,3.09
P013,2026-04-11,7.36,7.3,71.04,55.12,3.24,3.08
P013,2026-04-12,7.57,7.38,73.95,53.57,3.62,3.16
P013,2026-04-13,7.77,7.47,76.72,52.09,3.98,3.23
P013,2026-04-14,7.83,7.56,77.52,51.72,4.06,3.2
P013,2026-04-15,7.74,7.65,76.01,52.66,3.82,3.04
P013,2026-04-16,7.58,7.74,73.57,54.1,3.45,2.84
P013,2026-04-17,7.5,7.81,72.28,54.89,3.24,2.7
P013,2026-04-18,7.59,7.88,73.35,54.33,3.36,2.68
P013,2026-04-19,7.79,7.93,76.17,52.78,3.72,2.77
P013,2026-04-20,7.98,7.97,78.8,51.31,4.07,2.84
P013,2026-04-21,8.02,7.99,79.41,50.95,4.13,2.81
P013,2026-04-22,7.9,7.99,77.66,51.89,3.86,2.66
P013,2026-04-23,7.72,7.98,74.95,53.35,3.45,2.47
P013,2026-04-24,7.61,7.95,73.38,54.15,3.21,2.33
P013,2026-04-25,7.66,7.91,74.14,53.62,3.3,2.33
P013,2026-04-26,7.83,7.86,76.65,52.08,3.63,2.42
P013,2026-04-27,7.99,7.79,78.97,50.64,3.94,2.51
P013,2026-04-28,8.01,7.71,79.29,50.31,3.97,2.5
P013,2026-04-29,7.87,7.63,77.29,51.28,3.67,2.36
P013,2026-04-30,7.66,7.55,74.36,52.78,3.25,2.19
P013,2026-05-01,7.53,7.47,72.6,53.61,2.99,2.07
P013,2026-05-02,7.57,7.39,73.23,53.12,3.07,2.09
P013,2026-05-03,7.73,7.31,75.66,51.62,3.4,2.2
P013,2026-05-04,7.89,7.25,77.95,50.22,3.72,2.31
P013,2026-05-05,7.91,7.2,78.3,49.93,3.76,2.32
P013,2026-05-06,7.77,7.16,76.37,50.95,3.49,2.21
P013,2026-05-07,7.51,7.04,72.9,52.89,3.15,2.2
P013,2026-05-08,7.33,6.93,70.65,54.18,2.98,2.24
P013,2026-05-09,7.32,6.84,70.81,54.13,3.15,2.42
P013,2026-05-10,7.43,6.76,72.79,53.09,3.58,2.7
P013,2026-05-11,7.54,6.7,74.66,52.14,4.0,2.97
P013,2026-05-12,7.52,6.65,74.59,52.3,4.14,3.15
P013,2026-05-13,7.34,6.61,72.22,53.77,3.96,3.2
P013,2026-05-14,7.23,6.79,70.29,54.96,3.54,2.93
P013,2026-05-15,7.21,6.98,69.54,55.49,3.29,2.73
P013,2026-05-16,7.35,7.16,71.17,54.69,3.37,2.66
P013,2026-05-17,7.61,7.35,74.59,52.9,3.71,2.69
P013,2026-05-18,7.86,7.54,77.84,51.19,4.03,2.72
P013,2026-05-19,7.97,7.72,79.09,50.6,4.06,2.64
P013,2026-05-20,7.93,7.88,78.01,51.31,3.77,2.44
P013,2026-05-21,7.74,7.94,75.31,52.94,3.41,2.34
P013,2026-05-22,7.64,7.98,73.76,53.92,3.2,2.29
P013,2026-05-23,7.69,8.0,74.54,53.56,3.33,2.38
P013,2026-05-24,7.86,8.01,77.06,52.19,3.71,2.57
P013,2026-05-25,8.01,8.0,79.38,50.92,4.05,2.74
P013,2026-05-26,8.03,7.98,79.68,50.76,4.12,2.82
P013,2026-05-27,7.88,7.94,77.63,51.9,3.85,2.77
P013,2026-05-28,7.67,7.89,74.62,53.56,3.46,2.68
P013,2026-05-29,7.53,7.82,72.76,54.56,3.22,2.65
P013,2026-05-30,7.55,7.74,73.25,54.22,3.32,2.75
P013,2026-05-31,7.7,7.66,75.5,52.87,3.66,2.94
P013,2026-06-01,7.83,7.57,77.6,51.61,3.98,3.13
P013,2026-06-02,7.83,7.48,77.71,51.46,4.03,3.21
P013,2026-06-03,7.66,7.39,75.52,52.61,3.75,3.16
P013,2026-06-04,7.44,7.31,72.44,54.27,3.34,3.07
P013,2026-06-05,7.3,7.23,70.56,55.26,3.1,3.04
P013,2026-06-06,7.33,7.17,71.08,54.92,3.2,3.14
P013,2026-06-07,7.48,7.12,73.43,53.57,3.56,3.33
P013,2026-06-08,7.63,7.08,75.68,52.3,3.9,3.51
P013,2026-06-09,7.65,7.06,75.99,52.14,3.96,3.58
P013,2026-06-10,7.51,7.05,74.04,53.27,3.71,3.53
P013,2026-06-11,7.31,7.07,71.23,54.91,3.33,3.43
P013,2026-06-12,7.2,7.1,69.65,55.88,3.13,3.39
P013,2026-06-13,7.26,7.14,70.48,55.51,3.26,3.47
P013,2026-06-14,7.38,7.1,72.5,54.52,3.71,3.78
P013,2026-06-15,7.49,7.06,74.41,53.61,4.13,4.07
P013,2026-06-16,7.47,7.04,74.37,53.81,4.29,4.26
P013,2026-06-17,7.56,7.42,74.62,53.73,3.89,3.79
P013,2026-06-18,7.06,7.0,68.82,57.29,3.82,4.34
P013,2026-06-19,6.83,6.88,66.11,59.01,3.74,4.55
P013,2026-06-20,6.77,6.76,65.78,59.39,4.0,4.88
P013,2026-06-21,7.36,7.44,72.38,55.63,4.04,4.23
P013,2026-06-22,6.87,6.49,68.51,58.21,4.98,5.71
P013,2026-06-23,6.78,6.33,67.79,58.76,5.18,6.01
P013,2026-06-24,7.26,7.28,71.81,56.3,4.42,4.72
P013,2026-06-25,7.01,7.2,68.45,58.25,4.1,4.71
P013,2026-06-26,6.97,7.31,67.55,58.73,3.81,4.48
P013,2026-06-27,7.09,7.4,68.99,57.87,3.86,4.38
P013,2026-06-28,7.33,7.48,72.18,56.0,4.15,4.37
P013,2026-06-29,7.56,7.55,75.2,54.2,4.42,4.35
P013,2026-06-30,7.65,7.6,76.2,53.51,4.4,4.22
P013,2026-07-01,7.58,7.64,74.88,54.11,4.05,3.96
P013,2026-07-02,7.44,7.67,72.62,55.21,3.57,3.65
P013,2026-07-03,7.31,7.59,70.87,56.05,3.32,3.54
P013,2026-07-04,7.35,7.5,71.5,55.54,3.39,3.55
P013,2026-07-05,7.51,7.42,73.92,54.02,3.72,3.65
P013,2026-07-06,7.67,7.34,76.21,52.58,4.03,3.74
P013,2026-07-07,7.69,7.27,76.54,52.25,4.06,3.72
P013,2026-07-08,7.55,7.2,74.59,53.21,3.77,3.58
P013,2026-07-09,7.35,7.15,71.77,54.67,3.35,3.39
P013,2026-07-10,7.24,7.11,70.16,55.47,3.1,3.26
P013,2026-07-11,7.3,7.09,70.98,54.93,3.19,3.25
P013,2026-07-12,7.48,7.08,73.63,53.38,3.54,3.33
P013,2026-07-13,7.66,7.09,76.18,51.91,3.88,3.41
P013,2026-07-14,7.71,7.11,76.8,51.55,3.94,3.38
P013,2026-07-15,7.6,7.15,75.16,52.49,3.68,3.23
P013,2026-07-16,7.44,7.21,72.64,53.94,3.29,3.02
P013,2026-07-17,7.36,7.28,71.34,54.72,3.08,2.88
P013,2026-07-18,7.44,7.36,72.44,54.16,3.21,2.87
P013,2026-07-19,7.65,7.44,75.35,52.6,3.58,2.95
P013,2026-07-20,7.85,7.53,78.12,51.13,3.94,3.02
P013,2026-07-21,7.92,7.62,78.92,50.76,4.03,2.99
P013,2026-07-22,7.83,7.71,77.4,51.7,3.78,2.83
P013,2026-07-23,7.67,7.8,74.96,53.15,3.41,2.63
P013,2026-07-24,7.59,7.87,73.67,53.94,3.2,2.49
P013,2026-07-25,7.67,7.94,74.73,53.39,3.32,2.48
P013,2026-07-26,7.87,7.99,77.54,51.85,3.69,2.57
P013,2026-07-27,8.06,8.03,80.16,50.39,4.03,2.65
P013,2026-07-28,8.1,8.05,80.75,50.04,4.09,2.63
P013,2026-07-29,7.98,8.05,78.99,51.0,3.82,2.49
P013,2026-07-30,7.8,8.04,76.27,52.47,3.42,2.3
P013,2026-07-31,7.69,8.01,74.68,53.29,3.18,2.18
P013,2026-08-01,7.67,7.87,74.76,53.18,3.33,2.32
P013,2026-08-02,7.77,7.71,76.59,52.06,3.72,2.56
P013,2026-08-03,7.86,7.53,78.23,51.04,4.09,2.8
P013,2026-08-04,7.8,7.35,77.87,51.13,4.19,2.93
P013,2026-08-05,7.59,7.17,75.18,52.53,4.95,2.95
P013,2026-08-06,7.31,6.98,71.56,54.45,4.59,2.92
P013,2026-08-07,7.11,6.79,69.12,55.71,4.39,2.95
P013,2026-08-08,7.22,6.82,70.38,54.84,4.41,2.85
P013,2026-08-09,7.45,6.85,73.44,52.97,4.69,2.84
P013,2026-08-10,7.66,6.89,76.37,51.2,4.95,2.82
P013,2026-08-11,7.75,6.94,77.35,50.53,4.94,2.71
P013,2026-08-12,7.68,7.0,76.05,51.18,4.6,2.48
P013,2026-08-13,7.55,7.08,73.88,52.35,3.15,2.2
P013,2026-08-14,7.51,7.18,72.91,52.86,2.86,1.99
P013,2026-08-15,7.56,7.19,73.71,52.44,2.98,2.05
P013,2026-08-16,7.74,7.22,76.32,51.02,3.35,2.2
P013,2026-08-17,7.91,7.26,78.82,49.69,3.71,2.35
P013,2026-08-18,7.96,7.31,79.38,49.48,3.8,2.4
P013,2026-08-19,7.84,7.38,77.65,50.58,3.56,2.33
P013,2026-08-20,7.66,7.45,75.03,52.19,3.2,2.21
P013,2026-08-21,7.57,7.53,73.6,53.15,3.01,2.16
P013,2026-08-22,7.64,7.61,74.55,52.77,3.16,2.24
P013,2026-08-23,7.83,7.7,77.28,51.4,3.56,2.42
P013,2026-08-24,8.01,7.78,79.85,50.11,3.93,2.59
P013,2026-08-25,8.05,7.85,80.42,49.94,4.03,2.66
P013,2026-08-26,7.93,7.92,78.66,51.07,3.8,2.61
P013,2026-08-27,7.75,7.97,75.95,52.72,3.44,2.51
P013,2026-08-28,7.64,8.01,74.38,53.7,3.24,2.48
P013,2026-08-29,7.69,8.04,75.15,53.36,3.37,2.57
P013,2026-08-30,7.86,8.04,77.66,52.01,3.74,2.76
P013,2026-08-31,8.02,8.04,79.97,50.74,4.09,2.94
P013,2026-09-01,8.03,8.01,80.26,50.59,4.16,3.02
P013,2026-09-02,7.88,7.97,78.2,51.74,3.89,2.98
P013,2026-09-03,7.67,7.92,75.2,53.4,3.49,2.89
P013,2026-09-04,7.53,7.85,73.33,54.4,3.26,2.86
P013,2026-09-05,7.55,7.77,73.82,54.06,3.36,2.96
P013,2026-09-06,7.7,7.69,76.07,52.72,3.7,3.15
P013,2026-09-07,7.83,7.6,78.17,51.45,4.02,3.34
P013,2026-09-08,7.83,7.51,78.29,51.3,4.07,3.41
P013,2026-09-09,7.67,7.42,76.11,52.44,3.79,3.37
P013,2026-09-10,7.44,7.34,73.03,54.09,3.38,3.27
P013,2026-09-11,7.31,7.26,71.16,55.08,3.14,3.24
P013,2026-09-12,7.33,7.2,71.7,54.72,3.24,3.33
P013,2026-09-13,7.42,7.04,73.4,53.76,3.65,3.65
P013,2026-09-14,7.5,6.9,74.99,52.88,4.05,3.96
P013,2026-09-15,7.45,6.78,74.66,53.1,4.17,4.16
P013,2026-09-16,7.25,6.67,72.07,54.62,3.97,4.23
P013,2026-09-17,6.99,6.58,68.62,56.64,3.65,4.26
P013,2026-09-18,6.81,6.51,66.4,57.99,3.51,4.34
P013,2026-09-19,6.8,6.45,66.59,58.0,3.7,4.55
P013,2026-09-20,7.06,6.61,69.94,56.2,4.02,4.58
P013,2026-09-21,7.31,6.78,73.18,54.48,4.33,4.59
P013,2026-09-22,7.42,6.96,74.47,53.85,4.37,4.5
P013,2026-09-23,7.38,7.15,73.46,54.53,4.08,4.28
P013,2026-09-24,7.28,7.34,71.57,55.7,3.66,4.01
P013,2026-09-25,7.26,7.53,70.86,56.21,3.4,3.8
P013,2026-09-26,7.41,7.71,72.52,55.37,3.48,3.71
P013,2026-09-27,7.6,7.79,75.3,53.92,3.87,3.84
P013,2026-09-28,7.79,7.86,77.91,52.55,4.23,3.97
P013,2026-09-29,7.83,7.91,78.52,52.28,4.31,3.99
P013,2026-09-30,7.72,7.95,76.79,53.3,4.06,3.88
P013,2026-10-01,7.54,7.97,74.12,54.83,3.68,3.72
P013,2026-10-02,7.43,7.98,72.59,55.68,3.45,3.62
P013,2026-10-03,7.49,7.97,73.4,55.2,3.56,3.64
P013,2026-10-04,7.67,7.95,75.96,53.7,3.9,3.75
P013,2026-10-05,7.83,7.91,78.33,52.28,4.23,3.85
P013,2026-10-06,7.85,7.86,78.71,51.96,4.27,3.84
P014,2026-04-10,7.0,7.11,64.67,59.24,3.61,3.2
P014,2026-04-11,7.14,7.16,66.64,58.18,3.85,3.24
P014,2026-04-12,7.36,7.22,69.69,56.49,4.25,3.34
P014,2026-04-13,7.5,7.25,71.73,55.34,4.5,3.38
P014,2026-04-14,7.49,7.27,71.4,55.52,4.43,3.31
P014,2026-04-15,7.32,7.27,69.08,56.78,4.07,3.14
P014,2026-04-16,7.16,7.26,66.62,58.1,3.7,2.96
P014,2026-04-17,7.11,7.23,65.94,58.39,3.58,2.88
P014,2026-04-18,7.22,7.18,67.6,57.36,3.79,2.93
P014,2026-04-19,7.4,7.13,70.34,55.7,4.15,3.05
P014,2026-04-20,7.52,7.06,72.07,54.59,4.38,3.11
P014,2026-04-21,7.46,6.98,71.45,54.8,4.27,3.06
P014,2026-04-22,7.28,6.9,68.87,56.1,3.9,2.91
P014,2026-04-23,7.09,6.82,66.2,57.46,3.51,2.75
P014,2026-04-24,7.03,6.73,65.35,57.79,3.37,2.7
P014,2026-04-25,7.12,6.66,66.87,56.8,3.58,2.77
P014,2026-04-26,7.3,6.6,69.53,55.2,3.94,2.91
P014,2026-04-27,7.42,6.54,71.25,54.14,4.17,3.0
P014,2026-04-28,7.3,6.39,70.0,54.79,4.14,3.11
P014,2026-04-29,7.06,6.25,66.85,56.54,3.85,3.12
P014,2026-04-30,6.67,5.93,62.36,59.13,3.66,3.39
P014,2026-05-01,6.49,5.72,60.38,60.31,3.67,3.63
P014,2026-05-02,6.47,5.54,60.79,60.17,4.03,4.0
P014,2026-05-03,6.87,5.88,65.6,57.44,4.26,3.77
P014,2026-05-04,6.53,5.21,63.03,59.17,4.94,4.82
P014,2026-05-05,6.52,5.27,62.7,59.46,4.89,4.82
P014,2026-05-06,6.36,5.34,60.45,60.85,4.57,4.71
P014,2026-05-07,6.81,6.34,63.93,58.78,3.73,3.4
P014,2026-05-08,6.17,5.51,57.65,62.73,4.18,4.6
P014,2026-05-09,7.04,6.71,66.61,57.52,3.81,3.25
P014,2026-05-10,7.32,6.9,70.26,55.6,4.18,3.3
P014,2026-05-11,7.53,7.09,72.92,54.23,4.41,3.3
P014,2026-05-12,7.5,7.17,72.58,54.57,4.37,3.32
P014,2026-05-13,7.35,7.22,70.26,56.0,4.05,3.23
P014,2026-05-14,7.18,7.28,67.82,57.5,3.72,3.15
P014,2026-05-15,7.13,7.31,67.17,57.97,3.64,3.16
P014,2026-05-16,7.25,7.34,68.84,57.1,3.89,3.3
P014,2026-05-17,7.43,7.34,71.58,55.61,5.29,3.5
P014,2026-05-18,7.55,7.33,73.33,54.66,5.55,3.65
P014,2026-05-19,7.49,7.31,72.7,55.02,5.48,3.68
P014,2026-05-20,7.31,7.26,70.08,56.47,5.13,3.6
P014,2026-05-21,7.1,7.21,67.34,57.98,4.77,3.53
P014,2026-05-22,7.03,7.14,66.39,58.46,4.65,3.54
P014,2026-05-23,7.11,7.07,67.79,57.6,4.87,3.69
P014,2026-05-24,7.27,6.98,70.29,56.11,5.24,3.89
P014,2026-05-25,7.36,6.89,71.82,55.16,4.48,4.04
P014,2026-05-26,7.3,6.81,71.03,55.52,4.39,4.07
P014,2026-05-27,7.09,6.72,68.3,56.98,4.02,3.99
P014,2026-05-28,6.9,6.65,65.51,58.48,3.65,3.91
P014,2026-05-29,6.82,6.57,64.57,58.94,3.53,3.92
P014,2026-05-30,6.91,6.52,66.03,58.07,3.75,4.06
P014,2026-05-31,7.09,6.47,68.65,56.56,4.14,4.25
P014,2026-06-01,7.19,6.44,70.36,55.59,4.39,4.39
P014,2026-06-02,7.15,6.42,69.79,55.94,4.32,4.41
P014,2026-06-03,6.97,6.43,67.33,57.36,3.98,4.32
P014,2026-06-04,6.8,6.46,64.82,58.82,3.64,4.22
P014,2026-06-05,6.75,6.49,64.2,59.26,3.56,4.21
P014,2026-06-06,6.88,6.54,65.98,58.35,3.81,4.33
P014,2026-06-07,7.08,6.6,68.93,56.81,4.23,4.51
P014,2026-06-08,7.23,6.68,70.94,55.81,4.51,4.63
P014,2026-06-09,7.21,6.75,70.66,56.1,4.47,4.62
P014,2026-06-10,7.0,6.74,67.8,57.88,4.21,4.64
P014,2026-06-11,6.77,6.73,64.86,59.7,3.94,4.66
P014,2026-06-12,6.68,6.71,63.74,60.49,3.93,4.77
P014,2026-06-13,6.74,6.69,65.0,59.94,4.25,5.0
P014,2026-06-14,6.89,6.65,67.36,58.76,4.72,5.28
P014,2026-06-15,6.97,6.62,68.73,58.1,5.06,5.51
P014,2026-06-16,6.88,6.56,67.76,58.74,5.06,5.62
P014,2026-06-17,6.8,6.71,66.14,59.67,4.67,5.34
P014,2026-06-18,6.7,6.83,64.39,60.64,4.25,5.06
P014,2026-06-19,6.73,6.94,64.43,60.58,4.09,4.86
P014,2026-06-20,6.91,7.04,66.8,59.18,4.25,4.8
P014,2026-06-21,7.17,7.11,70.26,57.14,4.57,4.78
P014,2026-06-22,7.35,7.18,72.72,55.64,4.75,4.71
P014,2026-06-23,7.38,7.22,72.83,55.43,4.59,4.52
P014,2026-06-24,7.2,7.16,70.31,56.72,4.22,4.36
P014,2026-06-25,7.02,7.09,67.69,58.04,3.83,4.19
P014,2026-06-26,6.95,7.01,66.88,58.33,3.69,4.11
P014,2026-06-27,7.06,6.94,68.45,57.3,3.89,4.15
P014,2026-06-28,7.23,6.85,71.14,55.62,4.24,4.26
P014,2026-06-29,7.35,6.78,72.88,54.48,4.46,4.31
P014,2026-06-30,7.3,6.71,72.32,54.64,4.35,4.23
P014,2026-07-01,7.14,6.65,69.85,55.89,3.98,4.05
P014,2026-07-02,6.96,6.6,67.34,57.19,3.59,3.86
P014,2026-07-03,6.91,6.57,66.68,57.46,3.47,3.77
P014,2026-07-04,7.04,6.55,68.44,56.39,3.68,3.81
P014,2026-07-05,7.24,6.55,71.36,54.69,4.06,3.9
P014,2026-07-06,7.38,6.57,73.37,53.53,4.31,3.94
P014,2026-07-07,7.36,6.6,73.09,53.68,4.23,3.85
P014,2026-07-08,7.22,6.65,70.91,54.92,3.89,3.67
P014,2026-07-09,7.07,6.71,68.68,56.21,3.54,3.48
P014,2026-07-10,7.06,6.79,68.31,56.47,3.45,3.38
P014,2026-07-11,7.2,6.86,70.34,55.4,3.7,3.41
P014,2026-07-12,7.43,6.96,73.5,53.7,4.11,3.51
P014,2026-07-13,7.59,7.05,75.7,52.55,4.38,3.55
P014,2026-07-14,7.59,7.14,75.58,52.7,4.33,3.47
P014,2026-07-15,7.45,7.24,73.5,53.96,4.0,3.29
P014,2026-07-16,7.32,7.31,71.33,55.26,3.66,3.1
P014,2026-07-17,7.3,7.39,70.95,55.54,3.58,3.02
P014,2026-07-18,7.44,7.45,72.9,54.49,3.82,3.06
P014,2026-07-19,7.66,7.51,75.94,52.81,4.22,3.17
P014,2026-07-20,7.8,7.54,77.97,51.68,4.47,3.22
P014,2026-07-21,7.78,7.56,77.62,51.88,4.4,3.16
P014,2026-07-22,7.61,7.56,75.28,53.16,4.05,2.99
P014,2026-07-23,7.38,7.44,72.14,54.9,3.74,2.96
P014,2026-07-24,7.25,7.31,70.78,55.61,3.68,3.04
P014,2026-07-25,7.3,7.15,71.75,55.0,3.95,3.24
P014,2026-07-26,7.4,7.0,73.8,53.77,4.37,3.5
P014,2026-07-27,7.45,6.82,74.85,53.08,4.66,3.71
P014,2026-07-28,7.33,6.64,73.54,53.72,4.62,3.81
P014,2026-07-29,7.08,6.46,70.28,55.45,4.3,3.81
P014,2026-07-30,6.95,6.48,68.23,56.43,3.85,3.53
P014,2026-07-31,6.95,6.5,68.03,56.39,3.66,3.35
P014,2026-08-01,7.11,6.53,70.18,55.03,3.81,3.3
P014,2026-08-02,7.35,6.56,73.47,53.04,4.12,3.32
P014,2026-08-03,7.54,6.6,75.82,51.61,4.3,3.29
P014,2026-08-04,7.55,6.66,75.87,51.49,4.15,3.13
P014,2026-08-05,7.44,6.73,74.01,52.47,3.74,2.88
P014,2026-08-06,7.26,6.72,71.44,53.9,3.38,2.77
P014,2026-08-07,7.21,6.72,70.73,54.31,3.28,2.75
P014,2026-08-08,7.32,6.73,72.43,53.4,3.52,2.87
P014,2026-08-09,7.52,6.76,75.28,51.87,3.93,3.04
P014,2026-08-10,7.65,6.81,77.21,50.88,4.2,3.17
P014,2026-08-11,7.63,6.87,76.84,51.2,4.15,3.18
P014,2026-08-12,7.47,6.93,74.55,52.62,3.84,3.09
P014,2026-08-13,7.31,7.01,72.19,54.1,3.51,3.0
P014,2026-08-14,7.27,7.1,71.67,54.55,3.45,3.0
P014,2026-08-15,7.41,7.18,73.53,53.68,3.72,3.14
P014,2026-08-16,7.61,7.27,76.49,52.18,4.15,3.33
P014,2026-08-17,7.75,7.35,78.48,51.22,4.44,3.48
P014,2026-08-18,7.73,7.42,78.12,51.57,4.4,3.5
P014,2026-08-19,7.57,7.48,75.8,53.02,4.08,3.42
P014,2026-08-20,7.4,7.54,73.35,54.52,3.75,3.34
P014,2026-08-21,7.35,7.57,72.68,55.0,3.68,3.36
P014,2026-08-22,7.47,7.6,74.35,54.14,3.93,3.5
P014,2026-08-23,7.64,7.61,77.09,52.65,4.33,3.71
P014,2026-08-24,7.76,7.59,78.82,51.71,4.59,3.86
P014,2026-08-25,7.71,7.57,78.19,52.07,4.52,3.89
P014,2026-08-26,7.52,7.52,75.57,53.52,4.17,3.82
P014,2026-08-27,7.32,7.47,72.83,55.04,3.8,3.74
P014,2026-08-28,7.25,7.4,71.89,55.51,3.69,3.75
P014,2026-08-29,7.33,7.33,73.29,54.65,3.91,3.89
P014,2026-08-30,7.49,7.25,75.81,53.15,4.28,4.09
P014,2026-08-31,7.58,7.15,77.35,52.19,4.51,4.24
P014,2026-09-01,7.52,7.07,76.57,52.54,4.42,4.26
P014,2026-09-02,7.32,6.98,73.85,53.98,4.06,4.18
P014,2026-09-03,7.12,6.91,71.07,55.47,3.68,4.09
P014,2026-09-04,6.98,6.73,69.49,56.32,3.62,4.23
P014,2026-09-05,7.0,6.57,70.3,55.83,3.9,4.49
P014,2026-09-06,7.11,6.43,72.29,54.71,4.34,4.82
P014,2026-09-07,7.15,6.29,73.35,54.12,4.65,5.08
P014,2026-09-08,7.04,6.18,72.14,54.84,4.64,5.22
P014,2026-09-09,6.8,6.07,69.03,56.65,4.36,5.26
P014,2026-09-10,6.56,5.99,65.89,58.49,4.07,5.28
P014,2026-09-11,6.58,6.13,65.95,58.5,3.93,5.13
P014,2026-09-12,6.78,6.29,68.42,57.17,4.12,5.1
P014,2026-09-13,7.05,6.45,72.05,55.2,4.47,5.12
P014,2026-09-14,7.27,6.63,74.76,53.76,4.7,5.09
P014,2026-09-15,7.32,6.83,75.16,53.64,4.59,4.94
P014,2026-09-16,7.25,7.01,73.65,54.59,4.22,4.67
P014,2026-09-17,7.16,7.21,72.06,55.58,3.83,4.4
P014,2026-09-18,7.15,7.29,71.63,55.94,3.76,4.36
P014,2026-09-19,7.28,7.38,73.57,54.96,4.01,4.44
P014,2026-09-20,7.5,7.45,76.62,53.34,4.43,4.57
P014,2026-09-21,7.65,7.52,78.69,52.27,4.7,4.65
P014,2026-09-22,7.63,7.58,78.4,52.49,4.64,4.61
P014,2026-09-23,7.48,7.61,76.14,53.79,4.3,4.45
P014,2026-09-24,7.31,7.64,73.75,55.14,3.94,4.29
P014,2026-09-25,7.28,7.64,73.16,55.45,3.84,4.22
P014,2026-09-26,7.39,7.63,74.9,54.42,4.06,4.28
P014,2026-09-27,7.59,7.6,77.72,52.77,4.43,4.39
P014,2026-09-28,7.71,7.57,79.55,51.64,4.67,4.45
P014,2026-09-29,7.67,7.51,79.02,51.82,4.57,4.38
P014,2026-09-30,7.49,7.45,76.53,53.08,4.19,4.21
P014,2026-10-01,7.31,7.38,73.93,54.39,3.8,4.03
P014,2026-10-02,7.25,7.3,73.14,54.66,3.66,3.94
P014,2026-10-03,7.36,7.22,74.72,53.61,3.86,3.98
P014,2026-10-04,7.53,7.14,77.43,51.92,4.21,4.07
P014,2026-10-05,7.65,7.07,79.18,50.76,4.43,4.12
P014,2026-10-06,7.61,7.0,78.63,50.92,4.32,4.03
P015,2026-04-10,7.98,8.39,76.41,52.29,3.67,1.54
P015,2026-04-11,8.13,8.33,78.63,50.94,3.98,1.64
P015,2026-04-12,8.3,8.27,81.15,49.41,4.32,1.76
P015,2026-04-13,8.35,8.2,81.97,48.82,4.43,1.79
P015,2026-04-14,8.23,8.11,80.36,49.59,4.2,1.7
P015,2026-04-15,8.02,8.03,77.4,51.11,3.79,1.55
P015,2026-04-16,7.86,7.94,75.18,52.23,3.47,1.43
P015,2026-04-17,7.86,7.86,75.22,52.08,3.48,1.44
P015,2026-04-18,8.0,7.78,77.33,50.77,3.78,1.56
P015,2026-04-19,8.09,7.61,79.12,49.69,4.19,1.85
P015,2026-04-20,8.08,7.45,79.28,49.56,4.37,2.04
P015,2026-04-21,7.9,7.3,77.06,50.78,4.21,2.11
P015,2026-04-22,7.63,7.17,73.54,52.75,3.88,2.12
P015,2026-04-23,7.41,7.05,70.8,54.32,3.65,2.17
P015,2026-04-24,7.36,6.94,70.36,54.62,3.75,2.34
P015,2026-04-25,7.45,6.86,72.02,53.76,4.15,2.63
P015,2026-04-26,7.7,7.0,75.36,51.93,4.47,2.66
P015,2026-04-27,7.85,7.15,77.07,51.04,4.58,2.61
P015,2026-04-28,7.83,7.31,76.41,51.5,4.34,2.43
P015,2026-04-29,7.72,7.48,74.44,52.72,3.93,2.18
P015,2026-04-30,7.66,7.66,73.23,53.52,3.62,1.98
P015,2026-05-01,7.76,7.85,74.28,53.06,3.63,1.9
P015,2026-05-02,8.0,8.04,77.4,51.44,3.94,1.93
P015,2026-05-03,8.19,8.12,80.18,50.05,4.34,2.12
P015,2026-05-04,8.27,8.19,81.28,49.59,4.52,2.22
P015,2026-05-05,8.18,8.26,79.95,50.48,4.35,2.2
P015,2026-05-06,8.0,8.32,77.26,52.13,3.99,2.11
P015,2026-05-07,7.87,8.37,75.28,53.36,3.74,2.05
P015,2026-05-08,7.88,8.4,75.52,53.33,3.79,2.12
P015,2026-05-09,8.03,8.41,77.78,52.13,4.14,2.3
P015,2026-05-10,8.2,8.41,80.32,50.75,4.52,2.5
P015,2026-05-11,8.26,8.39,81.15,50.3,4.66,2.6
P015,2026-05-12,8.14,8.36,79.54,51.21,4.46,2.59
P015,2026-05-13,7.93,8.31,76.56,52.86,4.07,2.5
P015,2026-05-14,7.76,8.25,74.29,54.09,3.78,2.44
P015,2026-05-15,7.75,8.18,74.25,54.06,3.8,2.51
P015,2026-05-16,7.88,8.09,76.26,52.86,4.11,2.69
P015,2026-05-17,8.03,8.01,78.57,51.47,4.46,2.88
P015,2026-05-18,8.06,7.92,79.23,51.01,4.58,2.99
P015,2026-05-19,7.93,7.83,77.48,51.91,4.36,2.96
P015,2026-05-20,7.71,7.74,74.42,53.54,3.95,2.86
P015,2026-05-21,7.54,7.66,72.12,54.76,3.65,2.8
P015,2026-05-22,7.53,7.59,72.11,54.7,3.67,2.86
P015,2026-05-23,7.67,7.54,74.21,53.47,3.99,3.02
P015,2026-05-24,7.83,7.5,76.67,52.06,4.35,3.2
P015,2026-05-25,7.89,7.47,77.52,51.57,4.49,3.29
P015,2026-05-26,7.78,7.46,76.02,52.43,4.29,3.24
P015,2026-05-27,7.59,7.46,73.24,54.03,3.91,3.13
P015,2026-05-28,7.45,7.49,71.25,55.21,3.64,3.04
P015,2026-05-29,7.47,7.53,71.56,55.11,3.7,3.08
P015,2026-05-30,7.64,7.58,73.99,53.84,4.04,3.22
P015,2026-05-31,7.84,7.64,76.78,52.38,4.44,3.38
P015,2026-06-01,7.86,7.61,77.28,52.25,4.66,3.58
P015,2026-06-02,7.71,7.59,75.41,53.46,4.55,3.65
P015,2026-06-03,7.48,7.57,72.22,55.41,4.25,3.64
P015,2026-06-04,7.29,7.56,69.78,56.94,4.06,3.67
P015,2026-06-05,7.26,7.54,69.6,57.2,4.18,3.82
P015,2026-06-06,7.38,7.51,71.49,56.28,4.59,4.07
P015,2026-06-07,7.51,7.48,73.68,55.17,5.04,4.34
P015,2026-06-08,7.67,7.64,75.5,54.19,5.13,4.24
P015,2026-06-09,7.65,7.79,74.9,54.55,4.89,4.01
P015,2026-06-10,7.54,7.93,72.94,55.65,4.45,3.7
P015,2026-06-11,7.48,8.05,71.68,56.33,4.1,3.43
P015,2026-06-12,7.57,8.15,72.64,55.74,4.07,3.28
P015,2026-06-13,7.8,8.24,75.63,53.97,4.33,3.23
P015,2026-06-14,8.05,8.31,78.91,52.01,4.62,3.2
P015,2026-06-15,8.11,8.26,79.84,51.39,4.74,3.22
P015,2026-06-16,8.01,8.2,78.33,52.11,4.51,3.1
P015,2026-06-17,7.81,8.13,75.48,53.57,4.09,2.91
P015,2026-06-18,7.66,8.06,73.35,54.61,3.77,2.76
P015,2026-06-19,7.66,7.98,73.47,54.38,3.77,2.73
P015,2026-06-20,7.81,7.89,75.66,52.98,4.06,2.8
P015,2026-06-21,7.98,7.81,78.18,51.4,4.39,2.89
P015,2026-06-22,8.03,7.74,79.05,50.74,4.5,2.89
P015,2026-06-23,7.93,7.67,77.55,51.44,4.26,2.76
P015,2026-06-24,7.73,7.61,74.74,52.88,3.85,2.56
P015,2026-06-25,7.6,7.57,72.72,53.9,3.54,2.4
P015,2026-06-26,7.61,7.54,72.98,53.65,3.55,2.35
P015,2026-06-27,7.78,7.52,75.37,52.24,3.86,2.42
P015,2026-06-28,7.97,7.52,78.12,50.64,4.22,2.5
P015,2026-06-29,8.06,7.54,79.25,49.98,4.35,2.5
P015,2026-06-30,7.98,7.58,78.02,50.67,4.15,2.37
P015,2026-07-01,7.74,7.52,74.86,52.5,3.83,2.3
P015,2026-07-02,7.7,7.69,73.76,53.14,3.5,2.0
P015,2026-07-03,7.55,7.46,72.37,54.07,3.72,2.37
P015,2026-07-04,7.67,7.44,74.35,53.06,4.12,2.57
P015,2026-07-05,7.82,7.42,76.68,51.86,4.57,2.79
P015,2026-07-06,8.25,8.02,81.2,49.26,4.44,2.13
P015,2026-07-07,7.72,7.4,75.6,52.71,4.66,2.94
P015,2026-07-08,7.49,7.38,72.51,54.56,5.35,2.89
P015,2026-07-09,7.32,7.36,70.14,56.0,5.14,2.87
P015,2026-07-10,7.96,8.34,76.44,52.27,4.68,1.65
P015,2026-07-11,8.14,8.4,78.98,50.9,5.01,1.73
P015,2026-07-12,8.34,8.44,81.79,49.35,5.39,1.84
P015,2026-07-13,8.42,8.47,82.9,48.74,5.53,1.87
P015,2026-07-14,8.26,8.38,80.89,49.89,5.39,1.9
P015,2026-07-15,8.01,8.27,77.51,51.79,5.05,1.87
P015,2026-07-16,7.8,8.14,74.82,53.28,3.82,1.88
P015,2026-07-17,7.74,8.0,74.33,53.51,3.9,2.01
P015,2026-07-18,7.82,7.84,75.87,52.59,4.26,2.26
P015,2026-07-19,7.92,7.67,77.7,51.48,4.67,2.53
P015,2026-07-20,7.9,7.49,77.83,51.32,4.84,2.71
P015,2026-07-21,7.85,7.51,76.86,51.72,4.55,2.5
P015,2026-07-22,7.7,7.53,74.53,52.87,4.08,2.22
P015,2026-07-23,7.61,7.55,72.95,53.61,3.71,1.98
P015,2026-07-24,7.67,7.57,73.61,53.09,3.66,1.87
P015,2026-07-25,7.87,7.59,76.36,51.41,3.9,1.87
P015,2026-07-26,8.1,7.63,79.44,49.55,4.2,1.89
P015,2026-07-27,8.22,7.67,80.89,48.64,4.26,1.83
P015,2026-07-28,8.1,7.63,79.3,49.48,4.05,1.78
P015,2026-07-29,7.9,7.59,76.42,51.08,3.66,1.66
P015,2026-07-30,7.75,7.58,74.31,52.27,3.37,1.59
P015,2026-07-31,7.76,7.58,74.5,52.2,3.42,1.63
P015,2026-08-01,7.92,7.59,76.8,50.96,3.75,1.79
P015,2026-08-02,8.1,7.63,79.46,49.55,4.15,1.97
P015,2026-08-03,8.17,7.67,80.49,49.08,4.31,2.07
P015,2026-08-04,8.08,7.73,79.15,49.96,4.14,2.04
P015,2026-08-05,7.91,7.8,76.5,51.6,3.78,1.94
P015,2026-08-06,7.78,7.88,74.61,52.82,3.53,1.88
P015,2026-08-07,7.81,7.96,74.99,52.78,3.61,1.95
P015,2026-08-08,7.98,8.04,77.43,51.57,3.97,2.12
P015,2026-08-09,8.17,8.12,80.2,50.19,4.38,2.32
P015,2026-08-10,8.25,8.2,81.29,49.74,4.55,2.42
P015,2026-08-11,8.16,8.27,79.95,50.64,4.39,2.4
P015,2026-08-12,7.98,8.32,77.26,52.29,4.03,2.31
P015,2026-08-13,7.84,8.37,75.28,53.53,3.77,2.26
P015,2026-08-14,7.86,8.4,75.51,53.5,3.83,2.33
P015,2026-08-15,8.01,8.42,77.77,52.3,4.17,2.51
P015,2026-08-16,8.18,8.41,80.31,50.92,4.56,2.71
P015,2026-08-17,8.23,8.4,81.15,50.47,4.7,2.81
P015,2026-08-18,8.12,8.36,79.54,51.37,4.5,2.79
P015,2026-08-19,7.9,8.32,76.57,53.02,4.11,2.7
P015,2026-08-20,7.74,8.25,74.31,54.24,3.81,2.65
P015,2026-08-21,7.73,8.18,74.28,54.2,3.83,2.71
P015,2026-08-22,7.86,8.1,76.29,52.99,4.14,2.88
P015,2026-08-23,8.01,8.01,78.63,51.59,4.49,3.07
P015,2026-08-24,8.04,7.92,79.29,51.12,4.61,3.16
P015,2026-08-25,7.91,7.83,77.56,51.99,4.39,3.13
P015,2026-08-26,7.63,7.65,73.86,54.01,4.04,3.16
P015,2026-08-27,7.39,7.46,70.92,55.61,3.8,3.22
P015,2026-08-28,7.32,7.29,70.27,55.93,3.88,3.41
P015,2026-08-29,7.39,7.13,71.73,55.08,4.25,3.69
P015,2026-08-30,7.48,6.99,73.56,54.05,4.67,4.0
P015,2026-08-31,7.47,6.86,73.77,53.94,4.86,4.21
P015,2026-09-01,7.3,6.74,71.63,55.18,4.72,4.29
P015,2026-09-02,7.18,6.85,69.53,56.35,4.28,4.02
P015,2026-09-03,7.11,6.98,68.23,57.1,3.95,3.79
P015,2026-09-04,7.21,7.13,69.23,56.58,3.94,3.68
P015,2026-09-05,7.45,7.28,72.34,54.88,4.23,3.67
P015,2026-09-06,7.72,7.45,75.82,52.99,4.56,3.67
P015,2026-09-07,7.81,7.53,77.02,52.43,4.72,3.72
P015,2026-09-08,7.87,7.82,77.14,52.42,4.43,3.37
P015,2026-09-09,7.5,7.6,72.71,55.12,4.24,3.61
P015,2026-09-10,7.32,7.59,70.32,56.61,4.04,3.62
P015,2026-09-11,7.3,7.57,70.18,56.83,4.16,3.75
P015,2026-09-12,7.82,8.16,75.97,53.53,4.22,3.19
P015,2026-09-13,7.56,7.52,74.34,54.73,5.01,4.24
P015,2026-09-14,7.58,7.48,74.89,54.51,5.22,4.4
P015,2026-09-15,7.43,7.43,73.01,55.64,5.09,4.42
P015,2026-09-16,7.86,8.37,76.21,53.6,4.19,3.04
P015,2026-09-17,7.73,8.39,74.31,54.66,3.91,2.9
P015,2026-09-18,7.76,8.39,74.64,54.44,3.93,2.87
P015,2026-09-19,7.92,8.37,76.99,53.06,4.24,2.95
P015,2026-09-20,8.1,8.34,79.63,51.48,4.6,3.05
P015,2026-09-21,8.16,8.29,80.58,50.84,4.71,3.05
P015,2026-09-22,8.06,8.24,79.09,51.55,4.48,2.93
P015,2026-09-23,7.86,8.17,76.25,53.0,5.06,2.73
P015,2026-09-24,7.71,8.09,74.14,54.02,4.74,2.57
P015,2026-09-25,7.72,8.01,74.27,53.78,4.74,2.53
P015,2026-09-26,7.87,7.93,76.47,52.37,5.03,2.6
P015,2026-09-27,8.04,7.85,78.99,50.78,5.36,2.69
P015,2026-09-28,8.1,7.77,79.87,50.12,5.46,2.68
P015,2026-09-29,7.99,7.71,78.37,50.81,5.23,2.55
P015,2026-09-30,7.8,7.65,75.57,52.24,4.81,2.35
P015,2026-10-01,7.66,7.6,73.55,53.26,3.5,2.18
P015,2026-10-02,7.68,7.57,73.82,53.02,3.51,2.14
P015,2026-10-03,7.84,7.56,76.19,51.6,3.82,2.21
P015,2026-10-04,8.03,7.56,78.94,50.01,4.18,2.29
P015,2026-10-05,8.12,7.58,80.06,49.36,4.32,2.29
P015,2026-10-06,8.04,7.61,78.83,50.06,4.12,2.17
P016,2026-04-10,7.83,7.72,76.8,50.84,2.41,1.66
P016,2026-04-11,7.92,7.54,78.61,49.74,2.82,1.96
P016,2026-04-12,7.98,7.37,79.93,48.94,3.17,2.23
P016,2026-04-13,7.9,7.21,79.12,49.37,3.22,2.39
P016,2026-04-14,7.67,7.06,76.15,51.02,2.97,2.43
P016,2026-04-15,7.4,6.93,72.66,53.0,2.64,2.45
P016,2026-04-16,7.24,6.82,70.68,54.15,2.53,2.55
P016,2026-04-17,7.38,6.93,72.48,53.15,2.64,2.51
P016,2026-04-18,7.63,7.05,75.83,51.3,2.98,2.56
P016,2026-04-19,7.86,7.19,78.71,49.74,3.25,2.58
P016,2026-04-20,7.93,7.35,79.46,49.4,3.22,2.48
P016,2026-04-21,7.86,7.51,78.05,50.3,2.89,2.28
P016,2026-04-22,7.75,7.69,76.11,51.51,2.48,2.04
P016,2026-04-23,7.75,7.87,75.66,51.9,2.28,1.89
P016,2026-04-24,7.84,7.95,76.97,51.33,2.49,2.0
P016,2026-04-25,8.04,8.03,79.8,49.91,2.9,2.2
P016,2026-04-26,8.2,8.11,82.11,48.78,3.25,2.37
P016,2026-04-27,8.21,8.19,82.24,48.87,3.29,2.42
P016,2026-04-28,8.07,8.25,80.16,50.18,3.02,2.36
P016,2026-04-29,7.89,8.31,77.49,51.81,2.67,2.27
P016,2026-04-30,7.81,8.35,76.28,52.61,2.52,2.27
P016,2026-05-01,7.88,8.37,77.43,52.06,2.71,2.39
P016,2026-05-02,8.06,8.39,80.06,50.64,3.1,2.59
P016,2026-05-03,8.2,8.38,82.13,49.52,3.42,2.76
P016,2026-05-04,8.19,8.36,82.0,49.61,3.42,2.81
P016,2026-05-05,8.02,8.32,79.65,50.92,3.12,2.75
P016,2026-05-06,7.81,8.27,76.7,52.55,2.73,2.66
P016,2026-05-07,7.7,8.2,75.21,53.34,2.55,2.65
P016,2026-05-08,7.75,8.12,76.1,52.77,2.7,2.76
P016,2026-05-09,7.9,8.04,78.49,51.34,3.06,2.96
P016,2026-05-10,8.02,7.95,80.36,50.2,3.35,3.12
P016,2026-05-11,7.99,7.86,80.07,50.27,3.33,3.16
P016,2026-05-12,7.81,7.77,77.61,51.56,3.01,3.09
P016,2026-05-13,7.6,7.69,74.61,53.16,2.61,2.99
P016,2026-05-14,7.48,7.62,73.11,53.92,2.42,2.96
P016,2026-05-15,7.54,7.55,74.06,53.32,2.57,3.05
P016,2026-05-16,7.71,7.5,76.57,51.86,2.93,3.23
P016,2026-05-17,7.84,7.46,78.61,50.68,3.24,3.37
P016,2026-05-18,7.83,7.44,78.54,50.71,3.24,3.4
P016,2026-05-19,7.68,7.43,76.33,51.96,2.94,3.3
P016,2026-05-20,7.49,7.45,73.62,53.52,2.56,3.18
P016,2026-05-21,7.42,7.47,72.45,54.23,2.4,3.12
P016,2026-05-22,7.51,7.52,73.73,53.59,2.58,3.2
P016,2026-05-23,7.64,7.47,75.91,52.48,3.04,3.48
P016,2026-05-24,7.74,7.44,77.62,51.65,3.43,3.74
P016,2026-05-25,7.69,7.41,77.2,52.03,3.52,3.87
P016,2026-05-26,7.5,7.39,74.62,53.63,3.3,3.89
P016,2026-05-27,7.27,7.37,71.5,55.54,3.01,3.87
P016,2026-05-28,7.14,7.36,69.86,56.61,2.92,3.93
P016,2026-05-29,7.18,7.34,70.64,56.31,3.17,4.12
P016,2026-05-30,7.46,7.52,74.24,54.35,3.51,4.1
P016,2026-05-31,7.7,7.69,77.32,52.68,3.78,4.06
P016,2026-06-01,7.79,7.85,78.2,52.21,3.74,3.9
P016,2026-06-02,7.73,8.0,76.88,52.96,3.38,3.62
P016,2026-06-03,7.62,8.13,74.96,54.02,2.95,3.3
P016,2026-06-04,7.62,8.24,74.49,54.24,2.71,3.06
P016,2026-06-05,7.77,8.34,76.39,53.1,2.81,2.95
P016,2026-06-06,7.96,8.32,79.11,51.5,3.17,3.05
P016,2026-06-07,8.11,8.29,81.28,50.19,3.46,3.12
P016,2026-06-08,8.11,8.24,81.26,50.08,3.44,3.08
P016,2026-06-09,7.95,8.18,79.03,51.2,3.1,2.92
P016,2026-06-10,7.76,8.1,76.22,52.63,2.69,2.72
P016,2026-06-11,7.66,8.03,74.88,53.22,2.48,2.6
P016,2026-06-12,7.73,7.95,75.94,52.45,2.61,2.61
P016,2026-06-13,7.9,7.86,78.52,50.83,2.95,2.7
P016,2026-06-14,8.04,7.78,80.59,49.49,3.22,2.76
P016,2026-06-15,8.04,7.71,80.52,49.37,3.19,2.71
P016,2026-06-16,7.88,7.64,78.3,50.47,2.85,2.54
P016,2026-06-17,7.69,7.59,75.54,51.89,2.44,2.34
P016,2026-06-18,7.6,7.55,74.3,52.47,2.24,2.22
P016,2026-06-19,7.69,7.52,75.52,51.7,2.39,2.22
P016,2026-06-20,7.88,7.51,78.29,50.07,2.75,2.31
P016,2026-06-21,8.04,7.52,80.59,48.74,3.05,2.37
P016,2026-06-22,8.06,7.54,80.78,48.62,3.05,2.32
P016,2026-06-23,7.93,7.58,78.82,49.73,2.75,2.15
P016,2026-06-24,7.77,7.63,76.34,51.16,2.38,1.96
P016,2026-06-25,7.71,7.7,75.37,51.75,2.22,1.84
P016,2026-06-26,7.82,7.77,76.84,51.0,2.4,1.86
P016,2026-06-27,8.04,7.86,79.84,49.39,2.8,1.96
P016,2026-06-28,8.22,7.94,82.34,48.08,3.12,2.03
P016,2026-06-29,8.25,8.03,82.68,47.99,3.15,1.99
P016,2026-06-30,8.14,8.12,80.83,49.13,2.87,1.84
P016,2026-07-01,7.98,8.2,78.4,50.59,2.51,1.67
P016,2026-07-02,7.92,8.28,77.42,51.22,2.35,1.57
P016,2026-07-03,8.02,8.34,78.83,50.5,2.54,1.6
P016,2026-07-04,8.23,8.4,81.71,48.94,2.93,1.72
P016,2026-07-05,8.32,8.33,83.38,48.07,3.3,1.96
P016,2026-07-06,8.27,8.25,82.84,48.42,3.37,2.08
P016,2026-07-07,8.05,8.15,80.06,50.0,3.12,2.08
P016,2026-07-08,7.8,8.03,76.68,51.91,2.8,2.07
P016,2026-07-09,7.64,7.9,74.72,52.99,2.67,2.13
P016,2026-07-10,7.64,7.75,75.13,52.72,2.88,2.33
P016,2026-07-11,7.74,7.59,77.02,51.6,3.3,2.61
P016,2026-07-12,7.94,7.63,79.68,49.98,3.53,2.59
P016,2026-07-13,7.99,7.65,80.14,49.58,3.45,2.47
P016,2026-07-14,7.88,7.67,78.4,50.41,3.06,2.23
P016,2026-07-15,7.74,7.69,76.09,51.57,2.59,1.96
P016,2026-07-16,7.7,7.71,75.25,51.89,2.34,1.78
P016,2026-07-17,7.82,7.72,76.83,50.87,2.42,1.73
P016,2026-07-18,8.05,7.75,79.94,49.0,2.72,1.76
P016,2026-07-19,8.18,7.68,81.89,47.83,3.01,1.91
P016,2026-07-20,8.16,7.63,81.71,47.87,3.0,1.95
P016,2026-07-21,7.99,7.58,79.38,49.15,2.69,1.87
P016,2026-07-22,7.79,7.55,76.52,50.75,2.31,1.76
P016,2026-07-23,7.69,7.54,75.19,51.52,2.14,1.74
P016,2026-07-24,7.77,7.55,76.3,50.94,2.32,1.84
P016,2026-07-25,7.95,7.57,78.98,49.51,2.71,2.03
P016,2026-07-26,8.1,7.6,81.17,48.37,3.04,2.2
P016,2026-07-27,8.11,7.65,81.25,48.45,3.07,2.25
P016,2026-07-28,7.97,7.71,79.17,49.76,2.8,2.19
P016,2026-07-29,7.79,7.78,76.55,51.38,2.45,2.1
P016,2026-07-30,7.71,7.86,75.43,52.18,2.32,2.08
P016,2026-07-31,7.81,7.94,76.73,51.62,2.52,2.2
P016,2026-08-01,8.0,8.02,79.55,50.21,2.94,2.4
P016,2026-08-02,8.17,8.1,81.85,49.08,3.29,2.57
P016,2026-08-03,8.18,8.18,81.98,49.17,3.33,2.63
P016,2026-08-04,8.04,8.24,79.9,50.49,3.06,2.57
P016,2026-08-05,7.85,8.3,77.24,52.12,2.7,2.49
P016,2026-08-06,7.77,8.34,76.02,52.92,2.56,2.48
P016,2026-08-07,7.85,8.37,77.18,52.36,2.74,2.59
P016,2026-08-08,8.03,8.38,79.81,50.94,3.14,2.79
P016,2026-08-09,8.17,8.37,81.89,49.81,3.45,2.96
P016,2026-08-10,8.15,8.35,81.77,49.89,3.46,3.01
P016,2026-08-11,7.99,8.31,79.43,51.2,3.15,2.95
P016,2026-08-12,7.78,8.26,76.5,52.81,2.77,2.85
P016,2026-08-13,7.67,8.2,75.02,53.59,2.58,2.83
P016,2026-08-14,7.72,8.12,75.92,53.01,2.73,2.93
P016,2026-08-15,7.88,8.04,78.33,51.56,3.09,3.12
P016,2026-08-16,8.0,7.95,80.22,50.4,3.38,3.27
P016,2026-08-17,7.9,7.76,79.3,50.85,3.42,3.44
P016,2026-08-18,7.65,7.57,76.19,52.52,3.15,3.5
P016,2026-08-19,7.37,7.38,72.55,54.5,2.8,3.52
P016,2026-08-20,7.2,7.2,70.42,55.64,2.67,3.62
P016,2026-08-21,7.19,7.03,70.73,55.42,2.88,3.84
P016,2026-08-22,7.29,6.88,72.61,54.33,3.3,4.13
P016,2026-08-23,7.36,6.74,74.01,53.53,3.66,4.4
P016,2026-08-24,7.42,6.82,74.63,53.13,3.6,4.28
P016,2026-08-25,7.34,6.92,73.11,53.95,3.24,4.03
P016,2026-08-26,7.22,7.04,71.09,55.08,2.8,3.75
P016,2026-08-27,7.21,7.17,70.6,55.37,2.58,3.55
P016,2026-08-28,7.38,7.32,72.56,54.3,2.7,3.47
P016,2026-08-29,7.65,7.48,76.1,52.36,3.04,3.47
P016,2026-08-30,7.89,7.65,79.15,50.71,3.31,3.44
P016,2026-08-31,7.91,7.73,79.42,50.66,3.34,3.42
P016,2026-09-01,7.79,7.82,77.53,51.83,3.06,3.29
P016,2026-09-02,7.63,7.9,75.09,53.32,2.7,3.12
P016,2026-09-03,7.58,7.99,74.14,53.96,2.55,3.03
P016,2026-09-04,7.68,8.08,75.6,53.24,2.74,3.07
P016,2026-09-05,7.9,8.15,78.57,51.65,3.14,3.18
P016,2026-09-06,8.07,8.22,81.01,50.36,3.46,3.26
P016,2026-09-07,8.1,8.28,81.26,50.27,3.48,3.22
P016,2026-09-08,7.97,8.33,79.3,51.4,3.18,3.07
P016,2026-09-09,7.8,8.35,76.74,52.84,2.8,2.88
P016,2026-09-10,7.73,8.37,75.63,53.44,2.62,2.77
P016,2026-09-11,7.81,8.36,76.89,52.69,2.78,2.78
P016,2026-09-12,8.0,8.34,79.63,51.07,3.14,2.87
P016,2026-09-13,8.16,8.31,81.81,49.74,3.43,2.94
P016,2026-09-14,8.15,8.26,81.81,49.62,3.4,2.89
P016,2026-09-15,8.0,8.2,79.59,50.73,3.07,2.72
P016,2026-09-16,7.8,8.13,76.79,52.15,2.65,2.52
P016,2026-09-17,7.71,8.05,75.45,52.73,2.44,2.4
P016,2026-09-18,7.78,7.97,76.52,51.96,2.57,2.41
P016,2026-09-19,7.95,7.89,79.1,50.33,2.91,2.49
P016,2026-09-20,8.09,7.81,81.18,48.99,3.18,2.55
P016,2026-09-21,8.09,7.73,81.11,48.87,3.15,2.5
P016,2026-09-22,7.93,7.67,78.88,49.97,2.81,2.33
P016,2026-09-23,7.74,7.61,76.12,51.39,2.4,2.13
P016,2026-09-24,7.65,7.57,74.88,51.98,2.21,2.01
P016,2026-09-25,7.74,7.55,76.08,51.22,2.35,2.02
P016,2026-09-26,7.93,7.53,78.85,49.6,2.72,2.11
P016,2026-09-27,8.09,7.54,81.14,48.27,3.02,2.18
P016,2026-09-28,8.11,7.56,81.31,48.17,3.02,2.13
P016,2026-09-29,7.91,7.5,78.68,49.69,2.78,2.11
P016,2026-09-30,7.68,7.44,75.52,51.54,2.46,2.06
P016,2026-10-01,7.55,7.4,73.88,52.55,2.36,2.09
P016,2026-10-02,7.59,7.38,74.66,52.21,2.61,2.25
P016,2026-10-03,7.73,7.35,76.99,51.03,3.06,2.5
P016,2026-10-04,7.85,7.34,78.81,50.14,3.45,2.72
P016,2026-10-05,7.81,7.32,78.46,50.47,3.54,2.83
P016,2026-10-06,7.76,7.51,77.25,51.23,3.2,2.55
P017,2026-04-10,7.24,6.53,74.21,52.71,4.0,3.62
P017,2026-04-11,7.5,6.65,77.54,50.88,4.35,3.68
P017,2026-04-12,7.67,6.79,79.62,49.78,4.52,3.66
P017,2026-04-13,7.68,6.95,79.34,50.04,4.36,3.53
P017,2026-04-14,7.57,7.11,77.39,51.25,3.96,3.3
P017,2026-04-15,7.41,7.19,75.07,52.71,3.67,3.23
P017,2026-04-16,7.4,7.26,74.81,53.03,3.66,3.27
P017,2026-04-17,7.54,7.33,76.83,52.06,3.98,3.43
P017,2026-04-18,7.74,7.42,79.63,50.66,4.4,3.63
P017,2026-04-19,7.85,7.49,81.14,49.98,4.65,3.77
P017,2026-04-20,7.79,7.56,80.24,50.65,4.55,3.77
P017,2026-04-21,7.62,7.62,77.61,52.27,4.22,3.69
P017,2026-04-22,7.45,7.67,75.23,53.74,3.91,3.62
P017,2026-04-23,7.42,7.7,74.86,54.06,3.9,3.66
P017,2026-04-24,7.56,7.72,76.72,53.09,4.19,3.82
P017,2026-04-25,7.73,7.72,79.33,51.68,4.59,4.02
P017,2026-04-26,7.82,7.7,80.6,51.0,4.81,4.15
P017,2026-04-27,7.74,7.68,79.45,51.66,4.68,4.15
P017,2026-04-28,7.53,7.63,76.55,53.27,4.3,4.06
P017,2026-04-29,7.35,7.57,73.9,54.72,3.97,3.99
P017,2026-04-30,7.29,7.5,73.26,55.02,3.91,4.02
P017,2026-05-01,7.39,7.42,74.87,54.03,4.17,4.17
P017,2026-05-02,7.56,7.33,77.26,52.6,4.54,4.35
P017,2026-05-03,7.62,7.24,78.36,51.87,4.72,4.47
P017,2026-05-04,7.53,7.15,77.07,52.5,4.57,4.45
P017,2026-05-05,7.31,7.05,74.08,54.08,4.18,4.35
P017,2026-05-06,7.12,6.98,71.4,55.49,3.83,4.25
P017,2026-05-07,7.08,6.9,70.79,55.75,3.77,4.26
P017,2026-05-08,7.18,6.83,72.49,54.73,4.03,4.39
P017,2026-05-09,7.35,6.78,75.02,53.25,4.4,4.55
P017,2026-05-10,7.44,6.75,76.31,52.49,4.6,4.65
P017,2026-05-11,7.37,6.72,75.25,53.08,4.47,4.61
P017,2026-05-12,7.19,6.73,72.53,54.61,4.1,4.48
P017,2026-05-13,7.02,6.74,70.15,55.97,3.78,4.36
P017,2026-05-14,6.94,6.66,69.21,56.59,3.81,4.48
P017,2026-05-15,7.02,6.61,70.59,55.91,4.16,4.71
P017,2026-05-16,7.15,6.56,72.79,54.79,4.62,4.99
P017,2026-05-17,7.21,6.52,73.74,54.38,4.91,5.19
P017,2026-05-18,7.09,6.5,72.33,55.31,4.86,5.27
P017,2026-05-19,6.87,6.48,69.24,57.2,4.58,5.25
P017,2026-05-20,6.67,6.46,66.43,58.91,4.33,5.24
P017,2026-05-21,6.73,6.65,67.0,58.68,4.25,5.06
P017,2026-05-22,6.96,6.83,69.83,57.15,4.49,5.0
P017,2026-05-23,7.25,7.01,73.44,55.18,4.84,4.98
P017,2026-05-24,7.43,7.17,75.74,53.93,5.0,4.88
P017,2026-05-25,7.46,7.32,75.6,54.01,4.83,4.66
P017,2026-05-26,7.29,7.37,73.1,55.44,4.46,4.48
P017,2026-05-27,7.14,7.39,70.84,56.71,4.13,4.31
P017,2026-05-28,7.07,7.29,69.93,57.23,4.14,4.38
P017,2026-05-29,7.4,7.59,73.82,54.89,4.23,4.03
P017,2026-05-30,7.25,7.05,73.31,55.24,4.89,4.8
P017,2026-05-31,7.29,6.9,74.06,54.75,5.13,4.96
P017,2026-06-01,7.15,6.75,72.37,55.6,5.03,4.99
P017,2026-06-02,7.43,7.39,74.11,54.28,4.22,3.86
P017,2026-06-03,6.65,6.4,65.8,59.05,4.37,4.88
P017,2026-06-04,6.55,6.22,64.67,59.55,4.35,4.95
P017,2026-06-05,7.34,7.15,72.9,54.46,4.01,3.66
P017,2026-06-06,7.51,7.06,75.47,52.84,4.36,3.75
P017,2026-06-07,7.61,6.98,76.75,51.95,4.53,3.77
P017,2026-06-08,7.53,6.9,75.66,52.4,5.37,3.67
P017,2026-06-09,7.34,6.83,72.9,53.81,4.97,3.47
P017,2026-06-10,7.17,6.79,70.45,55.06,4.61,3.29
P017,2026-06-11,7.15,6.74,70.07,55.17,4.54,3.22
P017,2026-06-12,7.28,6.71,72.01,54.0,4.8,3.27
P017,2026-06-13,7.48,6.71,74.77,52.39,5.18,3.37
P017,2026-06-14,7.59,6.71,76.29,51.51,5.38,3.4
P017,2026-06-15,7.54,6.73,75.45,51.98,5.25,3.3
P017,2026-06-16,7.37,6.78,72.95,53.41,3.88,3.11
P017,2026-06-17,7.23,6.83,70.76,54.68,3.56,2.95
P017,2026-06-18,7.24,6.89,70.64,54.81,3.53,2.89
P017,2026-06-19,7.39,6.97,72.81,53.67,3.83,2.96
P017,2026-06-20,7.6,7.05,75.78,52.09,4.24,3.07
P017,2026-06-21,7.74,7.13,77.47,51.24,4.47,3.11
P017,2026-06-22,7.7,7.22,76.76,51.74,4.36,3.03
P017,2026-06-23,7.55,7.3,74.35,53.21,4.01,2.87
P017,2026-06-24,7.4,7.38,72.19,54.53,3.71,2.72
P017,2026-06-25,7.4,7.45,72.04,54.7,3.68,2.69
P017,2026-06-26,7.49,7.4,73.47,54.0,4.04,2.91
P017,2026-06-27,7.62,7.34,75.65,52.87,4.5,3.18
P017,2026-06-28,7.66,7.27,76.49,52.47,4.77,3.39
P017,2026-06-29,7.53,7.17,74.88,53.42,4.7,3.47
P017,2026-06-30,7.27,7.07,71.53,55.34,4.39,3.47
P017,2026-07-01,7.04,6.94,68.4,57.1,4.12,3.48
P017,2026-07-02,6.94,6.8,67.26,57.73,4.12,3.61
P017,2026-07-03,7.12,6.86,69.67,56.28,4.33,3.59
P017,2026-07-04,7.36,6.89,72.82,54.39,4.64,3.61
P017,2026-07-05,7.5,6.92,74.66,53.24,4.77,3.57
P017,2026-07-06,7.48,6.94,74.07,53.44,4.56,3.41
P017,2026-07-07,7.33,6.95,71.76,54.6,4.1,3.16
P017,2026-07-08,7.21,6.96,69.72,55.62,3.69,2.92
P017,2026-07-09,7.23,6.98,69.72,55.48,3.57,2.8
P017,2026-07-10,7.33,6.89,71.33,54.48,3.82,2.94
P017,2026-07-11,7.48,6.81,73.75,53.04,4.19,3.13
P017,2026-07-12,7.56,6.74,74.91,52.33,4.39,3.24
P017,2026-07-13,7.47,6.68,73.69,52.97,4.25,3.24
P017,2026-07-14,7.27,6.64,70.81,54.58,3.87,3.14
P017,2026-07-15,7.09,6.62,68.23,56.03,3.54,3.07
P017,2026-07-16,7.05,6.6,67.75,56.33,3.51,3.1
P017,2026-07-17,7.18,6.6,69.58,55.36,3.8,3.25
P017,2026-07-18,7.36,6.63,72.24,53.95,4.21,3.45
P017,2026-07-19,7.46,6.66,73.65,53.26,4.44,3.59
P017,2026-07-20,7.4,6.71,72.7,53.93,4.33,3.59
P017,2026-07-21,7.22,6.77,70.08,55.55,4.0,3.51
P017,2026-07-22,7.07,6.84,67.75,57.02,3.7,3.44
P017,2026-07-23,7.05,6.91,67.49,57.34,3.7,3.48
P017,2026-07-24,7.19,7.0,69.51,56.38,4.01,3.64
P017,2026-07-25,7.4,7.07,72.32,54.97,4.44,3.84
P017,2026-07-26,7.5,7.15,73.83,54.29,4.68,3.98
P017,2026-07-27,7.45,7.22,72.93,54.96,4.59,3.98
P017,2026-07-28,7.27,7.28,70.29,56.58,4.25,3.9
P017,2026-07-29,7.1,7.33,67.92,58.04,3.95,3.83
P017,2026-07-30,7.09,7.36,67.56,58.35,3.93,3.86
P017,2026-07-31,7.21,7.38,69.43,57.37,4.23,4.02
P017,2026-08-01,7.39,7.39,72.05,55.95,4.63,4.21
P017,2026-08-02,7.48,7.37,73.34,55.25,4.84,4.34
P017,2026-08-03,7.4,7.34,72.2,55.89,4.71,4.33
P017,2026-08-04,7.2,7.3,69.32,57.49,4.33,4.23
P017,2026-08-05,7.01,7.24,66.69,58.92,3.99,4.15
P017,2026-08-06,6.96,7.16,66.07,59.2,3.94,4.17
P017,2026-08-07,7.07,7.09,67.71,58.2,4.19,4.3
P017,2026-08-08,7.16,6.9,69.46,57.14,4.62,4.62
P017,2026-08-09,7.15,6.7,69.92,56.81,4.86,4.86
P017,2026-08-10,6.93,6.41,67.34,58.2,4.82,5.1
P017,2026-08-11,6.58,6.11,63.08,60.55,4.55,5.25
P017,2026-08-12,6.26,5.82,59.12,62.73,4.31,5.41
P017,2026-08-13,6.35,5.95,59.81,62.19,4.13,5.15
P017,2026-08-14,6.06,5.28,57.65,63.5,4.74,6.06
P017,2026-08-15,6.24,5.22,60.22,61.98,5.11,6.21
P017,2026-08-16,6.32,5.2,61.55,61.19,5.3,6.29
P017,2026-08-17,6.79,5.99,65.69,58.61,4.71,5.16
P017,2026-08-18,6.08,5.18,57.87,63.23,4.79,6.08
P017,2026-08-19,5.92,5.2,55.54,64.56,4.47,5.95
P017,2026-08-20,6.65,6.34,62.38,60.43,3.8,4.44
P017,2026-08-21,6.86,6.49,65.1,58.93,4.03,4.4
P017,2026-08-22,7.06,6.55,68.0,57.38,4.43,4.52
P017,2026-08-23,7.19,6.62,69.62,56.55,4.66,4.57
P017,2026-08-24,7.15,6.7,68.89,57.06,4.55,4.5
P017,2026-08-25,7.0,6.79,66.49,58.51,4.21,4.33
P017,2026-08-26,6.86,6.87,64.37,59.81,4.9,4.17
P017,2026-08-27,6.86,6.95,64.3,59.95,4.88,4.12
P017,2026-08-28,7.03,7.04,66.49,58.8,5.17,4.18
P017,2026-08-29,7.24,7.11,69.46,57.21,5.58,4.28
P017,2026-08-30,7.36,7.18,71.12,56.34,5.8,4.32
P017,2026-08-31,7.33,7.22,70.35,56.81,5.68,4.22
P017,2026-09-01,7.16,7.26,67.85,58.23,5.31,4.03
P017,2026-09-02,7.02,7.29,65.6,59.5,4.98,3.86
P017,2026-09-03,7.0,7.29,65.34,59.61,3.93,3.79
P017,2026-09-04,7.14,7.27,67.32,58.44,4.19,3.84
P017,2026-09-05,7.33,7.25,70.03,56.82,4.56,3.93
P017,2026-09-06,7.43,7.21,71.42,55.93,4.75,3.96
P017,2026-09-07,7.36,7.15,70.39,56.38,4.59,3.85
P017,2026-09-08,7.17,7.09,67.62,57.79,4.19,3.65
P017,2026-09-09,6.99,7.01,65.12,59.04,3.82,3.47
P017,2026-09-10,6.96,6.92,64.64,59.14,3.74,3.4
P017,2026-09-11,7.08,6.85,66.42,57.97,3.98,3.45
P017,2026-09-12,7.25,6.76,68.99,56.35,4.33,3.54
P017,2026-09-13,7.35,6.67,70.27,55.46,4.5,3.56
P017,2026-09-14,7.27,6.6,69.18,55.91,4.33,3.46
P017,2026-09-15,7.08,6.53,66.41,57.33,3.93,3.27
P017,2026-09-16,6.91,6.47,63.95,58.59,3.57,3.1
P017,2026-09-17,6.88,6.44,63.55,58.71,3.51,3.03
P017,2026-09-18,7.02,6.41,65.47,57.55,3.77,3.09
P017,2026-09-19,7.21,6.4,68.22,55.96,4.15,3.19
P017,2026-09-20,7.24,6.3,69.06,55.49,4.41,3.37
P017,2026-09-21,7.13,6.22,67.54,56.38,4.34,3.41
P017,2026-09-22,6.89,6.15,64.36,58.23,4.03,3.37
P017,2026-09-23,6.69,6.1,61.49,59.92,3.77,3.35
P017,2026-09-24,6.61,6.06,60.69,60.48,3.8,3.44
P017,2026-09-25,6.7,6.03,62.18,59.76,4.16,3.66
P017,2026-09-26,6.85,6.01,64.47,58.6,4.63,3.92
P017,2026-09-27,7.04,6.19,66.8,57.38,4.8,3.84
P017,2026-09-28,7.07,6.38,66.73,57.5,4.64,3.64
P017,2026-09-29,6.98,6.57,64.94,58.6,4.24,3.35
P017,2026-09-30,6.9,6.75,63.41,59.54,3.87,3.08
P017,2026-10-01,6.97,6.91,63.89,59.34,3.79,2.92
P017,2026-10-02,7.19,7.08,66.62,57.86,4.03,2.89
P017,2026-10-03,7.45,7.22,70.08,55.96,4.38,2.9
P017,2026-10-04,7.56,7.26,71.56,55.18,4.6,2.98
P017,2026-10-05,7.49,7.27,70.58,55.76,4.47,2.94
P017,2026-10-06,7.31,7.26,67.86,57.3,4.11,2.82
P018,2026-04-10,7.49,7.34,72.38,54.76,4.15,3.25
P018,2026-04-11,7.67,7.42,76.61,53.46,4.54,3.44
P018,2026-04-12,7.72,7.5,77.67,53.24,4.65,3.52
P018,2026-04-13,7.61,7.57,74.86,54.33,4.44,3.49
P018,2026-04-14,7.42,7.63,70.35,55.99,4.08,3.39
P018,2026-04-15,7.31,7.68,67.6,57.03,3.87,3.36
P018,2026-04-16,7.36,7.71,68.71,56.75,3.98,3.44
P018,2026-04-17,7.52,7.73,72.84,55.42,4.35,3.63
P018,2026-04-18,7.69,7.73,76.87,54.11,4.71,3.81
P018,2026-04-19,7.72,7.72,77.71,53.87,4.8,3.89
P018,2026-04-20,7.58,7.69,74.64,54.94,4.55,3.84
P018,2026-04-21,7.37,7.64,69.88,56.57,4.15,3.73
P018,2026-04-22,7.23,7.59,66.87,57.59,3.9,3.68
P018,2026-04-23,7.25,7.52,67.73,57.28,3.98,3.75
P018,2026-04-24,7.4,7.44,71.63,55.92,4.31,3.92
P018,2026-04-25,7.54,7.35,75.46,54.57,4.64,4.08
P018,2026-04-26,7.55,7.27,76.14,54.29,4.7,4.14
P018,2026-04-27,7.4,7.18,72.96,55.33,4.42,4.07
P018,2026-04-28,7.19,7.1,68.13,56.92,4.01,3.94
P018,2026-04-29,7.05,7.02,65.11,57.9,3.75,3.87
P018,2026-04-30,7.07,6.95,66.02,57.54,3.82,3.92
P018,2026-05-01,7.23,6.89,70.03,56.13,4.16,4.06
P018,2026-05-02,7.39,6.85,74.01,54.74,4.49,4.2
P018,2026-05-03,7.42,6.83,74.89,54.41,4.57,4.23
P018,2026-05-04,7.3,6.82,71.97,55.39,4.31,4.14
P018,2026-05-05,7.04,6.72,66.77,57.34,3.98,4.12
P018,2026-05-06,6.86,6.64,63.4,58.66,3.81,4.16
P018,2026-05-07,6.85,6.57,63.98,58.66,3.97,4.32
P018,2026-05-08,6.98,6.52,67.66,57.6,4.4,4.57
P018,2026-05-09,7.1,6.49,71.32,56.56,4.83,4.82
P018,2026-05-10,7.1,6.46,71.87,56.58,4.98,4.96
P018,2026-05-11,6.94,6.44,68.58,57.92,4.82,4.98
P018,2026-05-12,6.84,6.63,64.96,59.01,4.39,4.66
P018,2026-05-13,6.82,6.83,63.13,59.49,4.12,4.4
P018,2026-05-14,6.97,7.02,65.2,58.64,4.17,4.27
P018,2026-05-15,7.24,7.2,70.32,56.74,4.49,4.22
P018,2026-05-16,7.51,7.38,75.36,54.86,4.79,4.18
P018,2026-05-17,7.64,7.55,77.23,54.04,4.83,4.03
P018,2026-05-18,7.61,7.7,75.21,54.54,4.53,3.75
P018,2026-05-19,7.44,7.74,70.82,56.0,4.14,3.55
P018,2026-05-20,7.34,7.76,68.18,56.85,3.9,3.41
P018,2026-05-21,7.39,7.77,69.4,56.37,3.98,3.4
P018,2026-05-22,7.58,7.75,73.63,54.84,4.32,3.48
P018,2026-05-23,7.75,7.73,77.76,53.33,4.65,3.56
P018,2026-05-24,7.79,7.68,78.71,52.89,4.71,3.53
P018,2026-05-25,7.66,7.63,75.75,53.77,4.43,3.38
P018,2026-05-26,7.46,7.56,71.11,55.22,4.0,3.18
P018,2026-05-27,7.34,7.49,68.23,56.05,3.73,3.03
P018,2026-05-28,7.37,7.41,69.23,55.56,3.78,3.01
P018,2026-05-29,7.54,7.33,73.28,54.03,4.1,3.09
P018,2026-05-30,7.7,7.25,77.28,52.52,4.41,3.16
P018,2026-05-31,7.73,7.17,78.13,52.08,4.45,3.14
P018,2026-06-01,7.6,7.1,75.14,52.97,4.17,2.99
P018,2026-06-02,7.4,7.04,70.5,54.42,3.75,2.79
P018,2026-06-03,7.28,7.0,67.68,55.27,3.49,2.65
P018,2026-06-04,7.33,6.96,68.79,54.79,3.56,2.64
P018,2026-06-05,7.51,6.95,73.0,53.28,3.9,2.72
P018,2026-06-06,7.68,6.94,77.19,51.79,4.24,2.81
P018,2026-06-07,7.74,6.96,78.26,51.38,4.31,2.8
P018,2026-06-08,7.63,6.99,75.51,52.29,4.07,2.67
P018,2026-06-09,7.46,7.04,71.13,53.77,3.68,2.48
P018,2026-06-10,7.37,7.1,68.56,54.65,3.46,2.36
P018,2026-06-11,7.44,7.17,69.92,54.21,3.57,2.36
P018,2026-06-12,7.64,7.25,74.35,52.73,3.94,2.47
P018,2026-06-13,7.83,7.33,78.73,51.28,4.32,2.58
P018,2026-06-14,7.9,7.42,79.96,50.91,4.42,2.59
P018,2026-06-15,7.81,7.51,77.32,51.86,4.2,2.47
P018,2026-06-16,7.64,7.59,73.0,53.39,3.83,2.31
P018,2026-06-17,7.48,7.57,69.79,54.71,3.68,2.35
P018,2026-06-18,7.48,7.53,70.43,54.72,3.85,2.51
P018,2026-06-19,7.6,7.48,74.1,53.69,4.28,2.78
P018,2026-06-20,7.71,7.42,77.66,52.69,4.7,3.05
P018,2026-06-21,7.69,7.35,78.02,52.77,4.85,3.22
P018,2026-06-22,7.5,7.25,74.47,54.17,4.67,3.28
P018,2026-06-23,7.24,7.15,69.21,56.15,4.34,3.28
P018,2026-06-24,7.18,7.23,66.99,56.72,4.04,3.07
P018,2026-06-25,7.28,7.29,68.63,55.98,4.06,2.99
P018,2026-06-26,7.51,7.34,73.28,54.19,4.34,3.01
P018,2026-06-27,7.73,7.38,77.82,52.44,4.62,3.03
P018,2026-06-28,7.81,7.41,79.19,51.77,4.62,2.95
P018,2026-06-29,7.73,7.43,76.66,52.41,4.29,2.75
P018,2026-06-30,7.57,7.45,72.46,53.63,3.82,2.5
P018,2026-07-01,7.43,7.36,69.37,54.65,3.56,2.45
P018,2026-07-02,7.44,7.27,70.17,54.35,3.63,2.53
P018,2026-07-03,7.59,7.19,74.05,53.01,3.97,2.71
P018,2026-07-04,7.73,7.12,77.88,51.69,4.3,2.89
P018,2026-07-05,7.74,7.05,78.59,51.45,4.37,2.96
P018,2026-07-06,7.6,7.0,75.46,52.53,4.12,2.92
P018,2026-07-07,7.39,6.97,70.7,54.19,3.72,2.82
P018,2026-07-08,7.26,6.95,67.77,55.23,3.49,2.79
P018,2026-07-09,7.3,6.94,68.78,54.95,3.59,2.88
P018,2026-07-10,7.46,6.96,72.89,53.63,3.96,3.07
P018,2026-07-11,7.63,6.99,76.97,52.33,4.33,3.25
P018,2026-07-12,7.67,7.03,77.94,52.11,4.44,3.34
P018,2026-07-13,7.56,7.09,75.09,53.21,4.22,3.3
P018,2026-07-14,7.37,7.15,70.6,54.87,3.86,3.21
P018,2026-07-15,7.27,7.23,67.92,55.92,3.66,3.18
P018,2026-07-16,7.32,7.31,69.15,55.64,3.79,3.27
P018,2026-07-17,7.38,7.19,72.16,55.1,4.3,3.73
P018,2026-07-18,7.49,7.17,75.74,54.19,4.74,4.04
P018,2026-07-19,7.48,7.15,76.17,54.35,4.92,4.26
P018,2026-07-20,7.63,7.62,75.94,53.87,4.47,3.68
P018,2026-07-21,7.05,7.08,67.58,57.86,4.46,4.39
P018,2026-07-22,6.87,7.02,64.2,59.29,4.3,4.48
P018,2026-07-23,6.85,6.96,64.68,59.39,5.47,4.69
P018,2026-07-24,7.55,7.79,73.98,54.91,5.38,3.8
P018,2026-07-25,7.05,6.78,71.59,57.49,6.32,5.31
P018,2026-07-26,7.75,7.78,78.88,53.33,5.82,4.04
P018,2026-07-27,7.61,7.75,75.84,54.38,5.57,3.98
P018,2026-07-28,7.41,7.7,71.1,55.99,5.17,3.86
P018,2026-07-29,7.27,7.65,68.11,56.99,4.92,3.8
P018,2026-07-30,7.22,7.47,68.33,57.05,5.06,4.0
P018,2026-07-31,7.3,7.29,71.6,56.07,4.45,4.29
P018,2026-08-01,7.38,7.11,74.8,55.1,4.83,4.58
P018,2026-08-02,7.33,6.92,74.84,55.2,4.94,4.76
P018,2026-08-03,7.11,6.73,71.03,56.6,4.73,4.81
P018,2026-08-04,6.83,6.54,65.57,58.57,4.37,4.81
P018,2026-08-05,6.63,6.36,61.91,59.92,4.17,4.86
P018,2026-08-06,6.72,6.4,63.51,59.14,4.18,4.75
P018,2026-08-07,6.95,6.45,68.2,57.3,4.45,4.75
P018,2026-08-08,7.18,6.51,72.87,55.48,4.73,4.73
P018,2026-08-09,7.28,6.59,74.44,54.73,4.74,4.62
P018,2026-08-10,7.23,6.68,72.2,55.28,4.42,4.37
P018,2026-08-11,7.12,6.79,68.35,56.4,3.97,4.07
P018,2026-08-12,7.08,6.92,66.33,56.9,3.68,3.82
P018,2026-08-13,7.14,6.96,67.59,56.47,3.78,3.83
P018,2026-08-14,7.33,7.01,71.96,54.98,4.15,3.93
P018,2026-08-15,7.53,7.08,76.31,53.52,4.51,4.03
P018,2026-08-16,7.6,7.16,77.54,53.12,4.61,4.02
P018,2026-08-17,7.5,7.24,74.93,54.03,4.38,3.89
P018,2026-08-18,7.35,7.33,70.67,55.51,4.01,3.7
P018,2026-08-19,7.26,7.42,68.2,56.37,3.8,3.57
P018,2026-08-20,7.34,7.51,69.63,55.9,3.91,3.56
P018,2026-08-21,7.55,7.59,74.11,54.38,4.28,3.65
P018,2026-08-22,7.75,7.67,78.51,52.88,4.64,3.73
P018,2026-08-23,7.81,7.74,79.73,52.45,4.74,3.71
P018,2026-08-24,7.71,7.79,77.06,53.34,4.49,3.56
P018,2026-08-25,7.54,7.82,72.69,54.79,4.1,3.36
P018,2026-08-26,7.44,7.85,70.06,55.62,3.86,3.21
P018,2026-08-27,7.5,7.85,71.28,55.14,3.95,3.19
P018,2026-08-28,7.68,7.84,75.52,53.6,4.29,3.27
P018,2026-08-29,7.86,7.81,79.66,52.09,4.61,3.35
P018,2026-08-30,7.9,7.77,80.61,51.65,4.67,3.32
P018,2026-08-31,7.77,7.72,77.66,52.53,4.39,3.17
P018,2026-09-01,7.57,7.65,73.01,53.98,3.97,2.97
P018,2026-09-02,7.45,7.58,70.13,54.82,3.69,2.82
P018,2026-09-03,7.48,7.5,71.12,54.33,3.75,2.8
P018,2026-09-04,7.64,7.41,75.17,52.8,4.06,2.88
P018,2026-09-05,7.8,7.33,79.15,51.3,4.38,2.96
P018,2026-09-06,7.83,7.26,79.99,50.88,4.42,2.95
P018,2026-09-07,7.7,7.19,76.99,51.77,4.14,2.8
P018,2026-09-08,7.5,7.13,72.34,53.24,3.72,2.61
P018,2026-09-09,7.38,7.08,69.51,54.1,3.46,2.48
P018,2026-09-10,7.43,7.05,70.6,53.64,3.53,2.47
P018,2026-09-11,7.53,6.92,74.13,52.55,3.93,2.71
P018,2026-09-12,7.64,6.82,77.63,51.48,4.33,2.94
P018,2026-09-13,7.62,6.73,78.02,51.48,4.47,3.08
P018,2026-09-14,7.45,6.65,74.59,52.82,4.28,3.09
P018,2026-09-15,7.21,6.59,69.52,54.72,3.96,3.05
P018,2026-09-16,7.04,6.55,66.28,56.03,3.79,3.08
P018,2026-09-17,6.91,6.31,65.65,56.79,4.08,3.5
P018,2026-09-18,7.11,6.39,70.08,55.33,4.46,3.62
P018,2026-09-19,7.3,6.48,74.45,53.89,4.83,3.73
P018,2026-09-20,7.7,7.08,78.89,51.58,4.65,3.09
P018,2026-09-21,7.27,6.66,73.02,54.51,4.71,3.65
P018,2026-09-22,7.11,6.75,68.69,56.05,4.35,3.5
P018,2026-09-23,7.01,6.82,66.12,57.0,4.14,3.41
P018,2026-09-24,7.68,7.81,73.2,53.1,3.73,2.25
P018,2026-09-25,7.2,6.85,71.07,55.6,4.68,3.73
P018,2026-09-26,8.04,7.9,81.7,50.32,4.48,2.54
P018,2026-09-27,8.09,7.93,82.7,50.02,4.57,2.59
P018,2026-09-28,7.96,7.94,79.78,51.05,4.33,2.52
P018,2026-09-29,7.77,7.93,75.15,52.65,3.94,2.4
P018,2026-09-30,7.64,7.91,72.25,53.65,3.7,2.34
P018,2026-10-01,7.67,7.87,73.2,53.33,3.79,2.41
P018,2026-10-02,7.82,7.82,77.17,51.97,4.13,2.57
P018,2026-10-03,7.97,7.75,81.03,50.64,4.46,2.74
P018,2026-10-04,7.98,7.68,81.71,50.39,4.53,2.82
P018,2026-10-05,7.83,7.59,78.51,51.46,4.26,2.77
P018,2026-10-06,7.61,7.51,73.63,53.1,3.85,2.66
